MonthlyCharges,tenure,gender_Male,InternetService_Fiber optic,InternetService_No,Contract_One year,Contract_Two year,PaymentMethod_Credit card (automatic),PaymentMethod_Electronic check,PaymentMethod_Mailed check,Partner,StreamingMovies,Dependents,MultipleLines,OnlineSecurity,OnlineBackup,DeviceProtection,TechSupport,StreamingTV,PaperlessBilling,Churn,PhoneService,SeniorCitizen
-1.1603229160349193,-1.2774445836787656,0.0,0.0,0.0,0.0,0.0,0.0,1.0,0.0,1,0,0,0,0,1,0,0,0,1,0,0,0
-0.2596289419448806,0.06632741908223598,1.0,0.0,0.0,1.0,0.0,0.0,0.0,1.0,0,0,0,0,1,0,1,0,0,0,0,1,0
-0.3626603559551803,-1.2367242199587352,1.0,0.0,0.0,0.0,0.0,0.0,0.0,1.0,0,0,0,0,1,1,0,0,0,1,1,1,0
-0.7465354629935549,0.5142514200025698,1.0,0.0,0.0,1.0,0.0,0.0,0.0,0.0,0,0,0,0,1,0,1,1,0,0,0,0,0
0.19736523310080326,-1.2367242199587352,0.0,1.0,0.0,0.0,0.0,0.0,1.0,0.0,0,0,0,0,0,0,0,0,0,1,1,1,0
1.1595456961969886,-0.9924020376385531,0.0,1.0,0.0,0.0,0.0,0.0,1.0,0.0,0,1,0,1,0,0,1,0,1,1,1,1,0
0.8089065291619363,-0.4223169455581282,1.0,1.0,0.0,0.0,0.0,1.0,0.0,0.0,0,0,1,1,0,1,0,0,1,1,0,1,0
-1.1636465100352518,-0.9109613101984924,0.0,0.0,0.0,0.0,0.0,0.0,0.0,1.0,0,0,0,0,1,0,0,0,0,0,0,0,0
1.330710787214099,-0.1779947632379461,0.0,1.0,0.0,0.0,0.0,0.0,1.0,0.0,1,1,0,1,0,0,1,1,1,1,1,1,0
-0.28621769394753876,1.2064976032430856,1.0,0.0,0.0,1.0,0.0,0.0,0.0,0.0,0,0,1,0,1,1,0,0,0,0,0,1,0
-0.4922805219681379,-0.7888002190384014,1.0,0.0,0.0,0.0,0.0,0.0,0.0,1.0,1,0,1,0,1,0,0,0,0,1,0,1,0
-1.5225946620711341,-0.6666391278783103,1.0,0.0,1.0,0.0,1.0,1.0,0.0,0.0,0,0,0,0,0,0,0,0,0,0,0,1,0
1.182810854199314,1.0436161483629645,1.0,1.0,0.0,1.0,0.0,1.0,0.0,0.0,1,1,0,1,0,0,1,0,1,0,0,1,0
1.2941512532104444,0.6771328748826912,1.0,1.0,0.0,0.0,0.0,0.0,0.0,0.0,0,1,0,1,0,1,1,0,1,1,1,1,0
1.3539759452164248,-0.30015585439803716,1.0,1.0,0.0,0.0,0.0,0.0,1.0,0.0,0,1,0,0,1,0,1,1,1,1,0,1,0
1.611554480242174,1.4915401492832983,0.0,1.0,0.0,0.0,1.0,1.0,0.0,0.0,1,1,1,1,1,1,1,1,1,0,0,1,0
-1.4660935640654862,0.7992939660427822,0.0,0.0,1.0,1.0,0.0,0.0,0.0,1.0,0,0,0,0,0,0,0,0,0,0,0,1,0
1.393859073220412,1.5729808767233588,1.0,1.0,0.0,0.0,1.0,0.0,0.0,0.0,0,1,1,1,1,0,1,0,1,0,0,1,0
-0.31779183695069496,-0.9109613101984924,0.0,0.0,0.0,0.0,0.0,1.0,0.0,0.0,1,0,1,0,0,0,1,1,0,0,1,1,0
0.8404806721650927,-0.46303730927815856,0.0,1.0,0.0,0.0,0.0,0.0,1.0,0.0,0,1,0,0,0,1,1,0,0,1,0,1,0
-0.8346107040023594,-1.2774445836787656,1.0,0.0,0.0,0.0,0.0,0.0,1.0,0.0,0,1,0,0,0,0,1,0,0,1,1,0,1
-1.4943441130683104,-0.8295205827584317,1.0,0.0,1.0,1.0,0.0,0.0,0.0,0.0,1,0,0,0,0,0,0,0,0,0,0,1,0
-1.4827115340671475,-1.2774445836787656,1.0,0.0,1.0,0.0,0.0,0.0,0.0,1.0,0,0,0,0,0,0,0,0,0,0,1,1,0
-0.1615829189350795,1.0436161483629645,0.0,0.0,0.0,0.0,1.0,1.0,0.0,0.0,1,0,0,1,0,1,0,1,0,1,0,1,0
-0.17155370093607614,0.6771328748826912,1.0,0.0,0.0,0.0,0.0,1.0,0.0,0.0,1,0,1,0,1,1,0,1,0,0,0,1,0
-0.31446824295036285,-0.0965540357978854,0.0,0.0,0.0,0.0,0.0,0.0,0.0,0.0,0,0,0,0,1,1,0,0,0,1,0,1,0
1.1495749141959914,0.5956921474426305,1.0,1.0,0.0,0.0,0.0,0.0,1.0,0.0,1,1,1,1,0,1,0,0,1,1,1,1,0
-1.1486903370337564,-1.2774445836787656,1.0,0.0,0.0,0.0,0.0,0.0,1.0,0.0,1,0,1,0,0,1,0,0,0,0,1,0,0
0.8471278601657574,1.6137012404433893,1.0,0.0,0.0,0.0,1.0,1.0,0.0,0.0,1,1,0,1,1,1,1,1,1,1,0,1,0
-0.0020504069191315333,-0.62591876415828,0.0,0.0,0.0,0.0,0.0,0.0,0.0,1.0,0,1,1,0,0,0,0,0,1,1,1,1,0
1.0498670941860242,1.5729808767233588,0.0,1.0,0.0,0.0,1.0,1.0,0.0,0.0,1,0,0,1,1,1,1,1,0,1,0,1,1
1.0216165451832002,-1.2367242199587352,1.0,1.0,0.0,0.0,0.0,1.0,0.0,0.0,1,1,0,0,0,0,1,0,1,1,0,1,1
0.046141706085686136,-0.21871512695797646,0.0,0.0,0.0,1.0,0.0,0.0,0.0,1.0,1,0,1,0,1,1,1,1,0,0,0,1,0
-1.481049737066981,-1.2774445836787656,1.0,0.0,1.0,0.0,0.0,0.0,0.0,0.0,0,0,0,0,0,0,0,0,0,0,0,1,0
-0.6484894399837535,-1.2774445836787656,1.0,0.0,0.0,0.0,0.0,0.0,0.0,0.0,0,0,0,0,0,0,0,0,0,0,0,1,1
1.1678546811978192,1.6137012404433893,0.0,1.0,0.0,0.0,1.0,0.0,0.0,0.0,1,0,1,1,1,1,0,1,1,0,0,1,0
0.16412929309748078,-1.1145631287986442,1.0,1.0,0.0,0.0,0.0,0.0,1.0,0.0,0,0,0,0,0,0,0,0,0,1,1,1,0
0.33363258711442517,0.5549717837226001,0.0,1.0,0.0,0.0,0.0,1.0,0.0,0.0,0,0,0,0,0,0,1,0,0,1,0,1,0
1.3822264942192488,0.06632741908223598,1.0,1.0,0.0,0.0,0.0,0.0,1.0,0.0,0,1,0,1,0,1,1,0,1,1,1,1,0
1.099721004191008,-0.8702409464784621,0.0,1.0,0.0,0.0,0.0,0.0,0.0,0.0,0,1,0,1,0,0,1,0,1,1,1,1,0
-0.5055748979694671,-0.9109613101984924,1.0,0.0,0.0,1.0,0.0,0.0,0.0,1.0,1,0,1,0,0,1,0,0,0,0,0,1,0
0.14751132309581955,1.5322605130033284,0.0,0.0,0.0,0.0,1.0,1.0,0.0,0.0,1,0,1,1,1,1,0,0,1,1,0,1,0
-1.462769970065154,-0.62591876415828,0.0,0.0,1.0,1.0,0.0,0.0,0.0,1.0,1,0,1,0,0,0,0,0,0,0,0,1,0
0.5014740841312035,1.247217966963116,0.0,0.0,0.0,0.0,1.0,1.0,0.0,0.0,0,0,0,1,1,1,1,1,1,1,0,1,0
0.3801629031190768,-0.7888002190384014,0.0,0.0,0.0,0.0,0.0,0.0,1.0,0.0,1,0,0,1,1,1,0,1,1,1,0,1,0
0.6560212051466532,0.6771328748826912,0.0,1.0,0.0,0.0,0.0,0.0,1.0,0.0,0,1,0,1,0,0,0,0,0,1,0,1,0
-0.5155456799704636,-1.2367242199587352,1.0,0.0,0.0,0.0,0.0,0.0,0.0,1.0,0,0,0,0,0,1,0,0,0,0,0,1,0
0.5280628361338618,-1.2367242199587352,0.0,1.0,0.0,0.0,0.0,0.0,1.0,0.0,0,0,0,0,0,0,0,0,1,1,1,1,0
0.4981504901308714,0.7992939660427822,1.0,0.0,0.0,0.0,1.0,1.0,0.0,0.0,0,1,0,1,1,0,0,1,1,1,0,1,0
-0.020330173920958795,1.4915401492832983,0.0,0.0,0.0,0.0,1.0,1.0,0.0,0.0,1,0,1,1,1,0,1,1,0,1,0,1,0
0.8471278601657574,0.43281069256250915,0.0,1.0,0.0,0.0,0.0,0.0,1.0,0.0,0,0,0,1,0,1,0,0,1,1,0,1,1
1.141265929195161,-0.7073594915983407,0.0,1.0,0.0,0.0,0.0,1.0,0.0,0.0,0,1,0,0,1,1,0,0,1,1,1,1,0
0.1574821050968162,-0.30015585439803716,0.0,0.0,0.0,0.0,0.0,1.0,0.0,0.0,1,0,0,1,1,0,0,1,1,1,0,1,1
0.5280628361338618,-0.9924020376385531,0.0,1.0,0.0,0.0,0.0,1.0,0.0,0.0,1,0,0,1,0,1,0,0,0,1,1,1,1
0.33529438411459117,1.125056875803025,0.0,0.0,0.0,1.0,0.0,1.0,0.0,0.0,1,1,1,0,1,1,1,1,0,1,0,1,1
1.0199547481830342,-0.5851984004382496,1.0,1.0,0.0,0.0,0.0,0.0,1.0,0.0,0,1,0,1,0,0,0,0,1,1,1,1,1
1.1595456961969886,1.247217966963116,0.0,1.0,0.0,1.0,0.0,1.0,0.0,0.0,1,1,1,1,1,0,0,0,1,1,0,1,0
1.4520219682262263,1.369379058123207,1.0,1.0,0.0,1.0,0.0,0.0,1.0,0.0,1,1,1,1,0,1,1,1,1,1,0,1,1
-1.3231790220511994,0.06632741908223598,0.0,0.0,1.0,0.0,1.0,1.0,0.0,0.0,1,0,1,1,0,0,0,0,0,0,0,1,0
1.42044782522307,1.6137012404433893,0.0,1.0,0.0,0.0,1.0,1.0,0.0,0.0,0,1,0,1,0,0,1,1,1,1,0,1,0
1.1877962451998125,0.5956921474426305,0.0,1.0,0.0,0.0,0.0,0.0,1.0,0.0,1,1,0,1,0,0,1,0,1,1,0,1,0
0.8354952811645946,1.125056875803025,1.0,1.0,0.0,0.0,0.0,0.0,0.0,0.0,0,0,0,1,0,1,0,0,1,1,0,1,0
-0.7531826509942192,1.6137012404433893,1.0,0.0,0.0,0.0,1.0,0.0,0.0,0.0,1,0,0,0,1,1,1,0,0,0,0,0,0
-0.34438058895335305,-0.5851984004382496,0.0,0.0,0.0,1.0,0.0,1.0,0.0,0.0,1,0,1,0,0,0,1,1,0,1,0,1,0
0.9850570111795457,-0.9516816739185228,0.0,1.0,0.0,0.0,0.0,0.0,1.0,0.0,0,1,0,1,0,0,0,0,1,0,1,1,0
0.3502505571160864,-1.1960038562387048,0.0,0.0,0.0,0.0,0.0,0.0,1.0,0.0,0,1,0,0,0,1,0,1,1,1,0,1,0
0.46989994112804756,0.5956921474426305,1.0,1.0,0.0,1.0,0.0,0.0,1.0,0.0,1,0,0,1,0,1,0,0,0,1,0,1,0
0.47987072312904416,-0.055833672077855064,0.0,0.0,0.0,0.0,1.0,0.0,0.0,1.0,0,1,0,0,0,1,1,1,1,0,0,1,0
-1.4827115340671475,0.7178532386027215,0.0,0.0,1.0,0.0,1.0,0.0,0.0,0.0,1,0,1,0,0,0,0,0,0,0,0,1,0
0.5014740841312035,-0.9109613101984924,1.0,1.0,0.0,0.0,0.0,0.0,0.0,1.0,0,0,0,0,1,0,1,0,0,1,0,1,0
-0.5221928679711283,-1.2774445836787656,1.0,0.0,0.0,0.0,0.0,0.0,0.0,1.0,0,0,0,0,0,0,0,1,0,0,0,1,0
-1.4744025490663168,0.7992939660427822,0.0,0.0,1.0,1.0,0.0,0.0,1.0,0.0,1,0,1,0,0,0,0,0,0,1,0,1,0
1.5567151792366918,1.2879383306831464,1.0,1.0,0.0,0.0,1.0,0.0,0.0,0.0,1,1,1,1,1,0,1,1,1,1,0,1,1
-1.3464441800535252,1.2064976032430856,1.0,0.0,1.0,0.0,1.0,0.0,0.0,0.0,1,0,1,1,0,0,0,0,0,1,0,1,0
-0.00869759491979612,-1.1960038562387048,0.0,0.0,0.0,0.0,0.0,0.0,0.0,0.0,0,1,1,0,1,0,0,1,0,1,0,1,0
1.5201556452330371,0.9621754209229036,0.0,1.0,0.0,1.0,0.0,0.0,1.0,0.0,0,1,0,1,1,1,1,0,1,0,0,1,1
-0.3028356639492,0.5549717837226001,0.0,0.0,0.0,1.0,0.0,1.0,0.0,0.0,0,1,0,0,0,0,0,0,0,0,0,1,0
-0.33607160395252245,-0.9924020376385531,0.0,0.0,0.0,0.0,0.0,0.0,0.0,1.0,1,0,1,0,1,1,0,0,0,0,0,1,0
0.3319707901142591,-0.0965540357978854,1.0,0.0,0.0,0.0,0.0,0.0,1.0,0.0,0,1,0,0,1,1,0,0,1,1,0,1,1
-1.2916048790480432,0.5142514200025698,0.0,0.0,1.0,1.0,0.0,1.0,0.0,0.0,1,0,1,1,0,0,0,0,0,1,0,1,0
0.48485611412954227,-1.2774445836787656,0.0,1.0,0.0,0.0,0.0,0.0,1.0,0.0,0,0,1,0,0,0,0,0,1,1,1,1,0
-0.47233895796614456,-0.8702409464784621,0.0,0.0,0.0,0.0,0.0,0.0,1.0,0.0,1,1,1,0,1,0,0,0,1,0,0,0,0
0.34526516611558833,-1.0331224013585834,0.0,1.0,0.0,0.0,0.0,0.0,0.0,0.0,1,0,0,0,0,0,1,0,0,1,1,1,0
1.2974748472107767,0.3920903288424788,0.0,1.0,0.0,0.0,0.0,0.0,0.0,0.0,0,1,0,0,0,1,1,1,1,1,0,1,0
-1.4827115340671475,0.6771328748826912,0.0,0.0,1.0,0.0,1.0,0.0,0.0,0.0,1,0,0,0,0,0,0,0,0,1,0,1,0
1.1479131171958254,-0.9516816739185228,1.0,1.0,0.0,0.0,0.0,1.0,0.0,0.0,0,1,0,1,0,1,0,0,1,1,0,1,0
-0.08680205392760396,0.10704778280226633,0.0,0.0,0.0,1.0,0.0,0.0,0.0,0.0,1,0,0,0,1,0,0,0,1,1,0,1,0
-1.4660935640654862,0.6364125111626608,0.0,0.0,1.0,0.0,1.0,0.0,0.0,0.0,1,0,1,0,0,0,0,0,0,0,0,1,0
-1.4893587220678117,0.5549717837226001,0.0,0.0,1.0,0.0,1.0,0.0,0.0,1.0,1,0,1,0,0,0,0,0,0,1,0,1,0
-1.0307027500219619,-0.13727439951791576,1.0,0.0,0.0,0.0,0.0,0.0,0.0,1.0,1,0,0,0,0,0,0,0,1,0,0,0,0
0.574593152138513,-0.0965540357978854,1.0,1.0,0.0,0.0,0.0,0.0,0.0,0.0,1,0,1,0,0,1,1,0,0,0,0,1,0
0.3303089931140931,-1.2774445836787656,1.0,1.0,0.0,0.0,0.0,0.0,1.0,0.0,0,0,0,0,0,0,0,1,0,0,0,1,1
0.6394032351449919,1.369379058123207,1.0,0.0,0.0,0.0,1.0,0.0,0.0,1.0,1,1,1,1,1,0,1,1,1,1,0,1,0
1.5384354122348645,1.3286586944031769,0.0,1.0,0.0,0.0,0.0,1.0,0.0,0.0,0,1,0,1,1,1,1,0,1,1,0,1,0
1.2010906212011416,1.6137012404433893,1.0,1.0,0.0,0.0,1.0,0.0,0.0,0.0,0,1,0,1,0,1,1,0,1,1,0,1,0
0.47156173812821356,-0.8295205827584317,0.0,1.0,0.0,0.0,0.0,0.0,1.0,0.0,0,0,0,1,1,0,0,0,0,1,1,1,0
0.06940686408801149,1.5729808767233588,1.0,0.0,0.0,1.0,0.0,1.0,0.0,0.0,1,0,1,1,1,1,0,1,0,1,0,1,0
-1.4527991880641573,-1.1145631287986442,1.0,0.0,1.0,0.0,0.0,0.0,0.0,1.0,0,0,0,0,0,0,0,0,0,0,1,1,0
-1.4544609850643233,0.7992939660427822,1.0,0.0,1.0,0.0,1.0,0.0,0.0,0.0,0,0,0,0,0,0,0,0,0,0,0,1,0
1.1213243651931677,-0.30015585439803716,0.0,1.0,0.0,0.0,0.0,0.0,1.0,0.0,1,1,0,0,0,1,1,0,1,1,1,1,1
-1.481049737066981,-1.2774445836787656,1.0,0.0,1.0,0.0,0.0,0.0,0.0,1.0,0,0,0,0,0,0,0,0,0,0,0,1,0
-1.505976692069473,-1.2774445836787656,0.0,0.0,1.0,0.0,0.0,0.0,1.0,0.0,1,0,1,0,0,0,0,0,0,0,0,1,0
1.0049985751815391,0.22920887396235737,1.0,1.0,0.0,1.0,0.0,0.0,0.0,0.0,0,0,0,1,0,0,1,1,1,0,0,1,0
-0.6385186579827569,1.369379058123207,0.0,0.0,0.0,1.0,0.0,0.0,0.0,0.0,1,0,0,0,0,1,1,0,1,0,0,0,1
1.503537675231376,1.4508197855632678,1.0,1.0,0.0,0.0,1.0,0.0,0.0,0.0,1,1,0,1,0,1,1,1,1,1,1,1,0
-1.3447823830533592,-1.1145631287986442,1.0,0.0,0.0,0.0,0.0,0.0,0.0,1.0,0,0,0,0,0,0,0,0,0,0,0,0,0
1.3091074262119398,1.6137012404433893,0.0,1.0,0.0,1.0,0.0,0.0,1.0,0.0,1,1,1,1,1,1,0,0,1,1,0,1,0
-1.150352134033923,-0.015113308357824713,0.0,0.0,0.0,1.0,0.0,0.0,0.0,1.0,0,0,0,0,1,0,0,0,0,0,0,0,0
0.9833952141793793,0.43281069256250915,1.0,1.0,0.0,1.0,0.0,0.0,0.0,1.0,0,1,0,1,0,0,0,0,1,0,0,1,0
-1.5076384890696393,1.6137012404433893,1.0,0.0,1.0,0.0,1.0,1.0,0.0,0.0,1,0,1,0,0,0,0,0,0,0,0,1,0
1.0631614701873533,0.9214550572028734,1.0,1.0,0.0,0.0,0.0,0.0,1.0,0.0,1,0,0,1,1,1,0,0,1,1,1,1,0
-0.22639300194155818,0.7992939660427822,0.0,0.0,0.0,1.0,0.0,1.0,0.0,0.0,0,0,0,0,1,0,1,1,0,0,0,1,0
0.893658176170409,0.43281069256250915,0.0,1.0,0.0,0.0,0.0,0.0,1.0,0.0,0,0,0,0,0,1,1,0,1,1,0,1,0
0.39013368512007346,0.18848851024232702,0.0,1.0,0.0,0.0,0.0,0.0,1.0,0.0,1,0,0,1,0,0,0,0,0,1,1,1,1
-0.33773340095268845,1.2879383306831464,0.0,0.0,0.0,0.0,1.0,0.0,1.0,0.0,1,1,1,0,0,1,0,1,1,1,0,0,0
0.8338334841644282,-1.1960038562387048,1.0,1.0,0.0,0.0,0.0,0.0,1.0,0.0,1,0,1,0,1,1,0,0,1,0,0,1,0
-1.1204397880309327,0.14776814652229667,0.0,0.0,0.0,0.0,1.0,0.0,0.0,0.0,0,0,0,0,1,0,0,0,0,0,0,0,0
1.1794872601989819,-0.9109613101984924,0.0,1.0,0.0,0.0,0.0,0.0,1.0,0.0,1,1,1,1,1,0,0,0,1,1,1,1,0
-1.4660935640654862,0.35136996512244845,0.0,0.0,1.0,0.0,1.0,0.0,0.0,1.0,0,0,0,0,0,0,0,0,0,0,0,1,0
0.6792863631489789,-0.21871512695797646,1.0,1.0,0.0,0.0,0.0,1.0,0.0,0.0,1,0,1,1,0,1,0,1,0,1,0,1,0
1.1645310871974868,0.9621754209229036,0.0,1.0,0.0,1.0,0.0,1.0,0.0,0.0,1,1,1,1,0,0,1,0,1,1,0,1,0
-1.46443176706532,-1.0738427650786138,0.0,0.0,1.0,0.0,0.0,0.0,0.0,1.0,0,0,0,0,0,0,0,0,0,0,0,1,0
0.32033821111309646,-1.1960038562387048,1.0,1.0,0.0,0.0,0.0,0.0,1.0,0.0,0,0,0,1,0,0,0,0,0,1,1,1,0
-0.467353566965646,-1.0331224013585834,0.0,0.0,0.0,0.0,0.0,0.0,0.0,1.0,1,0,1,0,1,0,0,0,0,0,0,1,0
-1.4594463760648215,-1.1552834925186746,0.0,0.0,1.0,0.0,0.0,0.0,0.0,1.0,1,0,1,0,0,0,0,0,0,0,0,1,0
0.8039211381614382,0.025607055362205634,1.0,1.0,0.0,0.0,1.0,0.0,1.0,0.0,0,0,0,0,1,0,0,1,1,1,0,1,0
0.44164939212522314,-0.21871512695797646,0.0,1.0,0.0,0.0,0.0,0.0,1.0,0.0,0,0,0,1,0,0,1,0,0,1,1,1,1
-1.3697093380558512,1.6137012404433893,1.0,0.0,1.0,0.0,1.0,0.0,0.0,0.0,1,0,0,1,0,0,0,0,0,1,0,1,0
-1.4960059100684764,-1.2774445836787656,1.0,0.0,1.0,0.0,0.0,0.0,0.0,1.0,0,0,0,0,0,0,0,0,0,0,0,1,0
-0.2762469119465419,1.5729808767233588,1.0,0.0,0.0,1.0,0.0,0.0,1.0,0.0,0,1,0,0,1,1,0,0,1,1,0,0,1
0.7042133181514708,-0.7888002190384014,0.0,1.0,0.0,0.0,0.0,0.0,1.0,0.0,0,1,0,1,0,0,0,0,0,1,0,1,0
-0.2047896409393986,-0.30015585439803716,0.0,0.0,0.0,0.0,0.0,1.0,0.0,0.0,1,1,1,0,1,1,1,0,1,1,1,0,0
-0.47233895796614456,1.4100994218432374,1.0,0.0,0.0,0.0,1.0,0.0,0.0,0.0,0,0,0,0,0,0,0,1,0,0,0,1,0
-0.9742016520163136,-1.2774445836787656,1.0,0.0,0.0,0.0,0.0,0.0,1.0,0.0,0,1,0,0,0,0,0,0,0,1,1,0,0
-0.6784017859867437,-1.2367242199587352,1.0,0.0,0.0,0.0,0.0,0.0,1.0,0.0,0,0,0,0,0,0,0,0,0,0,1,1,0
-1.2982520670487077,0.43281069256250915,0.0,0.0,1.0,0.0,1.0,1.0,0.0,0.0,0,0,0,1,0,0,0,0,0,1,0,1,0
0.3402797751150897,-0.38159658183809786,0.0,1.0,0.0,0.0,0.0,0.0,0.0,0.0,0,0,0,0,1,0,0,0,0,1,0,1,0
-1.481049737066981,1.2879383306831464,0.0,0.0,1.0,0.0,1.0,0.0,0.0,1.0,1,0,1,0,0,0,0,0,0,0,0,1,0
-1.5009913010689746,1.002895784642934,1.0,0.0,1.0,0.0,1.0,0.0,0.0,1.0,0,0,1,0,0,0,0,0,0,1,0,1,0
0.18905624809997262,-1.2774445836787656,0.0,1.0,0.0,0.0,0.0,0.0,0.0,1.0,1,0,0,0,0,0,0,0,0,1,1,1,1
0.7740087921584478,1.6137012404433893,0.0,0.0,0.0,0.0,1.0,1.0,0.0,0.0,1,1,1,1,1,1,1,1,1,1,0,1,1
0.21232140610229844,-0.9924020376385531,0.0,0.0,0.0,0.0,0.0,0.0,1.0,0.0,0,1,0,1,1,0,0,1,0,0,1,1,0
1.2060760122016398,1.1657772395230555,0.0,1.0,0.0,0.0,1.0,0.0,0.0,0.0,1,1,0,1,0,1,0,0,1,1,0,1,0
0.6493740171459885,1.2879383306831464,1.0,1.0,0.0,1.0,0.0,1.0,0.0,0.0,0,0,0,1,1,1,0,0,0,1,0,1,0
-1.3564149620545218,1.5729808767233588,1.0,0.0,1.0,0.0,1.0,0.0,0.0,0.0,1,0,0,1,0,0,0,0,0,0,0,1,1
1.1396041321949948,1.3286586944031769,0.0,1.0,0.0,0.0,1.0,1.0,0.0,0.0,1,0,1,1,1,1,0,1,1,1,0,1,0
-1.5009913010689746,-1.1960038562387048,1.0,0.0,1.0,1.0,0.0,0.0,0.0,1.0,0,0,0,0,0,0,0,0,0,0,0,1,0
-0.6351950639824246,-1.2774445836787656,1.0,0.0,0.0,0.0,0.0,0.0,1.0,0.0,0,0,0,0,0,0,0,0,0,1,1,1,0
-0.00869759491979612,-0.0965540357978854,1.0,0.0,0.0,1.0,0.0,1.0,0.0,0.0,0,0,1,0,0,1,1,0,1,0,0,1,0
0.1574821050968162,-0.7073594915983407,1.0,0.0,0.0,0.0,0.0,0.0,0.0,1.0,1,1,1,0,0,1,1,1,0,1,0,1,0
0.12590796209365976,-0.9924020376385531,0.0,0.0,0.0,0.0,0.0,0.0,1.0,0.0,1,1,1,0,0,0,0,1,1,1,0,1,0
1.0049985751815391,-1.0331224013585834,1.0,1.0,0.0,0.0,0.0,0.0,0.0,1.0,0,1,0,1,0,0,0,0,1,0,1,1,0
1.4420511862252297,1.5322605130033284,0.0,1.0,0.0,1.0,0.0,1.0,0.0,0.0,1,1,1,1,1,1,1,0,1,1,0,1,0
0.7091987091519689,1.2064976032430856,1.0,0.0,0.0,0.0,1.0,0.0,1.0,0.0,1,1,1,0,1,1,1,1,1,0,0,1,0
-1.4976677070686424,-1.0738427650786138,0.0,0.0,1.0,0.0,0.0,0.0,0.0,1.0,1,0,1,0,0,0,0,0,0,0,0,1,0
0.5363718211346925,-0.748079855318371,0.0,1.0,0.0,0.0,0.0,0.0,0.0,0.0,1,1,1,0,0,0,0,0,0,1,0,1,0
0.6443886261454905,-0.4223169455581282,0.0,1.0,0.0,0.0,0.0,0.0,0.0,0.0,0,0,0,1,0,0,0,0,1,1,0,1,0
-1.4827115340671475,-0.4223169455581282,1.0,0.0,1.0,1.0,0.0,0.0,0.0,1.0,1,0,1,0,0,0,0,0,0,0,0,1,0
-0.017006579920626735,-0.6666391278783103,1.0,0.0,0.0,0.0,1.0,0.0,0.0,1.0,1,0,1,0,1,0,1,0,1,0,0,1,0
-1.2982520670487077,-0.9109613101984924,1.0,0.0,1.0,0.0,1.0,0.0,0.0,0.0,0,0,0,1,0,0,0,0,0,0,0,1,0
-0.29120308494803704,-0.7888002190384014,0.0,0.0,0.0,0.0,0.0,0.0,1.0,0.0,0,0,1,0,1,1,0,0,0,1,0,1,0
0.5862257311396761,-0.5037576729981889,0.0,1.0,0.0,0.0,0.0,0.0,1.0,0.0,1,0,0,1,1,0,0,0,0,0,1,1,0
0.16412929309748078,-1.2367242199587352,0.0,1.0,0.0,0.0,0.0,0.0,1.0,0.0,0,0,0,0,0,0,0,0,0,1,0,1,0
0.30372024111143525,0.8400143297628127,1.0,0.0,0.0,0.0,1.0,0.0,0.0,0.0,0,1,0,1,0,1,1,1,0,1,0,1,0
-1.4677553610656522,-0.8702409464784621,0.0,0.0,1.0,1.0,0.0,0.0,0.0,1.0,1,0,1,0,0,0,0,0,0,0,0,1,0
-1.491020519067978,1.4915401492832983,1.0,0.0,1.0,0.0,1.0,0.0,0.0,1.0,1,0,0,0,0,0,0,0,0,0,0,1,0
0.20401242110146783,-1.1552834925186746,0.0,1.0,0.0,0.0,0.0,0.0,0.0,0.0,0,0,0,0,0,0,0,0,0,1,1,1,0
0.8072447321617703,1.6137012404433893,1.0,0.0,0.0,0.0,1.0,0.0,0.0,0.0,1,1,0,1,1,1,1,1,1,1,0,1,0
-0.6468276429835875,1.0436161483629645,1.0,0.0,0.0,0.0,0.0,0.0,1.0,0.0,1,1,0,0,0,1,1,0,0,1,1,0,1
-1.4744025490663168,-0.6666391278783103,0.0,0.0,1.0,0.0,0.0,0.0,1.0,0.0,1,0,1,0,0,0,0,0,0,0,0,1,0
0.6477122201458225,0.43281069256250915,1.0,1.0,0.0,1.0,0.0,0.0,0.0,0.0,1,0,0,0,1,0,1,1,0,1,0,1,0
1.3174164112127704,-1.2367242199587352,0.0,1.0,0.0,0.0,0.0,0.0,1.0,0.0,1,1,0,1,0,0,1,1,1,1,1,1,0
0.5712695581381809,-0.748079855318371,1.0,0.0,0.0,0.0,1.0,0.0,0.0,1.0,1,1,0,0,0,1,1,1,1,0,0,1,0
1.0000131841810405,0.8400143297628127,0.0,1.0,0.0,1.0,0.0,0.0,0.0,0.0,1,1,0,0,0,0,1,0,1,1,1,1,0
-1.4694171580658184,-0.015113308357824713,0.0,0.0,1.0,1.0,0.0,0.0,0.0,0.0,0,0,0,0,0,0,0,0,0,0,0,1,0
-1.33148800705203,0.06632741908223598,0.0,0.0,1.0,0.0,0.0,0.0,1.0,0.0,1,0,0,1,0,0,0,0,0,0,0,1,0
0.32200000811326246,-0.7073594915983407,0.0,1.0,0.0,0.0,0.0,0.0,0.0,1.0,0,0,0,1,0,0,0,0,0,1,1,1,1
0.3884718881199074,-1.0331224013585834,0.0,1.0,0.0,0.0,0.0,0.0,0.0,0.0,0,0,0,0,1,0,0,0,0,0,1,1,1
1.3489905542159264,-0.7073594915983407,0.0,1.0,0.0,0.0,0.0,0.0,0.0,0.0,1,1,1,1,0,1,1,0,1,1,0,1,0
-1.4694171580658184,1.1657772395230555,1.0,0.0,1.0,1.0,0.0,1.0,0.0,0.0,1,0,0,0,0,0,0,0,0,1,0,1,0
-1.156999322034587,-1.2774445836787656,0.0,0.0,0.0,0.0,0.0,0.0,0.0,0.0,0,0,0,0,0,1,0,0,0,0,1,0,0
-0.6468276429835875,-1.2774445836787656,0.0,0.0,0.0,0.0,0.0,0.0,0.0,1.0,0,0,0,0,0,0,0,0,0,0,0,1,0
0.6560212051466532,-0.9924020376385531,1.0,1.0,0.0,0.0,0.0,0.0,0.0,0.0,0,1,0,1,0,0,0,0,0,0,1,1,0
0.3319707901142591,0.025607055362205634,1.0,0.0,0.0,1.0,0.0,1.0,0.0,0.0,1,1,1,0,1,0,1,0,1,0,0,1,0
0.4815325201292102,-0.7888002190384014,0.0,1.0,0.0,0.0,0.0,0.0,1.0,0.0,0,0,0,0,0,1,1,0,0,1,1,1,0
-1.328164413051698,-1.2774445836787656,0.0,0.0,0.0,0.0,0.0,0.0,1.0,0.0,1,0,0,0,0,0,0,0,0,1,1,0,0
-0.4307940329619915,-0.5037576729981889,1.0,0.0,0.0,0.0,0.0,0.0,0.0,1.0,0,0,0,0,0,1,0,0,0,1,0,1,0
-1.1420431490330922,-1.1960038562387048,1.0,0.0,0.0,0.0,0.0,0.0,1.0,0.0,0,0,0,0,0,0,0,1,0,0,0,0,0
-1.4993295040688086,-0.7888002190384014,0.0,0.0,1.0,1.0,0.0,0.0,1.0,0.0,0,0,0,0,0,0,0,0,0,0,0,1,0
-0.27126152094604356,0.3106496014024181,0.0,0.0,0.0,0.0,0.0,1.0,0.0,0.0,1,0,0,1,0,1,0,0,0,0,0,1,0
0.2372483611047903,0.43281069256250915,1.0,0.0,0.0,1.0,0.0,1.0,0.0,0.0,1,1,1,1,1,0,0,1,0,1,0,1,0
0.8720548151682491,-1.0738427650786138,1.0,1.0,0.0,0.0,0.0,0.0,1.0,0.0,1,1,0,0,0,1,1,0,0,1,1,1,0
-1.4960059100684764,1.4915401492832983,0.0,0.0,1.0,0.0,1.0,0.0,0.0,0.0,1,0,1,0,0,0,0,0,0,0,0,1,0
1.4935668932303794,1.6137012404433893,0.0,1.0,0.0,0.0,1.0,1.0,0.0,0.0,1,1,1,1,1,1,1,0,1,0,0,1,0
-1.5109620830699715,1.0843365120829946,1.0,0.0,1.0,0.0,1.0,1.0,0.0,0.0,1,0,1,0,0,0,0,0,0,0,0,1,0
1.0565142821866886,-0.5037576729981889,0.0,1.0,0.0,0.0,0.0,0.0,1.0,0.0,1,0,0,0,1,1,0,1,1,1,0,1,0
-1.3514295710540236,-0.3408762181180675,1.0,0.0,1.0,0.0,1.0,0.0,0.0,0.0,1,0,1,1,0,0,0,0,0,1,0,1,0
1.5484061942358611,1.0843365120829946,1.0,1.0,0.0,0.0,0.0,0.0,1.0,0.0,0,1,0,1,0,1,1,1,1,1,0,1,0
1.5783185402388515,1.6137012404433893,1.0,1.0,0.0,0.0,1.0,0.0,0.0,0.0,1,1,1,1,0,1,1,1,1,1,0,1,0
-1.462769970065154,-1.2774445836787656,1.0,0.0,1.0,0.0,0.0,0.0,0.0,1.0,0,0,1,0,0,0,0,0,0,0,0,1,0
1.2343265612044643,-0.21871512695797646,0.0,1.0,0.0,1.0,0.0,1.0,0.0,0.0,1,1,0,0,1,0,0,1,1,1,0,1,0
0.5081212721318681,-0.748079855318371,0.0,1.0,0.0,0.0,0.0,1.0,0.0,0.0,0,0,0,0,0,1,0,1,0,1,0,1,0
1.3556377422165908,1.5729808767233588,1.0,1.0,0.0,0.0,1.0,0.0,1.0,0.0,1,1,1,1,1,0,1,0,1,0,0,1,0
0.4499583771260538,-0.7888002190384014,1.0,1.0,0.0,0.0,0.0,1.0,0.0,0.0,0,0,1,0,0,0,0,0,1,1,0,1,0
0.13587874409465642,0.47353105628253944,1.0,1.0,0.0,0.0,0.0,1.0,0.0,0.0,0,0,0,0,0,0,0,0,0,0,0,1,0
0.5047976781315361,0.025607055362205634,0.0,1.0,0.0,1.0,0.0,0.0,0.0,0.0,0,0,0,0,0,1,0,1,0,1,0,1,0
-0.3094828519498643,1.6137012404433893,1.0,0.0,0.0,0.0,1.0,1.0,0.0,0.0,1,1,1,0,1,1,1,1,0,1,0,0,0
0.50313588113137,-1.2774445836787656,1.0,1.0,0.0,0.0,0.0,0.0,1.0,0.0,0,1,0,0,0,0,0,0,0,0,1,1,0
1.3905354792200795,-0.5444780367182193,0.0,1.0,0.0,0.0,0.0,0.0,1.0,0.0,0,1,0,0,1,0,1,1,1,1,1,1,0
1.2526063282062914,1.2879383306831464,1.0,1.0,0.0,1.0,0.0,1.0,0.0,0.0,1,1,0,0,0,1,1,1,1,1,0,1,0
-0.6235624849812617,-1.2367242199587352,1.0,0.0,0.0,0.0,0.0,1.0,0.0,0.0,0,0,0,0,0,0,0,0,0,1,1,1,0
-1.3132082400502028,-1.2774445836787656,0.0,0.0,0.0,0.0,0.0,0.0,1.0,0.0,0,0,0,0,0,0,0,0,0,0,0,0,0
-1.4960059100684764,1.1657772395230555,1.0,0.0,1.0,0.0,1.0,0.0,0.0,1.0,0,0,1,0,0,0,0,0,0,0,0,1,0
-1.4876969250676457,-0.13727439951791576,0.0,0.0,1.0,1.0,0.0,0.0,1.0,0.0,1,0,1,0,0,0,0,0,0,0,0,1,0
0.7324638671542947,-0.38159658183809786,1.0,1.0,0.0,0.0,0.0,0.0,1.0,0.0,1,1,0,1,0,0,0,0,0,0,0,1,1
-0.19980424993890028,1.002895784642934,0.0,0.0,0.0,0.0,0.0,0.0,0.0,0.0,1,1,0,0,1,1,1,0,1,1,0,0,0
-0.6484894399837535,1.6137012404433893,1.0,0.0,0.0,0.0,1.0,1.0,0.0,0.0,1,0,1,0,1,1,1,1,0,0,0,0,0
-0.27126152094604356,1.369379058123207,1.0,0.0,0.0,0.0,1.0,0.0,0.0,0.0,1,0,0,0,1,1,1,1,1,1,0,0,0
0.6460504231456565,1.3286586944031769,1.0,0.0,0.0,0.0,1.0,0.0,0.0,0.0,1,1,1,1,0,1,1,1,1,1,0,1,0
0.5064594751317021,-0.9924020376385531,0.0,1.0,0.0,0.0,0.0,0.0,0.0,0.0,0,0,0,0,0,0,0,0,1,1,0,1,0
0.179085466098976,-1.1552834925186746,0.0,1.0,0.0,0.0,0.0,0.0,1.0,0.0,0,0,0,0,0,0,0,0,0,1,1,1,0
-1.329826210051864,1.5729808767233588,0.0,0.0,1.0,0.0,1.0,0.0,0.0,0.0,1,0,0,1,0,0,0,0,0,0,0,1,0
-1.481049737066981,-1.2774445836787656,1.0,0.0,1.0,1.0,0.0,0.0,1.0,0.0,1,0,1,0,0,0,0,0,0,1,0,1,0
-0.4889569279678058,-1.1552834925186746,1.0,0.0,0.0,0.0,0.0,0.0,0.0,1.0,1,0,0,0,0,0,0,1,0,0,1,1,0
-1.5093002860698053,-0.8295205827584317,0.0,0.0,1.0,1.0,0.0,0.0,0.0,0.0,0,0,0,0,0,0,0,0,0,1,0,1,0
-0.47067716096597834,-0.3408762181180675,1.0,0.0,0.0,1.0,0.0,0.0,0.0,1.0,0,1,0,0,1,0,0,0,1,1,0,0,0
0.544680806135523,-0.055833672077855064,0.0,0.0,0.0,1.0,0.0,0.0,0.0,1.0,1,1,1,0,1,0,1,1,1,1,0,1,0
-0.31779183695069496,-1.2774445836787656,0.0,0.0,0.0,0.0,0.0,0.0,0.0,1.0,1,0,0,0,0,0,0,0,1,0,1,1,0
0.8354952811645946,-0.0965540357978854,1.0,1.0,0.0,0.0,0.0,1.0,0.0,0.0,0,1,0,1,0,0,0,1,0,1,0,1,0
0.682609957149311,0.5956921474426305,0.0,0.0,0.0,0.0,1.0,1.0,0.0,0.0,1,1,1,1,1,1,0,1,1,1,0,1,0
1.437065795224731,0.880734693482843,1.0,1.0,0.0,0.0,1.0,1.0,0.0,0.0,0,1,0,1,1,1,0,1,1,1,0,1,0
0.9551446651765553,0.7178532386027215,1.0,1.0,0.0,0.0,0.0,1.0,0.0,0.0,0,1,0,0,1,1,0,1,0,1,0,1,0
0.6593447991469852,-1.2774445836787656,1.0,1.0,0.0,0.0,0.0,0.0,0.0,1.0,0,1,0,0,1,0,0,0,0,1,1,1,0
-1.479387940066815,1.6137012404433893,0.0,0.0,1.0,0.0,1.0,1.0,0.0,0.0,0,0,0,0,0,0,0,0,0,0,0,1,0
-1.3165318340505352,-0.13727439951791576,0.0,0.0,1.0,0.0,0.0,0.0,1.0,0.0,0,0,0,1,0,0,0,0,0,0,0,1,0
-0.34438058895335305,-1.2367242199587352,1.0,0.0,0.0,0.0,0.0,0.0,0.0,1.0,0,0,0,1,0,1,0,0,0,1,1,1,0
-1.16863190103575,-0.9109613101984924,0.0,0.0,0.0,0.0,1.0,0.0,0.0,1.0,0,0,0,0,0,0,0,1,0,1,0,0,0
0.2787932861089434,-0.5851984004382496,1.0,1.0,0.0,0.0,0.0,0.0,1.0,0.0,1,0,0,1,0,0,0,0,0,1,0,1,0
1.0049985751815391,-0.8702409464784621,0.0,1.0,0.0,0.0,0.0,0.0,1.0,0.0,0,1,0,0,0,1,0,0,1,1,1,1,1
-1.4960059100684764,-0.6666391278783103,1.0,0.0,1.0,0.0,1.0,0.0,0.0,1.0,0,0,0,0,0,0,0,0,0,0,0,1,0
0.7258166791536301,1.6137012404433893,0.0,0.0,0.0,0.0,1.0,0.0,0.0,0.0,0,1,0,1,0,1,1,1,1,0,0,1,0
1.476948923228718,1.6137012404433893,1.0,1.0,0.0,0.0,1.0,0.0,0.0,0.0,0,1,0,1,0,1,1,1,1,0,0,1,0
0.3303089931140931,0.35136996512244845,0.0,0.0,0.0,1.0,0.0,1.0,0.0,0.0,1,1,1,0,1,0,0,1,1,1,0,1,0
0.9850570111795457,1.3286586944031769,0.0,1.0,0.0,0.0,0.0,0.0,1.0,0.0,1,1,0,0,1,1,1,0,0,0,0,1,1
-0.3310862129520241,-0.7888002190384014,0.0,0.0,0.0,0.0,0.0,0.0,1.0,0.0,0,0,0,0,0,1,1,0,0,1,0,1,1
0.35191235411625243,-1.1552834925186746,1.0,1.0,0.0,0.0,0.0,0.0,1.0,0.0,0,0,0,0,1,0,0,0,0,0,0,1,1
0.00792037508186511,0.35136996512244845,1.0,0.0,0.0,1.0,0.0,0.0,0.0,1.0,0,1,0,1,0,0,1,0,0,0,0,1,0
0.32033821111309646,-0.7073594915983407,1.0,1.0,0.0,0.0,0.0,0.0,1.0,0.0,0,0,0,0,0,1,0,0,0,1,1,1,1
-0.5388108379727895,-1.2774445836787656,1.0,0.0,0.0,0.0,0.0,0.0,0.0,1.0,0,0,0,0,1,0,0,0,0,1,1,1,0
1.1379423351948288,0.3920903288424788,1.0,1.0,0.0,1.0,0.0,0.0,1.0,0.0,0,1,0,1,1,1,1,0,0,1,0,1,0
0.9551446651765553,0.758573602322752,0.0,1.0,0.0,1.0,0.0,0.0,1.0,0.0,1,0,0,0,1,1,1,0,1,1,0,1,0
0.1873944510998066,-1.2367242199587352,0.0,1.0,0.0,0.0,0.0,0.0,1.0,0.0,1,0,1,0,0,0,0,0,0,0,1,1,0
-0.8163309370005319,-1.2774445836787656,1.0,0.0,0.0,0.0,0.0,0.0,1.0,0.0,1,0,0,0,0,1,0,0,1,0,1,0,1
0.6294324531439953,-0.015113308357824713,1.0,0.0,0.0,1.0,0.0,1.0,0.0,0.0,0,1,1,1,0,1,1,1,1,0,0,1,0
-1.4926823160681442,-0.9109613101984924,1.0,0.0,1.0,0.0,0.0,0.0,0.0,1.0,0,0,0,0,0,0,0,0,0,1,0,1,0
-0.1732154979362424,1.4100994218432374,0.0,0.0,0.0,0.0,1.0,0.0,1.0,0.0,1,1,1,0,0,1,1,1,1,1,0,0,0
1.6730409692483204,1.1657772395230555,0.0,1.0,0.0,0.0,1.0,1.0,0.0,0.0,1,1,1,1,1,1,1,1,1,0,0,1,0
1.6481140142458286,0.7178532386027215,1.0,1.0,0.0,1.0,0.0,1.0,0.0,0.0,0,1,0,1,1,1,1,1,1,0,0,1,0
-0.6700928009859131,-1.2367242199587352,0.0,0.0,0.0,0.0,0.0,1.0,0.0,0.0,1,0,0,0,0,0,0,0,0,1,1,1,0
-0.6567984249845842,-0.13727439951791576,0.0,0.0,0.0,0.0,0.0,0.0,1.0,0.0,1,1,0,0,1,0,1,0,0,1,0,0,1
-0.7847567939973756,-1.1960038562387048,1.0,0.0,0.0,0.0,0.0,0.0,1.0,0.0,0,1,0,0,0,0,1,0,0,1,1,0,1
1.4005062612210766,-0.7888002190384014,1.0,1.0,0.0,0.0,0.0,0.0,1.0,0.0,0,1,0,1,0,1,1,0,1,1,1,1,1
0.8338334841644282,1.002895784642934,1.0,1.0,0.0,0.0,0.0,0.0,1.0,0.0,1,1,0,1,0,1,0,0,0,1,0,1,1
-0.49560411596847015,-0.055833672077855064,0.0,0.0,0.0,0.0,1.0,0.0,0.0,0.0,0,1,0,0,1,1,0,1,0,1,0,0,0
1.61321627724234,0.5142514200025698,0.0,1.0,0.0,1.0,0.0,0.0,0.0,1.0,1,1,0,1,1,1,1,1,1,0,0,1,0
0.7756705891586139,1.1657772395230555,0.0,0.0,0.0,0.0,1.0,0.0,0.0,1.0,1,1,1,1,1,1,1,1,1,0,0,1,0
-1.3248408190513656,0.7178532386027215,1.0,0.0,1.0,0.0,1.0,0.0,0.0,0.0,0,0,0,1,0,0,0,0,0,0,0,1,0
1.3373579752147637,-0.5444780367182193,0.0,1.0,0.0,0.0,0.0,0.0,0.0,1.0,0,1,0,0,1,1,0,1,1,1,0,1,1
-1.5093002860698053,1.0843365120829946,1.0,0.0,1.0,0.0,1.0,0.0,0.0,1.0,0,0,0,0,0,0,0,0,0,0,1,1,0
-1.3464441800535252,1.5729808767233588,0.0,0.0,1.0,0.0,1.0,1.0,0.0,0.0,1,0,0,1,0,0,0,0,0,1,0,1,0
0.9867188081797118,-0.6666391278783103,0.0,1.0,0.0,0.0,0.0,0.0,1.0,0.0,0,1,0,0,0,0,0,1,1,1,1,1,1
-0.16656830993557784,1.002895784642934,1.0,0.0,0.0,0.0,1.0,0.0,1.0,0.0,1,0,0,0,1,1,0,1,0,1,0,1,0
-1.328164413051698,-1.2774445836787656,1.0,0.0,0.0,0.0,0.0,0.0,0.0,0.0,0,0,0,0,0,0,0,0,0,0,1,0,0
1.4054916522215746,-0.5037576729981889,1.0,1.0,0.0,0.0,0.0,0.0,1.0,0.0,1,1,0,1,0,1,0,1,1,0,0,1,1
0.19404163910047073,-1.2774445836787656,1.0,1.0,0.0,0.0,0.0,0.0,0.0,1.0,0,0,0,0,0,0,0,0,0,0,1,1,0
0.6859335511496436,-1.1145631287986442,1.0,1.0,0.0,0.0,0.0,0.0,1.0,0.0,1,0,0,1,0,1,0,1,0,1,1,1,0
1.3390197722149297,0.7992939660427822,0.0,1.0,0.0,0.0,0.0,0.0,1.0,0.0,1,1,0,1,0,1,1,0,1,1,1,1,0
0.006258578081699082,-0.46303730927815856,1.0,0.0,0.0,0.0,0.0,0.0,0.0,0.0,1,1,0,0,1,1,0,0,0,1,0,1,1
-0.3244390249513595,-0.748079855318371,1.0,0.0,0.0,0.0,0.0,0.0,1.0,0.0,0,1,0,0,0,0,1,1,1,1,0,0,0
-0.47233895796614456,-1.1145631287986442,0.0,0.0,0.0,0.0,0.0,0.0,0.0,0.0,0,0,0,0,0,1,0,0,0,0,0,1,0
-0.3194536339508612,-1.0738427650786138,0.0,0.0,0.0,0.0,0.0,0.0,0.0,1.0,0,0,0,0,1,1,0,0,0,0,0,1,0
-0.4507355969639848,-0.9109613101984924,0.0,0.0,0.0,0.0,0.0,0.0,1.0,0.0,0,0,0,0,0,1,0,0,0,0,0,1,0
-1.3082228490497045,-1.2774445836787656,0.0,0.0,1.0,0.0,0.0,0.0,0.0,1.0,0,0,1,1,0,0,0,0,0,0,0,1,0
-0.3427187919531868,1.4508197855632678,0.0,0.0,0.0,0.0,0.0,0.0,0.0,1.0,0,0,0,1,1,0,0,0,0,0,0,1,0
1.0099839661820376,-0.5851984004382496,1.0,1.0,0.0,0.0,0.0,0.0,0.0,1.0,1,1,1,0,0,0,1,0,1,0,1,1,0
0.3735157151184122,-0.4223169455581282,0.0,1.0,0.0,1.0,0.0,1.0,0.0,0.0,0,0,0,1,0,0,0,0,0,1,0,1,0
-0.6784017859867437,-0.5037576729981889,0.0,0.0,0.0,0.0,0.0,0.0,1.0,0.0,0,0,0,0,0,0,0,0,0,1,0,1,0
0.17410007509847744,-1.2774445836787656,1.0,1.0,0.0,0.0,0.0,0.0,1.0,0.0,1,0,0,0,0,0,0,0,0,0,1,1,0
0.3236618051134285,-0.9924020376385531,1.0,1.0,0.0,0.0,0.0,0.0,1.0,0.0,0,0,0,0,0,1,0,0,0,1,1,1,1
-0.6617838159850825,-0.9109613101984924,1.0,0.0,0.0,0.0,0.0,1.0,0.0,0.0,0,0,0,0,0,0,0,0,0,1,1,1,0
0.37683930911874425,-0.3408762181180675,1.0,1.0,0.0,0.0,0.0,0.0,1.0,0.0,0,0,0,1,0,0,0,0,0,1,1,1,1
-0.11837619693076015,0.10704778280226633,1.0,0.0,0.0,1.0,0.0,0.0,0.0,1.0,0,0,0,0,1,1,1,0,0,0,0,1,0
0.7324638671542947,-0.38159658183809786,1.0,1.0,0.0,1.0,0.0,0.0,0.0,1.0,1,0,1,0,0,1,1,1,0,0,0,1,0
0.8172155141627669,-1.0738427650786138,0.0,1.0,0.0,0.0,0.0,0.0,1.0,0.0,0,1,0,0,0,0,0,0,1,1,0,1,1
-1.4976677070686424,-0.8295205827584317,0.0,0.0,1.0,0.0,0.0,0.0,0.0,1.0,0,0,0,0,0,0,0,0,0,0,0,1,0
-1.479387940066815,-1.2774445836787656,1.0,0.0,1.0,0.0,0.0,0.0,0.0,1.0,0,0,0,0,0,0,0,0,0,0,0,1,0
0.37517751211857825,1.5729808767233588,0.0,1.0,0.0,0.0,1.0,0.0,1.0,0.0,1,0,1,0,0,0,1,0,0,0,0,1,0
1.1977670272008092,0.10704778280226633,1.0,1.0,0.0,0.0,0.0,0.0,1.0,0.0,1,1,0,1,0,0,1,0,1,1,0,1,1
0.32532360211359457,0.3106496014024181,1.0,0.0,0.0,0.0,0.0,0.0,1.0,0.0,1,1,1,1,0,0,1,0,1,1,0,1,0
0.2937494591104381,-1.2774445836787656,0.0,1.0,0.0,0.0,0.0,0.0,0.0,1.0,0,0,1,0,1,0,0,0,0,1,1,1,0
0.004596781081533054,-0.38159658183809786,1.0,0.0,0.0,1.0,0.0,0.0,0.0,0.0,0,1,0,0,0,0,0,0,1,1,0,1,0
1.0199547481830342,-1.1552834925186746,0.0,1.0,0.0,0.0,0.0,0.0,1.0,0.0,0,1,0,1,0,0,0,0,1,1,1,1,1
0.8521132511662559,-1.1552834925186746,1.0,1.0,0.0,0.0,0.0,0.0,1.0,0.0,0,1,0,0,0,0,1,1,0,1,0,1,0
-0.14828854293375057,1.4508197855632678,0.0,0.0,0.0,0.0,1.0,1.0,0.0,0.0,1,1,1,0,0,1,1,1,1,0,0,0,0
0.5679459641378485,0.22920887396235737,1.0,1.0,0.0,0.0,0.0,0.0,0.0,1.0,0,0,1,1,0,1,0,0,0,1,0,1,0
-1.328164413051698,0.7992939660427822,1.0,0.0,1.0,0.0,1.0,0.0,0.0,1.0,1,0,1,1,0,0,0,0,0,0,0,1,0
0.33695618111475767,-0.015113308357824713,1.0,1.0,0.0,0.0,0.0,0.0,1.0,0.0,1,0,0,1,0,0,0,0,0,1,1,1,1
0.358559542116917,-0.13727439951791576,1.0,0.0,0.0,0.0,1.0,0.0,0.0,1.0,1,1,1,0,0,0,1,1,1,0,0,1,0
1.2093996062019723,0.22920887396235737,1.0,1.0,0.0,0.0,0.0,0.0,1.0,0.0,1,1,1,1,0,1,0,0,1,0,0,1,1
0.464914550127549,0.6364125111626608,1.0,0.0,0.0,1.0,0.0,1.0,0.0,0.0,0,1,1,1,1,0,1,0,1,1,0,1,0
-1.5126238800701375,-1.2774445836787656,0.0,0.0,1.0,0.0,0.0,0.0,0.0,0.0,0,0,0,0,0,0,0,0,0,1,0,1,0
0.8072447321617703,-0.4223169455581282,0.0,1.0,0.0,0.0,0.0,0.0,1.0,0.0,0,1,0,0,1,0,0,1,0,1,0,1,0
1.6713791722481544,0.43281069256250915,0.0,1.0,0.0,0.0,1.0,1.0,0.0,0.0,0,1,0,1,1,1,1,1,1,0,0,1,0
0.15249671409631763,-1.1145631287986442,0.0,1.0,0.0,0.0,0.0,0.0,1.0,0.0,1,0,0,0,0,0,0,0,0,1,0,1,1
0.5264010391336954,-1.1145631287986442,1.0,1.0,0.0,0.0,0.0,0.0,1.0,0.0,0,0,0,0,0,0,0,0,1,1,1,1,0
1.505199472231542,0.758573602322752,1.0,1.0,0.0,1.0,0.0,1.0,0.0,0.0,1,1,1,1,1,1,0,1,1,0,0,1,0
-1.491020519067978,1.5729808767233588,1.0,0.0,1.0,0.0,1.0,1.0,0.0,0.0,0,0,0,0,0,0,0,0,0,1,0,1,0
0.5164302571326987,0.22920887396235737,0.0,0.0,0.0,1.0,0.0,1.0,0.0,0.0,1,1,1,0,1,1,0,1,1,0,1,1,0
0.9435120861753926,-0.3408762181180675,1.0,1.0,0.0,0.0,0.0,0.0,1.0,0.0,1,1,0,0,0,0,1,0,1,1,1,1,1
0.8886727851699104,0.10704778280226633,1.0,1.0,0.0,0.0,0.0,1.0,0.0,0.0,1,0,0,1,0,0,0,1,1,1,0,1,0
0.5878875281398422,0.880734693482843,0.0,0.0,0.0,1.0,0.0,0.0,0.0,0.0,0,1,0,1,1,1,0,1,1,0,1,1,1
-0.1582593249347472,1.6137012404433893,0.0,0.0,0.0,0.0,1.0,0.0,1.0,0.0,1,1,1,0,0,1,1,1,1,1,0,0,0
-0.6634456129852487,-1.2774445836787656,1.0,0.0,0.0,0.0,0.0,0.0,1.0,0.0,0,0,0,0,0,0,0,0,0,1,0,1,0
-0.5371490409726233,-0.9516816739185228,0.0,0.0,0.0,1.0,0.0,0.0,0.0,1.0,1,0,1,0,1,0,0,0,0,0,0,1,0
-0.15659752793458118,1.4915401492832983,1.0,0.0,0.0,0.0,1.0,0.0,0.0,0.0,0,1,0,0,1,1,0,1,1,1,0,0,0
1.260915313207122,0.7992939660427822,0.0,1.0,0.0,0.0,0.0,1.0,0.0,0.0,1,1,0,1,0,1,0,1,1,1,0,1,0
0.6028437011413373,-0.8702409464784621,0.0,1.0,0.0,0.0,0.0,0.0,1.0,0.0,1,0,0,0,0,0,0,1,1,1,0,1,1
0.1857326540996401,-1.2367242199587352,0.0,1.0,0.0,0.0,0.0,0.0,1.0,0.0,0,0,0,0,0,0,0,0,0,1,1,1,1
-0.9592454790148186,-0.1779947632379461,0.0,0.0,0.0,0.0,0.0,0.0,1.0,0.0,1,0,1,0,0,0,0,0,1,1,0,0,1
0.5945347161405068,-0.62591876415828,0.0,1.0,0.0,0.0,0.0,1.0,0.0,0.0,0,0,0,1,0,0,1,0,0,1,0,1,1
-1.4926823160681442,0.10704778280226633,0.0,0.0,1.0,0.0,1.0,0.0,0.0,1.0,1,0,1,0,0,0,0,0,0,1,0,1,0
-1.5142856770703037,-0.9924020376385531,0.0,0.0,1.0,1.0,0.0,0.0,0.0,1.0,0,0,0,0,0,0,0,0,0,1,0,1,0
1.001674981181207,0.5549717837226001,1.0,1.0,0.0,1.0,0.0,1.0,0.0,0.0,0,0,0,1,0,1,1,0,1,1,0,1,0
0.3020584441112687,-1.0331224013585834,0.0,1.0,0.0,0.0,0.0,0.0,1.0,0.0,0,0,0,1,0,0,0,0,0,1,1,1,0
0.5264010391336954,-1.2367242199587352,0.0,1.0,0.0,0.0,0.0,0.0,0.0,1.0,0,0,0,1,0,0,1,0,0,0,1,1,0
0.36686852711774764,1.4508197855632678,1.0,0.0,0.0,1.0,0.0,0.0,0.0,0.0,1,1,1,1,0,1,1,1,0,1,1,1,0
1.3240635992134344,0.43281069256250915,0.0,1.0,0.0,0.0,1.0,0.0,1.0,0.0,0,1,0,1,0,1,1,0,1,1,1,1,0
0.7773323861587803,1.4508197855632678,0.0,0.0,0.0,0.0,1.0,0.0,1.0,0.0,0,1,0,1,1,1,1,1,1,1,0,1,0
0.9983513871808745,0.14776814652229667,0.0,1.0,0.0,0.0,0.0,1.0,0.0,0.0,0,1,0,0,0,1,0,0,1,1,0,1,0
1.284180471209448,1.247217966963116,1.0,1.0,0.0,0.0,0.0,0.0,1.0,0.0,1,1,0,1,0,1,1,0,1,1,1,1,0
-0.33607160395252245,-0.015113308357824713,0.0,0.0,0.0,0.0,0.0,0.0,0.0,0.0,0,0,0,0,0,1,0,1,0,0,0,1,1
0.6975661301508063,1.5729808767233588,0.0,0.0,0.0,0.0,1.0,1.0,0.0,0.0,1,1,0,1,1,1,1,1,1,0,0,1,0
0.08934842809000525,1.369379058123207,0.0,0.0,0.0,0.0,0.0,0.0,0.0,0.0,1,0,1,1,1,1,1,0,0,1,0,1,0
-1.4710789550659844,1.247217966963116,1.0,0.0,1.0,1.0,0.0,0.0,0.0,1.0,0,0,0,0,0,0,0,0,0,0,0,1,0
-1.479387940066815,0.35136996512244845,0.0,0.0,1.0,1.0,0.0,1.0,0.0,0.0,0,0,1,0,0,0,0,0,0,1,0,1,0
0.2438955491054544,-1.2774445836787656,0.0,1.0,0.0,0.0,0.0,0.0,1.0,0.0,0,0,0,1,0,0,0,0,0,1,0,1,1
0.8521132511662559,-1.2367242199587352,0.0,1.0,0.0,0.0,0.0,0.0,1.0,0.0,0,1,0,0,0,0,0,0,1,1,1,1,0
-1.505976692069473,1.5322605130033284,0.0,0.0,1.0,0.0,1.0,0.0,0.0,0.0,1,0,0,0,0,0,0,0,0,0,0,1,0
-0.6584602219847502,-0.38159658183809786,0.0,0.0,0.0,0.0,0.0,0.0,1.0,0.0,0,1,0,0,0,0,0,0,1,1,0,0,0
1.071470455188184,1.2879383306831464,0.0,1.0,0.0,1.0,0.0,0.0,0.0,0.0,1,1,0,0,1,1,1,0,0,0,0,1,1
-0.0651986929254444,0.18848851024232702,1.0,0.0,0.0,0.0,1.0,1.0,0.0,0.0,1,0,1,1,1,0,1,1,0,1,0,1,0
-0.6700928009859131,-0.62591876415828,1.0,0.0,0.0,1.0,0.0,0.0,0.0,1.0,0,0,1,0,0,0,0,0,0,0,0,1,0
0.8105683261621028,-1.0331224013585834,0.0,1.0,0.0,0.0,0.0,0.0,1.0,0.0,0,1,0,0,0,0,0,0,1,1,0,1,1
0.6659919871476498,-1.1552834925186746,1.0,1.0,0.0,0.0,0.0,0.0,0.0,0.0,1,0,1,1,0,1,1,0,0,1,1,1,0
-0.7598298389948839,-0.46303730927815856,0.0,0.0,0.0,0.0,0.0,0.0,1.0,0.0,0,0,0,0,1,0,0,0,1,1,1,0,1
0.5147684601325326,-0.9109613101984924,0.0,1.0,0.0,0.0,0.0,0.0,0.0,0.0,0,1,0,0,0,0,0,0,0,1,1,1,0
-0.3543513709543497,-0.6666391278783103,0.0,0.0,0.0,0.0,0.0,0.0,1.0,0.0,0,0,0,1,1,0,0,0,0,1,0,1,1
1.3456669602155942,1.2879383306831464,1.0,1.0,0.0,0.0,1.0,0.0,1.0,0.0,1,1,0,1,0,1,0,1,1,1,0,1,0
-1.1304105700319294,-0.21871512695797646,1.0,0.0,0.0,0.0,0.0,1.0,0.0,0.0,1,0,0,0,1,0,0,0,0,0,1,0,1
1.074794049188516,0.3920903288424788,1.0,1.0,0.0,1.0,0.0,0.0,1.0,0.0,1,1,1,1,1,0,0,0,1,0,0,1,0
-1.481049737066981,-1.1145631287986442,1.0,0.0,1.0,0.0,0.0,0.0,0.0,1.0,0,0,1,0,0,0,0,0,0,0,0,1,0
1.1312951471941644,0.35136996512244845,0.0,1.0,0.0,0.0,1.0,0.0,0.0,0.0,0,1,0,0,0,1,0,1,1,1,0,1,0
-0.4806479429669752,1.0436161483629645,1.0,0.0,0.0,1.0,0.0,1.0,0.0,0.0,1,0,0,0,0,0,1,0,0,0,0,1,0
-1.4694171580658184,0.5956921474426305,0.0,0.0,1.0,0.0,1.0,0.0,0.0,1.0,0,0,0,0,0,0,0,0,0,1,0,1,0
0.37019212111808014,-0.5851984004382496,1.0,1.0,0.0,0.0,0.0,0.0,0.0,0.0,0,0,0,0,0,0,0,1,0,1,0,1,0
1.0548524851865226,-1.1145631287986442,1.0,1.0,0.0,0.0,0.0,0.0,0.0,0.0,0,1,0,0,0,0,1,0,1,0,1,1,0
-0.15992112193491323,-0.38159658183809786,1.0,0.0,0.0,0.0,0.0,0.0,0.0,0.0,1,1,0,0,1,0,0,0,0,1,0,1,0
-1.51594747407047,-1.2774445836787656,0.0,0.0,1.0,0.0,0.0,0.0,0.0,1.0,0,0,0,0,0,0,0,0,0,0,0,1,0
1.1263097561936661,1.5729808767233588,1.0,1.0,0.0,1.0,0.0,1.0,0.0,0.0,1,1,0,1,0,0,1,0,1,1,0,1,0
1.5899511192400142,1.6137012404433893,1.0,1.0,0.0,0.0,1.0,1.0,0.0,0.0,1,1,1,1,1,1,1,1,1,1,0,1,0
-1.4677553610656522,0.025607055362205634,1.0,0.0,1.0,1.0,0.0,0.0,0.0,1.0,1,0,1,0,0,0,0,0,0,0,0,1,0
0.6942425361504742,-1.2367242199587352,1.0,1.0,0.0,0.0,0.0,0.0,1.0,0.0,0,0,0,1,0,0,0,0,1,1,1,1,0
-0.9642308700153169,-0.3408762181180675,1.0,0.0,0.0,0.0,1.0,0.0,0.0,1.0,0,0,1,0,1,0,0,1,0,0,0,0,0
1.1628692901973208,0.9621754209229036,0.0,1.0,0.0,1.0,0.0,1.0,0.0,0.0,1,1,1,1,0,1,1,1,0,1,0,1,0
1.0415581091851935,0.18848851024232702,1.0,1.0,0.0,0.0,0.0,1.0,0.0,0.0,0,1,0,0,0,1,0,0,1,1,0,1,0
0.6759627691486464,0.43281069256250915,0.0,0.0,0.0,1.0,0.0,1.0,0.0,0.0,0,1,0,1,0,1,1,1,1,0,0,1,0
-1.3098846460498705,-1.2774445836787656,1.0,0.0,0.0,0.0,0.0,0.0,0.0,1.0,0,0,0,0,0,0,0,0,0,0,0,0,0
1.3356961782145975,-0.30015585439803716,0.0,1.0,0.0,0.0,0.0,0.0,0.0,0.0,1,1,0,1,0,0,1,1,1,1,1,1,0
0.827186296163764,1.1657772395230555,0.0,0.0,0.0,0.0,1.0,0.0,1.0,0.0,0,1,0,1,1,1,1,1,1,0,0,1,0
0.7308020701541287,-0.62591876415828,1.0,1.0,0.0,1.0,0.0,0.0,1.0,0.0,0,0,0,1,0,0,1,1,0,0,0,1,0
0.7125223031523015,0.35136996512244845,0.0,1.0,0.0,1.0,0.0,0.0,0.0,0.0,1,0,0,0,0,1,1,1,0,1,0,1,0
-0.4690153639658123,-1.2774445836787656,1.0,0.0,0.0,0.0,0.0,0.0,0.0,1.0,0,0,0,0,0,1,0,0,0,0,1,1,0
0.001273187081200524,1.6137012404433893,1.0,0.0,0.0,0.0,1.0,0.0,0.0,0.0,1,1,1,0,1,1,1,1,1,1,0,0,1
0.8670694241677506,-1.2774445836787656,1.0,1.0,0.0,0.0,0.0,1.0,0.0,0.0,0,1,0,1,0,1,0,0,0,1,1,1,0
1.440389389225063,0.6364125111626608,1.0,1.0,0.0,0.0,1.0,0.0,0.0,0.0,0,1,0,1,0,1,1,0,1,1,0,1,0
-1.4893587220678117,-0.8702409464784621,1.0,0.0,1.0,0.0,0.0,0.0,0.0,1.0,1,0,0,0,0,0,0,0,0,0,1,1,1
0.6875953481498096,0.9214550572028734,0.0,1.0,0.0,0.0,0.0,0.0,1.0,0.0,1,0,0,1,0,1,1,0,0,1,1,1,1
-0.3327480099521901,0.3920903288424788,0.0,0.0,0.0,1.0,0.0,0.0,1.0,0.0,0,1,0,0,1,1,1,1,0,1,0,0,0
0.8521132511662559,0.47353105628253944,1.0,1.0,0.0,0.0,0.0,0.0,0.0,1.0,0,1,0,1,0,0,1,0,0,1,0,1,0
-0.6900343649879066,-1.2774445836787656,1.0,0.0,0.0,0.0,0.0,0.0,1.0,0.0,0,0,1,0,0,0,0,0,0,0,0,1,0
1.0249401391835322,-0.21871512695797646,0.0,1.0,0.0,0.0,0.0,0.0,0.0,0.0,0,1,0,1,0,0,0,0,1,1,0,1,0
0.6659919871476498,-0.21871512695797646,1.0,0.0,0.0,0.0,0.0,0.0,0.0,0.0,1,1,0,1,0,1,1,1,1,1,0,1,1
-0.6800635829869099,-1.2367242199587352,0.0,0.0,0.0,0.0,0.0,0.0,1.0,0.0,0,0,0,0,0,0,0,0,0,1,0,1,1
-1.491020519067978,-0.5444780367182193,0.0,0.0,1.0,0.0,0.0,0.0,0.0,1.0,0,0,0,0,0,0,0,0,0,0,0,1,0
1.0066603721817051,0.3920903288424788,0.0,1.0,0.0,0.0,0.0,0.0,1.0,0.0,1,1,0,1,0,0,0,0,1,1,0,1,1
0.8404806721650927,1.369379058123207,0.0,0.0,0.0,0.0,1.0,1.0,0.0,0.0,0,1,0,1,1,1,1,1,1,1,0,1,0
1.5002140812310438,0.025607055362205634,1.0,1.0,0.0,0.0,0.0,0.0,0.0,0.0,1,1,0,1,1,0,1,1,1,1,0,1,1
0.30538203811160125,0.06632741908223598,0.0,1.0,0.0,0.0,0.0,1.0,0.0,0.0,0,0,0,0,0,1,0,0,0,1,1,1,0
-0.33773340095268845,0.025607055362205634,1.0,0.0,0.0,0.0,0.0,0.0,1.0,0.0,0,1,0,0,0,0,1,1,1,1,0,0,1
-1.4860351280674797,-0.38159658183809786,0.0,0.0,1.0,1.0,0.0,0.0,0.0,1.0,1,0,1,0,0,0,0,0,0,0,0,1,0
-1.4960059100684764,-0.015113308357824713,0.0,0.0,1.0,1.0,0.0,0.0,0.0,0.0,0,0,0,0,0,0,0,0,0,0,0,1,0
-1.4860351280674797,-0.8702409464784621,0.0,0.0,1.0,1.0,0.0,1.0,0.0,0.0,0,0,0,0,0,0,0,0,0,0,0,1,0
1.1528985081963241,1.4915401492832983,1.0,1.0,0.0,0.0,0.0,1.0,0.0,0.0,1,1,1,1,0,0,1,0,1,1,1,1,0
-0.29452667894836937,1.4508197855632678,0.0,0.0,0.0,1.0,0.0,0.0,0.0,0.0,1,0,0,0,1,0,0,1,0,0,0,1,0
-1.4976677070686424,-0.5037576729981889,1.0,0.0,1.0,0.0,1.0,0.0,0.0,1.0,0,0,0,0,0,0,0,0,0,1,0,1,0
-1.4943441130683104,1.6137012404433893,1.0,0.0,1.0,0.0,1.0,1.0,0.0,0.0,0,0,0,0,0,0,0,0,0,1,0,1,0
1.0182929511828682,1.125056875803025,1.0,1.0,0.0,1.0,0.0,0.0,0.0,0.0,1,0,1,1,1,0,1,0,1,1,0,1,0
0.9701008381780505,-0.015113308357824713,1.0,1.0,0.0,0.0,0.0,0.0,0.0,1.0,1,1,1,0,0,1,0,0,1,1,0,1,1
-1.491020519067978,-1.2774445836787656,0.0,0.0,1.0,0.0,0.0,0.0,0.0,1.0,0,0,0,0,0,0,0,0,0,1,1,1,0
-1.5009913010689746,-1.2774445836787656,1.0,0.0,1.0,0.0,0.0,0.0,0.0,1.0,0,0,0,0,0,0,0,0,0,1,1,1,0
0.5513279941361872,-1.1960038562387048,1.0,1.0,0.0,0.0,0.0,0.0,1.0,0.0,0,0,0,1,0,1,0,0,0,1,1,1,1
-1.3397969920528607,0.5549717837226001,0.0,0.0,1.0,1.0,0.0,0.0,0.0,0.0,1,0,0,1,0,0,0,0,0,1,0,1,0
0.3386179781149237,-0.13727439951791576,0.0,1.0,0.0,0.0,0.0,0.0,1.0,0.0,1,0,0,1,0,0,0,0,0,1,0,1,0
0.750743634156122,0.758573602322752,1.0,1.0,0.0,0.0,0.0,0.0,1.0,0.0,0,0,0,1,0,1,1,1,0,1,0,1,0
0.19570343610063723,0.6364125111626608,0.0,1.0,0.0,0.0,0.0,0.0,0.0,0.0,1,0,0,0,0,0,0,0,0,1,0,1,1
0.28211688010927544,-0.6666391278783103,0.0,1.0,0.0,0.0,0.0,0.0,0.0,0.0,1,0,1,0,0,1,0,0,0,0,0,1,0
1.1279715531938321,1.5322605130033284,1.0,1.0,0.0,0.0,1.0,0.0,0.0,0.0,1,1,0,1,0,1,1,1,0,1,0,1,0
-1.328164413051698,0.3106496014024181,0.0,0.0,1.0,0.0,1.0,0.0,0.0,1.0,1,0,1,1,0,0,0,0,0,1,0,1,0
0.6161380771426661,-0.4223169455581282,0.0,1.0,0.0,0.0,0.0,0.0,1.0,0.0,1,1,1,0,0,1,0,0,0,0,1,1,0
0.3502505571160864,-1.2774445836787656,0.0,1.0,0.0,0.0,0.0,0.0,0.0,0.0,0,0,0,0,0,0,1,0,0,1,1,1,1
-1.3447823830533592,-1.1145631287986442,0.0,0.0,1.0,0.0,0.0,0.0,0.0,1.0,1,0,1,1,0,0,0,0,0,1,0,1,0
0.16911468409797886,-1.0331224013585834,0.0,1.0,0.0,0.0,0.0,0.0,0.0,0.0,0,0,0,0,0,0,0,0,0,1,0,1,0
1.1894580421999785,-0.13727439951791576,1.0,1.0,0.0,1.0,0.0,1.0,0.0,0.0,0,1,1,1,0,1,1,1,0,0,0,1,0
-1.2982520670487077,0.47353105628253944,1.0,0.0,1.0,1.0,0.0,0.0,0.0,1.0,1,0,1,1,0,0,0,0,0,0,0,1,0
-0.7997129669988706,-0.9109613101984924,0.0,0.0,0.0,0.0,0.0,0.0,0.0,0.0,0,0,0,0,1,1,1,0,0,0,0,0,0
-0.4357794239624898,0.9214550572028734,0.0,0.0,0.0,0.0,0.0,0.0,0.0,0.0,1,0,0,1,0,0,0,0,0,0,0,1,1
1.3406815692150957,0.7992939660427822,1.0,1.0,0.0,1.0,0.0,0.0,0.0,0.0,1,1,0,1,0,1,1,0,1,1,0,1,1
0.7042133181514708,-0.9109613101984924,0.0,1.0,0.0,0.0,0.0,0.0,1.0,0.0,1,1,1,1,0,0,0,0,0,0,0,1,0
0.36022133911708304,-0.5851984004382496,1.0,1.0,0.0,0.0,0.0,0.0,0.0,0.0,0,0,0,1,0,0,0,0,0,1,0,1,0
-0.21642221994056152,1.4508197855632678,0.0,0.0,0.0,1.0,0.0,0.0,0.0,0.0,1,0,0,1,1,0,0,1,0,0,0,1,0
-1.5076384890696393,1.1657772395230555,0.0,0.0,1.0,0.0,0.0,0.0,0.0,1.0,1,0,1,0,0,0,0,0,0,1,1,1,0
0.014567563082529699,1.6137012404433893,0.0,0.0,0.0,0.0,1.0,1.0,0.0,0.0,1,1,1,0,1,1,1,1,1,1,0,0,0
-0.37595473195650925,-1.2367242199587352,1.0,0.0,0.0,0.0,0.0,0.0,1.0,0.0,0,0,0,0,1,0,1,0,0,0,0,1,0
-0.6435040489832552,-0.8295205827584317,1.0,0.0,0.0,0.0,0.0,0.0,0.0,0.0,0,0,0,0,0,0,0,0,0,1,1,1,0
-1.4960059100684764,0.35136996512244845,1.0,0.0,1.0,0.0,1.0,0.0,1.0,0.0,1,0,0,0,0,0,0,0,0,1,0,1,0
-0.6750781919864114,-0.2594354906780068,0.0,0.0,0.0,0.0,0.0,1.0,0.0,0.0,0,0,0,0,0,0,1,1,1,1,0,0,0
-1.4594463760648215,0.14776814652229667,1.0,0.0,1.0,1.0,0.0,0.0,0.0,0.0,1,0,0,0,0,0,0,0,0,0,0,1,0
1.638143232244832,1.6137012404433893,1.0,1.0,0.0,0.0,1.0,1.0,0.0,0.0,1,1,1,1,1,1,1,1,1,1,0,1,0
0.8338334841644282,0.10704778280226633,1.0,1.0,0.0,0.0,0.0,0.0,0.0,0.0,1,1,0,1,0,0,0,1,0,1,0,1,0
-0.3227772279511935,-1.2774445836787656,1.0,0.0,0.0,0.0,0.0,0.0,0.0,1.0,0,0,0,0,0,0,1,1,0,0,0,1,0
1.6015836982411773,-0.6666391278783103,0.0,1.0,0.0,0.0,0.0,0.0,1.0,0.0,1,1,1,1,1,0,1,1,1,1,0,1,0
1.222693982203301,0.6771328748826912,0.0,1.0,0.0,0.0,0.0,1.0,0.0,0.0,0,1,0,1,1,0,0,0,1,0,0,1,1
1.6580847962468257,0.880734693482843,0.0,1.0,0.0,1.0,0.0,0.0,0.0,1.0,1,1,0,1,1,1,1,1,1,1,0,1,0
0.001273187081200524,-0.5851984004382496,0.0,0.0,0.0,0.0,0.0,0.0,1.0,0.0,0,1,1,1,1,0,0,0,0,0,0,1,0
0.5197538511330312,0.14776814652229667,0.0,1.0,0.0,0.0,0.0,0.0,1.0,0.0,1,1,0,0,0,0,0,0,0,0,0,1,0
1.3672703212177542,1.125056875803025,0.0,1.0,0.0,0.0,0.0,0.0,1.0,0.0,0,1,0,1,0,1,1,0,1,1,1,1,0
0.15914390209698223,-1.2774445836787656,0.0,1.0,0.0,0.0,0.0,0.0,0.0,1.0,0,0,0,0,0,0,0,0,0,0,1,1,0
-1.3198554280508674,0.7992939660427822,0.0,0.0,1.0,0.0,1.0,0.0,0.0,0.0,1,0,1,1,0,0,0,0,0,1,0,1,0
0.9966895901807084,-0.9924020376385531,1.0,1.0,0.0,0.0,0.0,0.0,1.0,0.0,1,1,1,0,0,0,1,0,1,1,0,1,0
1.3539759452164248,1.6137012404433893,1.0,1.0,0.0,0.0,1.0,0.0,0.0,0.0,1,1,1,0,1,1,0,1,1,0,0,1,0
-1.33148800705203,1.2879383306831464,0.0,0.0,1.0,1.0,0.0,0.0,0.0,1.0,0,0,0,1,0,0,0,0,0,0,0,1,0
0.1657910900976468,-0.4223169455581282,0.0,0.0,0.0,0.0,0.0,0.0,0.0,1.0,0,1,0,0,1,0,1,1,0,1,0,1,1
-0.15161213693408263,1.125056875803025,1.0,0.0,0.0,0.0,0.0,0.0,0.0,0.0,1,1,0,0,0,1,1,1,1,1,0,0,0
0.5413572121351905,-0.1779947632379461,0.0,1.0,0.0,0.0,0.0,0.0,1.0,0.0,1,1,1,0,0,0,0,0,0,1,1,1,0
-1.341458789053027,1.1657772395230555,0.0,0.0,1.0,0.0,1.0,0.0,0.0,1.0,1,0,0,1,0,0,0,0,0,0,0,1,0
1.3091074262119398,-0.3408762181180675,0.0,1.0,0.0,0.0,0.0,0.0,1.0,0.0,0,1,0,1,0,1,1,0,1,1,0,1,0
0.9352031011745621,-0.1779947632379461,1.0,1.0,0.0,1.0,0.0,0.0,0.0,0.0,1,0,1,0,0,1,1,1,1,0,0,1,0
0.53304822713436,-0.0965540357978854,0.0,0.0,0.0,0.0,1.0,0.0,0.0,0.0,1,1,1,0,0,1,1,1,1,0,0,1,0
-1.4876969250676457,-1.2367242199587352,1.0,0.0,1.0,0.0,0.0,0.0,0.0,1.0,1,0,0,0,0,0,0,0,0,0,0,1,0
0.3436033691154218,-1.2774445836787656,1.0,1.0,0.0,0.0,0.0,0.0,1.0,0.0,0,0,0,1,0,0,0,0,0,1,0,1,0
-1.4993295040688086,-1.0738427650786138,1.0,0.0,1.0,0.0,0.0,0.0,0.0,1.0,0,0,1,0,0,0,0,0,0,0,0,1,0
0.15582030809665018,-0.3408762181180675,0.0,0.0,0.0,0.0,0.0,0.0,0.0,0.0,1,1,0,0,0,1,0,0,1,1,0,1,0
1.2093996062019723,-1.1552834925186746,1.0,1.0,0.0,0.0,0.0,0.0,1.0,0.0,1,1,1,1,0,0,1,0,1,0,1,1,0
1.1645310871974868,-1.0331224013585834,1.0,1.0,0.0,0.0,0.0,0.0,1.0,0.0,0,1,0,1,0,1,0,0,1,1,1,1,0
1.7046151122514768,1.6137012404433893,1.0,1.0,0.0,0.0,1.0,0.0,0.0,0.0,1,1,0,1,1,1,1,1,1,1,0,1,1
-0.8213163280010305,1.5322605130033284,1.0,0.0,0.0,0.0,1.0,0.0,0.0,1.0,0,1,0,0,0,0,0,1,0,1,0,0,0
1.2409737492051283,1.2879383306831464,1.0,1.0,0.0,0.0,1.0,0.0,1.0,0.0,1,1,0,1,0,0,1,1,1,0,0,1,1
0.82884809316393,1.6137012404433893,1.0,1.0,0.0,1.0,0.0,0.0,1.0,0.0,1,0,1,1,0,1,0,0,1,1,0,1,0
-1.491020519067978,0.47353105628253944,0.0,0.0,1.0,0.0,1.0,0.0,0.0,1.0,0,0,1,0,0,0,0,0,0,0,0,1,0
-0.2928648819482031,-0.7888002190384014,0.0,0.0,0.0,0.0,0.0,0.0,1.0,0.0,1,1,1,0,0,0,0,0,0,0,1,1,0
-1.4660935640654862,-0.62591876415828,0.0,0.0,1.0,1.0,0.0,0.0,0.0,1.0,0,0,0,0,0,0,0,0,0,0,0,1,1
-0.3244390249513595,-1.2774445836787656,1.0,0.0,0.0,0.0,0.0,0.0,1.0,0.0,0,1,0,0,0,0,0,0,0,1,1,1,0
0.17576187209864347,-0.9516816739185228,1.0,0.0,0.0,0.0,0.0,0.0,0.0,1.0,1,1,0,0,0,0,1,0,1,1,0,1,0
-0.3709693409560109,-0.3408762181180675,1.0,0.0,0.0,0.0,0.0,0.0,0.0,1.0,1,0,0,0,1,0,0,1,0,0,0,1,0
0.3303089931140931,-1.2774445836787656,0.0,1.0,0.0,0.0,0.0,0.0,1.0,0.0,1,0,1,0,0,1,0,0,0,1,1,1,0
0.5147684601325326,-0.3408762181180675,1.0,1.0,0.0,0.0,0.0,0.0,1.0,0.0,0,0,0,1,0,1,0,0,0,1,1,1,0
0.37517751211857825,0.10704778280226633,1.0,0.0,0.0,0.0,0.0,0.0,1.0,0.0,1,1,1,0,0,1,0,1,1,1,0,1,1
0.36354493311741554,-1.0331224013585834,0.0,0.0,0.0,0.0,0.0,0.0,1.0,0.0,1,0,1,0,1,1,1,1,1,1,0,1,0
1.0415581091851935,-1.1145631287986442,1.0,1.0,0.0,0.0,0.0,0.0,1.0,0.0,0,1,0,0,0,0,0,1,1,1,1,1,0
0.14086413509515497,-0.7073594915983407,0.0,1.0,0.0,0.0,0.0,0.0,0.0,0.0,0,0,1,0,0,0,0,0,0,0,1,1,0
-1.4993295040688086,-0.8702409464784621,1.0,0.0,1.0,0.0,1.0,0.0,0.0,1.0,1,0,1,0,0,0,0,0,0,0,0,1,0
-0.6468276429835875,0.6364125111626608,0.0,0.0,0.0,0.0,0.0,0.0,0.0,0.0,1,1,0,0,1,0,1,0,0,1,1,0,0
0.5546515881365197,-0.5037576729981889,0.0,1.0,0.0,0.0,0.0,0.0,1.0,0.0,0,1,0,0,0,0,0,0,0,1,0,1,1
1.4536837652263923,1.6137012404433893,0.0,1.0,0.0,1.0,0.0,0.0,0.0,0.0,1,1,0,1,0,1,1,1,1,1,0,1,0
0.6244470621434968,-0.9924020376385531,0.0,1.0,0.0,0.0,0.0,0.0,1.0,0.0,1,0,1,0,0,1,0,0,1,1,1,1,0
0.6560212051466532,1.6137012404433893,1.0,1.0,0.0,0.0,1.0,1.0,0.0,0.0,1,1,1,1,0,0,0,0,0,1,0,1,0
1.1761636661986499,-0.7073594915983407,0.0,1.0,0.0,0.0,0.0,0.0,1.0,0.0,0,1,0,1,0,1,0,0,1,1,0,1,0
0.7922885591602751,1.6137012404433893,1.0,0.0,0.0,0.0,1.0,0.0,0.0,0.0,0,1,0,1,0,1,1,1,1,1,0,1,0
-0.40586707795949967,-1.318164947398796,0.0,0.0,0.0,0.0,1.0,0.0,0.0,0.0,1,0,1,0,1,0,1,1,1,1,0,0,0
0.31867641411292996,-1.2774445836787656,1.0,1.0,0.0,0.0,0.0,0.0,1.0,0.0,0,0,1,1,0,0,0,0,0,1,1,1,0
1.330710787214099,1.247217966963116,1.0,1.0,0.0,0.0,1.0,0.0,0.0,0.0,1,1,1,1,0,1,1,0,1,1,0,1,0
-0.19149526493806968,-1.2367242199587352,0.0,0.0,0.0,0.0,0.0,0.0,1.0,0.0,0,0,0,0,0,1,0,0,1,1,0,1,0
0.32033821111309646,-1.2367242199587352,0.0,1.0,0.0,0.0,0.0,0.0,1.0,0.0,1,0,0,0,1,0,0,0,0,1,1,1,0
-0.023653767921291324,1.1657772395230555,1.0,0.0,0.0,1.0,0.0,0.0,0.0,0.0,1,1,0,1,0,1,0,0,0,0,0,1,1
-1.4744025490663168,-1.2774445836787656,1.0,0.0,1.0,0.0,0.0,0.0,0.0,1.0,0,0,0,0,0,0,0,0,0,0,0,1,0
-0.6983433499887373,-0.4223169455581282,1.0,0.0,0.0,1.0,0.0,0.0,0.0,0.0,0,1,0,0,0,1,1,0,0,1,1,0,0
-0.12834697893175703,-0.1779947632379461,1.0,0.0,0.0,0.0,0.0,0.0,0.0,1.0,1,0,0,0,1,1,0,1,0,0,0,1,0
-1.4943441130683104,1.5322605130033284,0.0,0.0,1.0,0.0,1.0,0.0,0.0,0.0,1,0,0,0,0,0,0,0,0,0,0,1,0
-1.2068532320395708,-1.1145631287986442,0.0,0.0,0.0,0.0,0.0,0.0,1.0,0.0,0,0,0,0,0,1,0,0,0,0,1,0,1
1.1612074931971548,-0.8295205827584317,0.0,1.0,0.0,0.0,0.0,0.0,0.0,0.0,0,1,0,1,1,1,1,0,0,1,1,1,0
1.7112623002521414,0.06632741908223598,1.0,1.0,0.0,1.0,0.0,1.0,0.0,0.0,0,1,0,1,1,1,1,1,1,0,0,1,0
0.5297246331340278,1.5729808767233588,0.0,1.0,0.0,0.0,1.0,1.0,0.0,0.0,1,0,0,1,1,0,0,0,0,1,0,1,1
0.014567563082529699,1.5322605130033284,0.0,0.0,0.0,1.0,0.0,0.0,0.0,0.0,1,1,1,1,1,0,0,0,0,0,0,1,0
0.641065032145158,0.7992939660427822,0.0,1.0,0.0,0.0,0.0,0.0,0.0,0.0,1,0,1,0,1,0,1,1,0,1,0,1,0
0.4881797081298748,1.4915401492832983,1.0,0.0,0.0,0.0,1.0,1.0,0.0,0.0,0,0,1,1,1,1,1,1,1,1,0,1,0
0.9750862291785486,-0.5037576729981889,0.0,1.0,0.0,0.0,0.0,0.0,1.0,0.0,0,1,0,1,0,1,1,0,0,1,1,1,1
0.43998759512505714,-0.8702409464784621,1.0,1.0,0.0,0.0,0.0,0.0,0.0,1.0,0,0,1,1,0,0,1,0,0,1,0,1,0
0.9784098231788811,-1.2367242199587352,1.0,1.0,0.0,0.0,0.0,0.0,1.0,0.0,1,1,0,0,0,0,0,1,1,1,1,1,0
0.5230774451333633,-1.0738427650786138,0.0,1.0,0.0,0.0,0.0,0.0,1.0,0.0,1,0,1,1,0,0,0,1,0,1,1,1,0
-1.4926823160681442,-1.2774445836787656,0.0,0.0,1.0,0.0,0.0,0.0,0.0,1.0,0,0,0,0,0,0,0,0,0,0,0,1,0
0.9817334171792131,-0.5037576729981889,1.0,1.0,0.0,1.0,0.0,1.0,0.0,0.0,1,1,1,0,1,0,1,1,0,0,0,1,1
1.3855500882195813,1.1657772395230555,1.0,1.0,0.0,0.0,0.0,0.0,1.0,0.0,0,1,0,1,1,0,1,0,1,1,0,1,0
0.31867641411292996,-1.1145631287986442,0.0,1.0,0.0,0.0,0.0,0.0,1.0,0.0,1,0,0,1,0,0,0,0,0,1,1,1,1
1.3523141482162588,0.9621754209229036,0.0,1.0,0.0,0.0,0.0,0.0,0.0,0.0,0,1,0,1,0,1,0,1,1,1,0,1,0
1.0049985751815391,-0.0965540357978854,1.0,1.0,0.0,0.0,0.0,1.0,0.0,0.0,0,0,0,1,1,1,1,1,0,1,0,1,0
1.330710787214099,0.3106496014024181,1.0,1.0,0.0,0.0,0.0,0.0,0.0,0.0,0,1,0,1,0,0,1,1,1,0,1,1,0
-0.3477041829536853,-0.1779947632379461,0.0,0.0,0.0,1.0,0.0,0.0,0.0,1.0,0,0,0,0,1,0,0,1,0,0,0,1,0
0.17576187209864347,-1.1145631287986442,0.0,1.0,0.0,0.0,0.0,0.0,1.0,0.0,1,0,0,0,0,0,0,0,0,0,0,1,1
0.3469269631157543,-0.21871512695797646,0.0,1.0,0.0,0.0,0.0,0.0,0.0,0.0,1,0,0,0,1,0,0,0,0,1,1,1,1
-1.4860351280674797,-0.8295205827584317,1.0,0.0,1.0,0.0,0.0,1.0,0.0,0.0,0,0,0,0,0,0,0,0,0,0,0,1,0
1.3506523512160928,1.4100994218432374,1.0,1.0,0.0,1.0,0.0,0.0,1.0,0.0,1,1,1,1,0,1,1,0,1,1,0,1,0
-0.43744122096265586,-0.13727439951791576,1.0,0.0,0.0,0.0,0.0,0.0,1.0,0.0,1,0,0,1,0,0,0,0,0,1,0,1,1
0.6892571451499756,0.9214550572028734,1.0,1.0,0.0,0.0,0.0,0.0,0.0,0.0,1,1,1,1,0,0,0,0,0,0,0,1,0
0.36022133911708304,-0.38159658183809786,0.0,1.0,0.0,0.0,0.0,0.0,0.0,0.0,0,0,0,1,0,0,0,0,0,0,1,1,0
1.1728400721983174,0.06632741908223598,1.0,1.0,0.0,0.0,0.0,0.0,1.0,0.0,1,1,0,1,0,0,1,0,1,1,1,1,0
0.8803638001690798,0.7992939660427822,1.0,1.0,0.0,1.0,0.0,0.0,1.0,0.0,0,0,0,0,1,0,1,0,1,0,0,1,0
1.6946443302504801,1.6137012404433893,1.0,1.0,0.0,0.0,1.0,1.0,0.0,0.0,1,1,1,1,1,1,1,1,1,1,0,1,1
0.9950277931805424,1.0436161483629645,1.0,1.0,0.0,1.0,0.0,1.0,0.0,0.0,1,0,1,1,0,1,0,1,1,1,0,1,0
-1.5009913010689746,0.10704778280226633,1.0,0.0,1.0,0.0,1.0,0.0,0.0,1.0,1,0,1,0,0,0,0,0,0,0,0,1,0
1.1678546811978192,0.9621754209229036,0.0,1.0,0.0,0.0,1.0,0.0,0.0,0.0,0,0,0,1,0,1,1,1,1,1,0,1,1
-1.451137391063991,-0.3408762181180675,0.0,0.0,1.0,0.0,1.0,1.0,0.0,0.0,1,0,1,0,0,0,0,0,0,1,0,1,0
-1.4860351280674797,1.5322605130033284,1.0,0.0,1.0,0.0,1.0,1.0,0.0,0.0,1,0,1,0,0,0,0,0,0,0,0,1,0
0.5047976781315361,-1.2367242199587352,1.0,1.0,0.0,0.0,0.0,0.0,1.0,0.0,0,0,0,0,0,0,0,0,1,1,0,1,0
1.4088152462219072,1.4508197855632678,1.0,1.0,0.0,1.0,0.0,1.0,0.0,0.0,1,1,1,1,0,0,1,1,1,1,0,1,1
0.6726391751483144,-1.2774445836787656,0.0,1.0,0.0,0.0,0.0,0.0,1.0,0.0,0,1,0,1,0,0,0,0,0,1,1,1,0
0.8238627021634315,-0.8295205827584317,1.0,1.0,0.0,0.0,0.0,0.0,1.0,0.0,0,0,0,1,0,0,1,0,1,1,0,1,0
0.5579751821368518,1.247217966963116,0.0,1.0,0.0,0.0,0.0,0.0,0.0,0.0,1,0,0,1,0,1,0,0,0,1,0,1,0
-0.20977503193989694,0.025607055362205634,0.0,0.0,0.0,1.0,0.0,0.0,0.0,1.0,1,0,1,0,1,1,1,0,0,1,0,1,0
1.0266019361836989,1.4915401492832983,0.0,1.0,0.0,1.0,0.0,1.0,0.0,0.0,1,1,0,0,0,1,0,0,1,1,0,1,0
0.5264010391336954,1.125056875803025,0.0,0.0,0.0,0.0,1.0,0.0,0.0,0.0,1,1,1,0,0,1,1,1,1,1,0,1,0
1.6065690892416755,1.6137012404433893,0.0,1.0,0.0,0.0,1.0,0.0,0.0,0.0,1,1,1,1,1,1,1,1,1,1,0,1,0
-0.1931570619382357,-0.8702409464784621,0.0,0.0,0.0,0.0,0.0,0.0,0.0,1.0,0,1,0,1,0,0,0,0,0,1,0,1,0
-1.502653098069141,-1.2774445836787656,0.0,0.0,1.0,0.0,0.0,0.0,0.0,1.0,0,0,0,0,0,0,0,0,0,0,0,1,0
0.7075369121518029,-0.9109613101984924,1.0,1.0,0.0,0.0,0.0,0.0,0.0,0.0,0,0,0,1,0,0,0,0,1,1,1,1,0
-0.6385186579827569,-0.7888002190384014,1.0,0.0,0.0,0.0,0.0,1.0,0.0,0.0,0,0,0,0,1,0,0,1,1,1,1,0,0
0.47156173812821356,0.06632741908223598,1.0,1.0,0.0,1.0,0.0,0.0,0.0,0.0,1,1,1,0,0,0,0,0,0,1,0,1,0
0.7158458971526335,0.26992923768238775,1.0,1.0,0.0,0.0,0.0,0.0,0.0,1.0,1,0,1,0,0,1,0,0,1,1,1,1,0
1.3390197722149297,1.3286586944031769,0.0,1.0,0.0,1.0,0.0,0.0,0.0,0.0,0,1,0,1,0,1,0,1,1,1,0,1,0
1.2343265612044643,0.7178532386027215,1.0,1.0,0.0,1.0,0.0,0.0,0.0,0.0,1,0,0,1,1,1,1,0,1,1,0,1,1
-1.4960059100684764,-0.7073594915983407,1.0,0.0,1.0,0.0,0.0,0.0,0.0,1.0,0,0,0,0,0,0,0,0,0,0,0,1,0
1.5135084572323727,1.6137012404433893,1.0,1.0,0.0,0.0,1.0,0.0,0.0,0.0,1,1,1,1,1,1,1,0,1,1,0,1,0
1.6896589392499817,1.6137012404433893,0.0,1.0,0.0,0.0,1.0,0.0,0.0,0.0,1,1,1,1,1,1,1,1,1,1,0,1,0
-1.5093002860698053,0.9214550572028734,1.0,0.0,1.0,0.0,1.0,0.0,0.0,0.0,1,0,1,0,0,0,0,0,0,0,0,1,0
-1.3015756610490399,-0.38159658183809786,0.0,0.0,1.0,0.0,1.0,1.0,0.0,0.0,1,0,1,1,0,0,0,0,0,1,0,1,0
0.5180920541328647,-0.015113308357824713,1.0,1.0,0.0,0.0,0.0,0.0,0.0,0.0,0,0,0,1,0,1,0,0,0,1,1,1,0
0.13255515009432434,0.9621754209229036,0.0,0.0,0.0,1.0,0.0,0.0,0.0,0.0,1,1,1,1,1,0,1,0,0,1,0,1,0
-1.491020519067978,-1.2774445836787656,0.0,0.0,1.0,0.0,0.0,0.0,0.0,0.0,0,0,0,0,0,0,0,0,0,0,0,1,0
0.19404163910047073,0.22920887396235737,1.0,0.0,0.0,1.0,0.0,0.0,0.0,1.0,0,0,0,0,1,1,0,1,1,0,0,1,0
0.18074726309914202,-0.8702409464784621,1.0,1.0,0.0,0.0,0.0,0.0,1.0,0.0,0,0,0,0,0,0,0,0,0,0,0,1,0
-0.5138838829702976,-1.2774445836787656,1.0,0.0,0.0,0.0,0.0,0.0,1.0,0.0,0,0,0,0,0,0,0,1,0,1,0,1,0
1.4121388402222392,0.9621754209229036,1.0,1.0,0.0,1.0,0.0,0.0,1.0,0.0,1,1,0,1,0,1,0,1,1,1,0,1,0
-1.368047541055685,-1.1960038562387048,1.0,0.0,1.0,0.0,0.0,0.0,0.0,1.0,1,0,0,1,0,0,0,0,0,1,0,1,0
0.16412929309748078,-1.0331224013585834,1.0,0.0,0.0,0.0,0.0,1.0,0.0,0.0,1,1,1,0,1,0,0,0,1,0,0,1,0
1.15456030519649,1.0843365120829946,1.0,1.0,0.0,0.0,1.0,1.0,0.0,0.0,1,1,1,1,0,0,1,0,1,1,0,1,0
-0.015344782920460707,-1.0331224013585834,1.0,0.0,0.0,0.0,0.0,0.0,0.0,0.0,0,0,0,0,0,0,1,1,1,0,0,1,0
0.20235062410130134,1.5729808767233588,1.0,0.0,0.0,0.0,1.0,1.0,0.0,0.0,1,1,1,0,1,0,1,1,0,1,0,1,0
1.2343265612044643,-0.7073594915983407,1.0,1.0,0.0,1.0,0.0,0.0,1.0,0.0,1,1,1,0,1,0,0,1,1,0,0,1,0
0.29042586511010604,1.5729808767233588,1.0,0.0,0.0,0.0,1.0,1.0,0.0,0.0,1,0,0,1,1,1,0,1,1,0,0,1,0
1.1794872601989819,0.10704778280226633,0.0,1.0,0.0,0.0,0.0,0.0,1.0,0.0,0,1,0,1,0,0,1,0,1,1,1,1,0
-0.8096837489998675,-0.8702409464784621,0.0,0.0,0.0,1.0,0.0,1.0,0.0,0.0,0,0,0,0,0,1,1,1,0,1,0,0,0
-1.5126238800701375,1.125056875803025,0.0,0.0,1.0,0.0,1.0,1.0,0.0,0.0,1,0,1,0,0,0,0,0,0,1,0,1,0
-0.17155370093607614,0.5956921474426305,1.0,0.0,0.0,0.0,1.0,0.0,0.0,0.0,0,0,0,1,0,1,0,1,0,0,0,1,1
0.004596781081533054,-0.8702409464784621,0.0,0.0,0.0,1.0,0.0,1.0,0.0,0.0,0,1,0,0,0,0,1,1,0,0,0,1,0
1.1811490571991479,0.9621754209229036,1.0,1.0,0.0,1.0,0.0,1.0,0.0,0.0,1,1,0,1,0,1,0,0,1,0,1,1,0
1.5317882242341998,-0.1779947632379461,0.0,1.0,0.0,0.0,0.0,0.0,1.0,0.0,1,1,0,1,0,1,1,1,1,1,0,1,1
0.5413572121351905,1.1657772395230555,1.0,0.0,0.0,0.0,1.0,0.0,0.0,1.0,1,1,0,0,1,1,0,1,1,1,0,1,0
1.1063681921916724,-0.055833672077855064,1.0,1.0,0.0,1.0,0.0,0.0,0.0,0.0,1,0,1,1,1,0,1,0,1,0,0,1,0
0.19071804510013865,-0.9516816739185228,1.0,1.0,0.0,0.0,0.0,0.0,1.0,0.0,0,0,0,0,0,0,0,0,0,1,0,1,0
0.9900424021800438,0.10704778280226633,1.0,1.0,0.0,0.0,0.0,0.0,1.0,0.0,1,1,0,1,1,1,0,0,0,1,0,1,1
-1.4993295040688086,-1.2367242199587352,1.0,0.0,1.0,0.0,0.0,0.0,0.0,1.0,0,0,0,0,0,0,0,0,0,1,0,1,0
-1.5209328650709681,-0.8295205827584317,0.0,0.0,1.0,0.0,0.0,0.0,0.0,1.0,1,0,1,0,0,0,0,0,0,0,1,1,0
0.3502505571160864,-1.2774445836787656,0.0,1.0,0.0,0.0,0.0,0.0,0.0,1.0,0,0,0,0,1,0,0,0,0,0,1,1,0
0.8122301231622688,-1.1552834925186746,0.0,1.0,0.0,0.0,0.0,0.0,1.0,0.0,0,0,0,1,0,0,1,0,1,1,1,1,1
-1.5209328650709681,-1.2774445836787656,0.0,0.0,1.0,0.0,0.0,0.0,0.0,1.0,1,0,1,0,0,0,0,0,0,1,0,1,0
-1.4876969250676457,-1.1960038562387048,0.0,0.0,1.0,0.0,0.0,0.0,0.0,1.0,0,0,0,0,0,0,0,0,0,1,0,1,0
0.6959043331506402,-1.2774445836787656,0.0,1.0,0.0,0.0,0.0,0.0,1.0,0.0,0,0,0,1,0,0,0,0,1,1,1,1,1
-0.0502425199239492,0.7992939660427822,1.0,0.0,0.0,0.0,1.0,1.0,0.0,0.0,0,0,0,0,1,1,0,0,1,1,0,1,0
-1.4843733310673135,-1.1145631287986442,1.0,0.0,1.0,1.0,0.0,0.0,0.0,1.0,1,0,1,0,0,0,0,0,0,0,0,1,0
1.1429277261953275,1.6137012404433893,1.0,1.0,0.0,0.0,1.0,0.0,1.0,0.0,1,1,0,1,1,1,1,0,0,1,0,1,0
0.8521132511662559,1.5729808767233588,1.0,0.0,0.0,0.0,1.0,0.0,1.0,0.0,1,1,1,1,1,1,1,1,1,0,0,1,0
1.5666859612376889,1.6137012404433893,1.0,1.0,0.0,0.0,1.0,1.0,0.0,0.0,1,1,0,1,1,0,1,1,1,1,0,1,0
-1.3248408190513656,0.5549717837226001,1.0,0.0,1.0,1.0,0.0,0.0,1.0,0.0,1,0,1,1,0,0,0,0,0,0,0,1,0
0.6227852651433307,1.247217966963116,1.0,0.0,0.0,0.0,1.0,1.0,0.0,0.0,1,1,1,1,1,1,1,0,1,0,0,1,0
0.6493740171459885,-0.0965540357978854,1.0,1.0,0.0,0.0,0.0,1.0,0.0,0.0,0,0,0,0,1,1,1,0,0,1,0,1,0
-0.6368568609825906,-1.2774445836787656,1.0,0.0,0.0,0.0,0.0,0.0,0.0,1.0,0,0,0,0,0,0,0,0,0,0,0,1,0
-0.10342002392926519,-0.8295205827584317,0.0,0.0,0.0,0.0,0.0,0.0,0.0,1.0,0,0,0,1,1,0,1,1,0,1,1,1,0
-0.32942441595185784,-0.6666391278783103,1.0,0.0,0.0,0.0,1.0,0.0,0.0,1.0,0,0,0,0,1,1,1,1,1,0,0,0,0
0.02620014208369237,-1.1552834925186746,1.0,0.0,0.0,0.0,0.0,0.0,0.0,1.0,0,1,0,1,0,0,0,1,0,0,0,1,0
0.8504514541660894,0.758573602322752,1.0,1.0,0.0,1.0,0.0,1.0,0.0,0.0,1,1,0,1,0,1,0,0,0,1,0,1,0
-1.4744025490663168,1.3286586944031769,1.0,0.0,1.0,0.0,1.0,1.0,0.0,0.0,1,0,0,0,0,0,0,0,0,1,0,1,0
0.32532360211359457,-0.6666391278783103,1.0,1.0,0.0,0.0,0.0,1.0,0.0,0.0,0,0,0,0,0,0,0,1,0,1,0,1,0
-1.4893587220678117,-1.2367242199587352,1.0,0.0,1.0,1.0,0.0,0.0,0.0,1.0,0,0,0,0,0,0,0,0,0,0,0,1,0
0.3153528201125979,1.369379058123207,0.0,1.0,0.0,1.0,0.0,0.0,0.0,0.0,1,0,1,1,0,0,0,0,0,1,0,1,0
1.4586691562268908,0.5549717837226001,1.0,1.0,0.0,0.0,1.0,0.0,1.0,0.0,0,1,0,1,0,1,1,1,1,0,0,1,0
1.4885815022298807,-0.015113308357824713,0.0,1.0,0.0,1.0,0.0,0.0,0.0,0.0,0,1,0,1,1,0,1,1,1,1,0,1,0
0.7274784761537967,1.6137012404433893,1.0,0.0,0.0,0.0,1.0,1.0,0.0,0.0,1,1,0,1,1,0,1,1,1,0,0,1,0
0.5396954151350245,0.22920887396235737,1.0,0.0,0.0,0.0,1.0,1.0,0.0,0.0,1,1,1,0,1,0,1,1,1,0,0,1,0
-0.562075995975115,0.758573602322752,1.0,0.0,0.0,1.0,0.0,1.0,0.0,0.0,0,0,1,0,0,0,0,1,0,0,0,1,0
1.654761202246493,1.6137012404433893,1.0,1.0,0.0,0.0,1.0,0.0,0.0,0.0,1,1,1,1,1,1,1,1,1,0,0,1,0
1.3456669602155942,1.3286586944031769,0.0,1.0,0.0,0.0,0.0,0.0,0.0,0.0,1,1,0,1,1,0,1,0,1,0,1,1,1
-1.156999322034587,-0.9516816739185228,1.0,0.0,0.0,0.0,0.0,0.0,1.0,0.0,1,0,1,0,0,1,0,0,0,1,1,0,0
0.00792037508186511,-0.9516816739185228,0.0,0.0,0.0,0.0,0.0,0.0,0.0,1.0,1,0,1,0,1,1,1,1,0,0,1,1,0
-1.4694171580658184,1.369379058123207,1.0,0.0,1.0,0.0,1.0,0.0,0.0,1.0,0,0,1,0,0,0,0,0,0,0,0,1,0
1.4968904872307114,0.47353105628253944,0.0,1.0,0.0,1.0,0.0,1.0,0.0,0.0,0,1,0,1,1,1,1,0,1,1,0,1,1
0.1574821050968162,0.7178532386027215,1.0,0.0,0.0,0.0,1.0,0.0,0.0,0.0,0,1,0,1,0,0,1,1,0,0,0,1,0
-0.5288400559717926,-0.7073594915983407,0.0,0.0,0.0,0.0,0.0,0.0,0.0,1.0,0,0,0,1,0,0,0,0,0,0,0,1,0
-1.3132082400502028,-0.9924020376385531,1.0,0.0,0.0,0.0,0.0,1.0,0.0,0.0,0,0,0,0,0,0,0,0,0,1,0,0,0
1.2659007042076202,1.369379058123207,0.0,1.0,0.0,1.0,0.0,1.0,0.0,0.0,0,1,0,1,0,0,1,1,1,1,0,1,1
0.7573908221567865,1.002895784642934,0.0,1.0,0.0,0.0,0.0,0.0,0.0,0.0,0,0,0,1,1,1,0,1,0,1,0,1,0
0.4582673621268844,-1.0331224013585834,0.0,1.0,0.0,0.0,0.0,0.0,0.0,0.0,0,0,0,1,0,1,0,0,0,1,0,1,0
-1.004113998019304,-0.9109613101984924,1.0,0.0,0.0,0.0,0.0,0.0,0.0,0.0,1,1,1,0,0,0,0,0,0,1,0,0,1
0.9069525521717376,1.2064976032430856,0.0,1.0,0.0,1.0,0.0,0.0,1.0,0.0,0,0,0,1,1,1,1,0,0,1,0,1,0
0.6743009721484804,0.3106496014024181,1.0,1.0,0.0,1.0,0.0,0.0,1.0,0.0,1,0,1,0,0,0,1,0,1,1,0,1,0
-1.4976677070686424,-0.5037576729981889,0.0,0.0,1.0,0.0,1.0,0.0,0.0,1.0,0,0,0,0,0,0,0,0,0,0,0,1,0
-1.4876969250676457,-1.0331224013585834,0.0,0.0,1.0,0.0,0.0,0.0,0.0,0.0,0,0,0,0,0,0,0,0,0,0,1,1,0
1.0099839661820376,-0.30015585439803716,0.0,1.0,0.0,0.0,0.0,0.0,1.0,0.0,1,1,0,0,0,0,0,1,1,1,0,1,0
0.6477122201458225,-0.38159658183809786,1.0,1.0,0.0,0.0,0.0,0.0,1.0,0.0,1,0,0,1,0,1,1,0,0,0,0,1,0
1.3240635992134344,1.369379058123207,0.0,1.0,0.0,1.0,0.0,1.0,0.0,0.0,1,1,0,1,0,1,1,0,1,0,0,1,1
1.5583769762368582,1.6137012404433893,0.0,1.0,0.0,0.0,1.0,0.0,1.0,0.0,0,1,0,1,0,1,1,1,1,0,0,1,1
0.8404806721650927,0.6771328748826912,1.0,1.0,0.0,0.0,0.0,1.0,0.0,0.0,1,1,0,1,0,1,0,0,0,0,1,1,1
1.5284646302338678,0.43281069256250915,1.0,1.0,0.0,0.0,0.0,0.0,0.0,0.0,1,1,1,1,0,1,1,1,1,1,1,1,1
-0.3244390249513595,0.5549717837226001,0.0,0.0,0.0,0.0,0.0,0.0,0.0,0.0,1,0,0,1,1,0,0,0,0,0,0,1,0
0.8338334841644282,1.6137012404433893,1.0,0.0,0.0,0.0,1.0,1.0,0.0,0.0,1,1,1,1,1,1,1,1,1,0,0,1,0
-1.4760643460664828,-0.9109613101984924,1.0,0.0,1.0,1.0,0.0,0.0,0.0,1.0,0,0,0,0,0,0,0,0,0,0,0,1,0
-0.3393951979528547,0.3106496014024181,0.0,0.0,0.0,1.0,0.0,0.0,0.0,0.0,0,1,0,0,1,0,0,1,1,1,0,0,0
1.3539759452164248,1.3286586944031769,0.0,1.0,0.0,0.0,0.0,0.0,1.0,0.0,1,1,1,1,0,1,1,0,1,1,1,1,0
1.1528985081963241,-0.055833672077855064,1.0,1.0,0.0,0.0,1.0,0.0,0.0,0.0,0,1,0,0,0,0,1,1,1,0,0,1,0
0.20401242110146783,1.4508197855632678,0.0,0.0,0.0,0.0,1.0,1.0,0.0,0.0,1,0,0,1,1,1,1,1,0,0,0,1,0
1.3224018022132684,0.9621754209229036,1.0,1.0,0.0,1.0,0.0,0.0,0.0,0.0,1,1,1,1,1,0,1,0,1,1,1,1,1
0.6809481601491449,-0.9109613101984924,1.0,1.0,0.0,0.0,0.0,0.0,1.0,0.0,1,1,0,1,0,0,0,0,0,1,1,1,0
-1.3082228490497045,1.4508197855632678,1.0,0.0,1.0,0.0,1.0,0.0,0.0,0.0,1,0,1,1,0,0,0,0,0,0,0,1,0
-0.28621769394753876,0.43281069256250915,0.0,0.0,0.0,0.0,0.0,0.0,1.0,0.0,1,0,1,0,0,0,0,0,1,0,1,1,0
0.8238627021634315,-1.2774445836787656,1.0,1.0,0.0,0.0,0.0,0.0,1.0,0.0,0,1,0,0,0,0,0,0,1,1,1,1,0
0.8338334841644282,0.6771328748826912,0.0,1.0,0.0,1.0,0.0,0.0,0.0,0.0,0,1,0,0,0,1,1,0,0,1,0,1,1
-1.3132082400502028,-0.7073594915983407,0.0,0.0,1.0,0.0,0.0,0.0,1.0,0.0,1,0,1,1,0,0,0,0,0,1,0,1,0
0.9900424021800438,-0.5037576729981889,1.0,1.0,0.0,0.0,0.0,0.0,1.0,0.0,1,1,0,1,0,0,0,0,1,1,1,1,1
-0.6335332669822583,-1.2774445836787656,1.0,0.0,0.0,0.0,0.0,0.0,0.0,1.0,0,0,0,0,0,0,0,0,0,1,1,1,0
0.16246749609731476,0.7178532386027215,1.0,0.0,0.0,1.0,0.0,0.0,1.0,0.0,1,0,1,1,0,0,1,1,1,1,0,1,0
0.8222009051632655,-1.2367242199587352,0.0,1.0,0.0,0.0,0.0,0.0,1.0,0.0,0,1,0,1,0,1,0,0,0,0,1,1,1
0.17410007509847744,-0.3408762181180675,1.0,1.0,0.0,0.0,0.0,1.0,0.0,0.0,0,0,0,0,0,0,0,0,0,0,0,1,1
0.15914390209698223,-1.1960038562387048,0.0,1.0,0.0,0.0,0.0,0.0,0.0,0.0,0,0,0,0,0,0,0,0,0,1,1,1,0
0.32698539911376057,-1.2774445836787656,0.0,1.0,0.0,0.0,0.0,0.0,0.0,1.0,0,0,0,0,0,0,1,0,0,1,1,1,0
-1.4843733310673135,0.10704778280226633,1.0,0.0,1.0,0.0,1.0,0.0,0.0,1.0,1,0,1,0,0,0,0,0,0,0,0,1,0
-1.328164413051698,-0.62591876415828,0.0,0.0,1.0,0.0,0.0,0.0,0.0,1.0,0,0,0,1,0,0,0,0,0,0,0,1,0
-1.4993295040688086,-0.9924020376385531,0.0,0.0,1.0,0.0,0.0,0.0,1.0,0.0,0,0,0,0,0,0,0,0,0,0,1,1,1
1.0083221691818711,-0.9109613101984924,1.0,1.0,0.0,0.0,0.0,1.0,0.0,0.0,0,1,0,0,0,0,0,1,1,1,0,1,0
0.8005975441611056,1.4508197855632678,1.0,0.0,0.0,0.0,1.0,1.0,0.0,0.0,1,1,1,1,1,1,1,1,1,1,0,1,0
0.466576347127715,0.5142514200025698,1.0,0.0,0.0,1.0,0.0,0.0,0.0,0.0,1,1,0,0,1,1,1,0,1,0,0,1,0
-1.4926823160681442,-1.2367242199587352,1.0,0.0,1.0,1.0,0.0,0.0,0.0,1.0,1,0,1,0,0,0,0,0,0,0,1,1,0
-1.4760643460664828,0.18848851024232702,1.0,0.0,1.0,0.0,0.0,0.0,0.0,0.0,1,0,0,0,0,0,0,0,0,0,0,1,0
-1.3464441800535252,-1.1552834925186746,0.0,0.0,0.0,0.0,0.0,0.0,0.0,1.0,0,0,0,0,0,0,0,0,0,1,1,0,0
-0.6484894399837535,-0.9109613101984924,0.0,0.0,0.0,0.0,0.0,0.0,0.0,1.0,0,0,0,0,0,0,0,0,0,0,0,1,0
-1.4860351280674797,-1.2774445836787656,1.0,0.0,1.0,0.0,0.0,0.0,0.0,1.0,0,0,0,0,0,0,0,0,0,0,0,1,0
0.15914390209698223,1.3286586944031769,1.0,0.0,0.0,0.0,1.0,0.0,0.0,1.0,1,1,1,1,1,1,0,0,0,1,0,1,0
-1.504314895069307,1.002895784642934,0.0,0.0,1.0,0.0,1.0,0.0,0.0,0.0,1,0,1,0,0,0,0,0,0,0,0,1,0
0.3319707901142591,-1.1960038562387048,0.0,1.0,0.0,0.0,0.0,0.0,0.0,1.0,0,0,0,0,0,0,1,0,0,1,0,1,0
0.16246749609731476,-1.2367242199587352,0.0,1.0,0.0,0.0,0.0,0.0,1.0,0.0,0,0,0,0,0,0,0,0,0,0,1,1,0
-1.1486903370337564,0.6771328748826912,1.0,0.0,0.0,0.0,0.0,0.0,0.0,0.0,0,0,0,0,0,0,1,0,0,1,0,0,0
-0.6351950639824246,-1.1552834925186746,0.0,0.0,0.0,0.0,0.0,0.0,0.0,1.0,0,0,0,0,0,0,0,0,0,0,1,1,0
-0.23137839294205673,1.5322605130033284,0.0,0.0,0.0,0.0,1.0,0.0,0.0,0.0,1,1,0,0,0,1,1,1,1,0,0,0,0
-1.4926823160681442,0.8400143297628127,0.0,0.0,1.0,1.0,0.0,0.0,0.0,0.0,1,0,1,0,0,0,0,0,0,1,0,1,0
-1.303237458049206,0.8400143297628127,1.0,0.0,1.0,0.0,1.0,1.0,0.0,0.0,1,0,1,1,0,0,0,0,0,0,0,1,0
0.3419415721152558,-1.2774445836787656,0.0,1.0,0.0,0.0,0.0,0.0,0.0,1.0,0,0,0,1,0,0,0,0,0,1,1,1,0
-1.3265026160515319,-0.4223169455581282,1.0,0.0,1.0,0.0,0.0,1.0,0.0,0.0,0,0,0,1,0,0,0,0,0,1,0,1,0
-0.518869273970796,0.7992939660427822,1.0,0.0,0.0,0.0,0.0,0.0,1.0,0.0,0,1,0,0,0,1,0,0,1,1,1,0,1
1.5151702542325387,1.3286586944031769,1.0,1.0,0.0,0.0,1.0,0.0,1.0,0.0,0,1,0,1,1,0,1,1,1,1,0,1,1
-1.3364733980525287,0.6364125111626608,0.0,0.0,1.0,1.0,0.0,0.0,0.0,0.0,0,0,0,1,0,0,0,0,0,0,0,1,0
-0.9991286070188055,-1.2367242199587352,0.0,0.0,0.0,0.0,0.0,0.0,1.0,0.0,0,1,0,0,0,0,0,0,0,1,1,0,0
1.435403998224565,-1.1960038562387048,1.0,1.0,0.0,0.0,0.0,0.0,0.0,1.0,0,1,0,1,0,1,1,0,1,0,0,1,0
0.5529897911363537,0.5142514200025698,1.0,1.0,0.0,0.0,0.0,0.0,0.0,0.0,1,0,0,1,0,1,0,0,0,0,0,1,0
0.5064594751317021,-1.2774445836787656,1.0,1.0,0.0,0.0,0.0,0.0,1.0,0.0,1,1,1,0,0,0,0,0,0,0,1,1,0
0.3003966471111027,1.1657772395230555,0.0,0.0,0.0,0.0,1.0,0.0,0.0,0.0,1,1,1,0,0,0,1,1,1,1,0,1,0
-0.012021188920128179,-1.1960038562387048,1.0,0.0,0.0,0.0,0.0,1.0,0.0,0.0,0,0,0,0,1,0,0,1,1,1,0,1,0
1.2958130502106107,0.3106496014024181,0.0,1.0,0.0,1.0,0.0,1.0,0.0,0.0,0,1,0,1,0,0,1,1,1,1,0,1,1
0.21065960910213194,-1.2774445836787656,0.0,1.0,0.0,0.0,0.0,0.0,0.0,1.0,0,0,0,0,0,0,0,0,0,0,0,1,0
-0.49394231896830415,-1.2774445836787656,0.0,0.0,0.0,0.0,0.0,0.0,1.0,0.0,0,0,0,0,0,0,0,1,0,1,0,1,0
-1.3348116010523623,0.758573602322752,1.0,0.0,1.0,1.0,0.0,0.0,0.0,0.0,0,0,0,1,0,0,0,0,0,1,0,1,0
-0.5155456799704636,-1.2367242199587352,1.0,0.0,0.0,0.0,0.0,0.0,1.0,0.0,0,0,0,0,1,0,0,0,0,1,1,1,1
-1.152013931034089,0.7992939660427822,1.0,0.0,0.0,1.0,0.0,0.0,0.0,1.0,0,0,0,0,0,1,0,0,0,0,0,0,0
0.6194616711429987,0.758573602322752,1.0,1.0,0.0,0.0,0.0,0.0,0.0,0.0,0,1,0,1,0,0,0,0,0,0,0,1,0
-1.4727407520661506,-1.2774445836787656,1.0,0.0,1.0,0.0,0.0,0.0,0.0,1.0,0,0,0,0,0,0,0,0,0,1,0,1,0
0.3485887601159204,-0.055833672077855064,1.0,0.0,0.0,1.0,0.0,0.0,0.0,0.0,1,1,1,1,1,1,0,1,0,1,0,1,0
-1.4694171580658184,0.5956921474426305,1.0,0.0,1.0,1.0,0.0,1.0,0.0,0.0,0,0,1,0,0,0,0,0,0,0,0,1,0
0.3436033691154218,-1.1960038562387048,0.0,1.0,0.0,0.0,0.0,1.0,0.0,0.0,0,0,0,1,0,0,0,0,0,1,1,1,0
-1.4860351280674797,-0.4223169455581282,0.0,0.0,1.0,1.0,0.0,0.0,0.0,1.0,0,0,0,0,0,0,0,0,0,1,0,1,1
-1.4660935640654862,-1.2774445836787656,0.0,0.0,1.0,0.0,0.0,0.0,0.0,1.0,1,0,0,0,0,0,0,0,0,1,0,1,0
0.677624566148813,1.6137012404433893,1.0,0.0,0.0,0.0,1.0,0.0,0.0,0.0,1,1,0,1,0,1,1,1,1,1,0,1,0
-0.4856333339674735,-1.1960038562387048,1.0,0.0,0.0,0.0,0.0,0.0,1.0,0.0,1,0,1,0,0,0,1,0,0,1,1,1,0
0.6709773781481484,0.5956921474426305,1.0,1.0,0.0,1.0,0.0,0.0,0.0,0.0,1,0,1,0,0,1,0,0,1,1,0,1,1
0.05777428508684881,1.6137012404433893,1.0,0.0,0.0,0.0,1.0,1.0,0.0,0.0,1,0,1,1,1,0,1,1,0,1,0,1,0
-0.04858072292378317,1.369379058123207,1.0,0.0,0.0,0.0,1.0,0.0,0.0,0.0,1,0,1,1,0,0,1,0,1,1,0,1,0
0.611152686142168,0.10704778280226633,1.0,1.0,0.0,0.0,0.0,0.0,1.0,0.0,0,0,0,1,0,0,0,0,1,0,0,1,0
0.6693155811479823,-0.13727439951791576,1.0,1.0,0.0,0.0,0.0,0.0,1.0,0.0,0,1,0,1,0,0,0,0,0,1,0,1,0
-1.4694171580658184,-1.2367242199587352,0.0,0.0,1.0,0.0,0.0,0.0,0.0,1.0,0,0,0,0,0,0,0,0,0,1,0,1,0
-0.5155456799704636,-1.1552834925186746,1.0,0.0,0.0,0.0,0.0,0.0,0.0,1.0,0,0,0,0,0,1,0,0,0,0,0,1,0
0.5014740841312035,-0.30015585439803716,0.0,1.0,0.0,0.0,0.0,0.0,0.0,0.0,0,0,0,0,1,1,0,0,0,1,1,1,0
-0.17155370093607614,1.3286586944031769,0.0,0.0,0.0,0.0,1.0,0.0,0.0,1.0,0,0,0,0,1,1,0,1,0,1,0,1,0
1.325725396213601,-0.21871512695797646,1.0,1.0,0.0,1.0,0.0,0.0,0.0,0.0,0,1,0,1,0,1,0,1,1,1,0,1,1
0.3502505571160864,-0.13727439951791576,1.0,1.0,0.0,0.0,0.0,1.0,0.0,0.0,1,0,0,0,0,0,1,0,0,1,0,1,0
0.5097830691320341,-0.13727439951791576,1.0,0.0,0.0,0.0,0.0,1.0,0.0,0.0,1,1,1,1,0,1,1,0,1,0,0,1,0
-1.502653098069141,-1.2774445836787656,1.0,0.0,1.0,0.0,0.0,0.0,0.0,1.0,0,0,0,0,0,0,0,0,0,0,1,1,0
0.5396954151350245,-0.5037576729981889,0.0,1.0,0.0,0.0,0.0,0.0,0.0,1.0,1,0,0,0,0,0,1,1,0,1,0,1,0
-1.33148800705203,1.0436161483629645,0.0,0.0,1.0,0.0,1.0,1.0,0.0,0.0,0,0,0,1,0,0,0,0,0,1,0,1,0
0.7058751151516368,-0.748079855318371,0.0,1.0,0.0,0.0,0.0,0.0,0.0,1.0,0,0,1,1,1,0,0,1,0,1,0,1,0
-1.3082228490497045,1.6137012404433893,1.0,0.0,1.0,0.0,1.0,0.0,0.0,1.0,1,0,0,1,0,0,0,0,0,0,0,1,0
0.8105683261621028,0.5549717837226001,1.0,1.0,0.0,0.0,0.0,1.0,0.0,0.0,0,0,0,1,1,0,0,0,1,1,0,1,0
-0.21642221994056152,1.5729808767233588,0.0,0.0,0.0,0.0,1.0,0.0,0.0,0.0,1,1,0,0,0,1,1,1,1,0,0,0,0
0.6942425361504742,-0.015113308357824713,1.0,1.0,0.0,0.0,0.0,0.0,0.0,0.0,0,1,0,1,0,0,0,0,0,1,0,1,0
-0.47898614596680894,-0.2594354906780068,0.0,0.0,0.0,0.0,0.0,1.0,0.0,0.0,0,1,0,0,0,0,1,0,1,1,0,0,0
0.5180920541328647,1.4508197855632678,1.0,1.0,0.0,0.0,0.0,1.0,0.0,0.0,1,0,0,1,0,0,1,0,0,1,0,1,1
-1.481049737066981,-1.2367242199587352,1.0,0.0,1.0,1.0,0.0,0.0,0.0,1.0,1,0,1,0,0,0,0,0,0,0,0,1,0
-1.4694171580658184,1.1657772395230555,1.0,0.0,1.0,0.0,1.0,1.0,0.0,0.0,1,0,1,0,0,0,0,0,0,0,0,1,0
0.7042133181514708,-1.1552834925186746,0.0,1.0,0.0,0.0,0.0,0.0,1.0,0.0,1,1,1,1,0,0,0,0,0,1,1,1,0
-0.6451658459834212,-1.1960038562387048,1.0,0.0,0.0,0.0,0.0,0.0,1.0,0.0,0,0,0,0,0,0,0,0,0,1,1,1,0
0.9883806051798778,0.025607055362205634,1.0,1.0,0.0,0.0,0.0,0.0,1.0,0.0,1,1,0,1,0,0,0,0,1,1,1,1,1
-1.4461520000634926,-0.9516816739185228,1.0,0.0,1.0,0.0,0.0,0.0,0.0,1.0,1,0,0,0,0,0,0,0,0,1,0,1,1
-1.2799723000468803,-0.4223169455581282,0.0,0.0,1.0,0.0,1.0,0.0,0.0,1.0,0,0,0,1,0,0,0,0,0,0,0,1,0
0.534710024134526,-1.1145631287986442,0.0,1.0,0.0,0.0,0.0,0.0,1.0,0.0,1,0,1,0,0,0,0,0,1,1,0,1,0
0.895319973170575,-0.0965540357978854,0.0,1.0,0.0,0.0,0.0,1.0,0.0,0.0,0,0,0,1,1,1,1,0,0,0,1,1,1
0.31369102311243185,1.3286586944031769,1.0,0.0,0.0,0.0,1.0,1.0,0.0,0.0,0,1,0,1,0,1,1,1,0,1,0,1,0
0.7474200401557899,0.5142514200025698,0.0,1.0,0.0,0.0,0.0,0.0,1.0,0.0,0,0,0,1,0,0,1,1,0,1,1,1,0
-1.4760643460664828,-1.1145631287986442,1.0,0.0,1.0,0.0,0.0,0.0,0.0,1.0,0,0,0,0,0,0,0,0,0,0,0,1,0
0.356897745116751,-0.30015585439803716,1.0,1.0,0.0,0.0,0.0,0.0,1.0,0.0,1,0,1,0,0,1,0,0,0,1,0,1,0
0.4748853321285456,1.6137012404433893,0.0,1.0,0.0,0.0,1.0,0.0,0.0,0.0,1,0,1,1,1,0,0,0,0,0,0,1,0
0.8438042661654253,-0.21871512695797646,0.0,1.0,0.0,0.0,0.0,0.0,0.0,0.0,1,1,0,1,0,0,1,0,0,0,0,1,0
-0.47067716096597834,-0.015113308357824713,1.0,0.0,0.0,0.0,0.0,1.0,0.0,0.0,1,1,1,0,0,0,1,0,1,0,0,0,0
1.5184938482328711,-0.0965540357978854,0.0,1.0,0.0,1.0,0.0,1.0,0.0,0.0,0,1,0,1,0,1,1,1,1,0,0,1,0
1.2044142152014738,1.5322605130033284,1.0,1.0,0.0,0.0,1.0,1.0,0.0,0.0,1,1,0,0,1,1,1,1,0,0,0,1,0
0.48485611412954227,0.3920903288424788,1.0,1.0,0.0,0.0,0.0,0.0,0.0,0.0,0,0,0,1,0,1,0,0,0,1,0,1,1
0.8338334841644282,1.6137012404433893,0.0,0.0,0.0,0.0,1.0,0.0,0.0,0.0,1,1,0,1,1,1,1,1,1,1,0,1,1
0.00792037508186511,0.5956921474426305,0.0,0.0,0.0,0.0,1.0,0.0,0.0,1.0,0,0,0,1,1,0,1,1,0,1,0,1,0
0.5214156481331973,-1.2367242199587352,0.0,1.0,0.0,0.0,0.0,0.0,1.0,0.0,0,0,0,0,1,0,1,0,0,1,0,1,0
1.1229861621933337,-0.9109613101984924,1.0,1.0,0.0,0.0,0.0,0.0,1.0,0.0,0,1,0,1,1,0,0,0,1,0,1,1,0
-1.3514295710540236,1.1657772395230555,0.0,0.0,1.0,0.0,1.0,0.0,0.0,1.0,1,0,1,1,0,0,0,0,0,1,0,1,0
-0.6883725679877406,-1.1145631287986442,0.0,0.0,0.0,0.0,0.0,1.0,0.0,0.0,0,0,0,0,0,0,0,0,0,1,0,1,0
1.5301264272340338,1.6137012404433893,0.0,1.0,0.0,0.0,1.0,1.0,0.0,0.0,1,1,0,1,0,1,1,1,1,1,0,1,1
1.6680555782478224,1.6137012404433893,1.0,1.0,0.0,0.0,1.0,0.0,0.0,0.0,1,1,1,1,1,1,1,1,1,1,0,1,1
0.3419415721152558,-1.1960038562387048,0.0,1.0,0.0,0.0,0.0,0.0,0.0,1.0,0,0,0,0,0,0,1,0,0,0,0,1,1
-1.5126238800701375,0.6364125111626608,1.0,0.0,1.0,0.0,1.0,0.0,0.0,1.0,1,0,0,0,0,0,0,0,0,0,0,1,0
0.8404806721650927,1.247217966963116,0.0,1.0,0.0,1.0,0.0,1.0,0.0,0.0,0,0,0,0,0,0,1,1,1,1,0,1,0
-0.2679379269457112,-0.21871512695797646,0.0,0.0,0.0,0.0,0.0,0.0,0.0,1.0,0,0,0,0,1,1,0,0,0,1,0,1,0
0.5114448661322006,1.5322605130033284,1.0,0.0,0.0,0.0,1.0,1.0,0.0,0.0,1,1,1,0,1,1,1,0,1,1,0,1,0
0.21896859410296257,-1.0331224013585834,1.0,0.0,0.0,0.0,0.0,1.0,0.0,0.0,1,1,1,0,1,0,1,1,0,1,0,1,0
-1.479387940066815,-1.318164947398796,1.0,0.0,1.0,0.0,1.0,0.0,0.0,1.0,0,0,1,0,0,0,0,0,0,0,0,1,0
0.8504514541660894,-1.2367242199587352,0.0,1.0,0.0,0.0,0.0,0.0,1.0,0.0,1,0,0,0,1,1,0,0,1,0,0,1,0
1.1229861621933337,-0.5037576729981889,1.0,1.0,0.0,0.0,0.0,0.0,1.0,0.0,0,1,0,1,0,0,1,0,1,1,1,1,1
-1.4976677070686424,1.369379058123207,1.0,0.0,1.0,0.0,1.0,0.0,0.0,0.0,0,0,0,0,0,0,0,0,0,0,0,1,0
-1.4926823160681442,-1.1960038562387048,0.0,0.0,1.0,0.0,0.0,0.0,0.0,1.0,0,0,0,0,0,0,0,0,0,0,0,1,0
0.7025515211513048,-0.7073594915983407,0.0,1.0,0.0,0.0,0.0,0.0,0.0,0.0,0,1,1,0,0,1,0,0,0,1,1,1,0
0.8504514541660894,1.6137012404433893,0.0,1.0,0.0,0.0,1.0,0.0,0.0,0.0,1,0,1,1,1,1,0,1,0,1,0,1,0
-1.461108173064988,-1.2774445836787656,1.0,0.0,1.0,0.0,0.0,0.0,0.0,1.0,0,0,0,0,0,0,0,0,0,0,0,1,0
0.8138919201624348,-0.4223169455581282,0.0,1.0,0.0,0.0,0.0,0.0,1.0,0.0,0,1,0,0,0,0,0,0,1,0,1,1,0
0.18407085709947407,-1.1960038562387048,1.0,1.0,0.0,0.0,0.0,0.0,1.0,0.0,1,0,0,0,0,0,0,0,0,1,1,1,0
0.06940686408801149,1.6137012404433893,0.0,0.0,0.0,0.0,1.0,0.0,0.0,0.0,1,0,1,1,1,0,1,1,0,0,0,1,0
-1.491020519067978,1.3286586944031769,1.0,0.0,1.0,0.0,1.0,0.0,0.0,1.0,1,0,1,0,0,0,0,0,0,0,0,1,0
-0.9625690730151509,-0.8702409464784621,0.0,0.0,0.0,0.0,0.0,0.0,0.0,1.0,0,0,0,0,0,0,0,0,1,1,0,0,0
0.46823814412788106,-0.4223169455581282,1.0,1.0,0.0,0.0,0.0,0.0,0.0,1.0,0,0,0,1,0,1,0,0,0,1,0,1,0
-1.4744025490663168,-0.748079855318371,1.0,0.0,1.0,1.0,0.0,0.0,0.0,0.0,0,0,0,0,0,0,0,0,0,0,0,1,0
0.3153528201125979,0.35136996512244845,1.0,1.0,0.0,0.0,0.0,0.0,1.0,0.0,0,0,0,0,0,0,0,1,0,1,0,1,0
0.001273187081200524,-0.62591876415828,1.0,0.0,0.0,1.0,0.0,0.0,0.0,1.0,1,1,0,0,1,1,0,0,0,0,0,1,0
-1.4727407520661506,-0.8702409464784621,1.0,0.0,1.0,0.0,0.0,1.0,0.0,0.0,0,0,0,0,0,0,0,0,0,1,0,1,0
0.9501592741760567,-0.7073594915983407,1.0,1.0,0.0,0.0,0.0,0.0,1.0,0.0,0,1,0,1,0,0,0,0,1,1,1,1,0
-1.491020519067978,-1.2774445836787656,0.0,0.0,1.0,0.0,0.0,0.0,0.0,1.0,0,0,0,0,0,0,0,0,0,0,1,1,0
0.8022593411612722,-1.1145631287986442,0.0,1.0,0.0,0.0,0.0,0.0,0.0,1.0,1,1,0,0,1,0,1,0,0,1,1,1,0
1.0315873271841969,0.025607055362205634,1.0,1.0,0.0,1.0,0.0,0.0,1.0,0.0,1,1,0,0,0,0,1,0,1,1,1,1,0
1.5251410362335358,1.6137012404433893,0.0,1.0,0.0,0.0,1.0,1.0,0.0,0.0,1,1,0,1,1,1,1,0,1,1,0,1,0
-0.8130073430001998,-1.1960038562387048,0.0,0.0,0.0,0.0,0.0,0.0,0.0,1.0,1,1,1,0,0,1,0,0,0,0,0,0,0
0.572931355138347,-1.2367242199587352,1.0,1.0,0.0,0.0,0.0,0.0,1.0,0.0,0,0,0,1,0,1,0,0,0,1,1,1,0
1.4038298552214086,1.0843365120829946,0.0,1.0,0.0,1.0,0.0,1.0,0.0,0.0,1,1,0,1,1,1,1,1,0,1,0,1,0
-0.6451658459834212,-1.2367242199587352,1.0,0.0,0.0,0.0,0.0,0.0,1.0,0.0,0,0,0,0,0,0,0,0,0,0,1,1,0
0.2854404741096075,1.5729808767233588,1.0,0.0,0.0,0.0,1.0,1.0,0.0,0.0,1,1,1,0,0,1,0,1,1,1,0,1,0
-0.6634456129852487,-1.1145631287986442,0.0,0.0,0.0,0.0,0.0,0.0,0.0,1.0,1,0,1,0,0,0,0,0,0,0,0,1,0
-0.3327480099521901,-0.21871512695797646,1.0,0.0,0.0,0.0,0.0,1.0,0.0,0.0,1,0,1,0,1,1,0,0,0,1,0,1,0
-0.4174996569606623,-1.2774445836787656,0.0,0.0,0.0,0.0,0.0,0.0,1.0,0.0,0,0,0,0,0,0,0,1,0,1,1,1,0
-0.803036560999203,1.247217966963116,1.0,0.0,0.0,1.0,0.0,0.0,0.0,0.0,0,0,1,0,1,1,0,1,0,1,0,0,0
1.503537675231376,0.5549717837226001,0.0,1.0,0.0,1.0,0.0,0.0,1.0,0.0,0,1,0,1,1,1,1,0,1,1,1,1,1
-0.31446824295036285,1.6137012404433893,1.0,0.0,0.0,0.0,1.0,0.0,0.0,0.0,1,0,1,1,1,0,0,0,0,0,0,1,0
-0.13000877593192306,0.06632741908223598,0.0,0.0,0.0,0.0,0.0,0.0,0.0,0.0,1,0,0,1,1,0,0,1,0,1,0,1,0
0.4532819711263863,-0.3408762181180675,0.0,0.0,0.0,1.0,0.0,0.0,1.0,0.0,1,1,1,1,1,1,0,0,1,0,0,1,0
0.16246749609731476,1.6137012404433893,1.0,0.0,0.0,0.0,1.0,0.0,0.0,0.0,0,0,0,1,1,1,1,1,0,0,0,1,0
-0.16324471593524553,1.125056875803025,0.0,0.0,0.0,0.0,1.0,1.0,0.0,0.0,1,1,1,0,1,0,1,1,1,0,0,0,0
0.4034280611214026,1.4508197855632678,1.0,0.0,0.0,1.0,0.0,1.0,0.0,0.0,0,1,0,1,1,1,1,0,0,1,0,1,0
-1.4926823160681442,-0.9924020376385531,0.0,0.0,1.0,0.0,1.0,0.0,0.0,1.0,1,0,1,0,0,0,0,0,0,1,0,1,0
0.09599561609066982,0.06632741908223598,0.0,0.0,0.0,0.0,1.0,1.0,0.0,0.0,0,0,1,0,1,0,1,1,1,0,0,1,0
-0.6567984249845842,-1.0738427650786138,0.0,0.0,0.0,0.0,0.0,1.0,0.0,0.0,0,1,0,0,0,0,0,0,1,0,0,0,0
-0.018668376920792765,-1.2367242199587352,1.0,0.0,0.0,0.0,0.0,0.0,0.0,1.0,1,1,0,0,0,1,0,1,0,1,0,1,0
0.5629605731373504,-0.055833672077855064,1.0,1.0,0.0,1.0,0.0,1.0,0.0,0.0,0,0,0,1,0,0,0,1,0,0,0,1,0
-1.303237458049206,-0.5037576729981889,0.0,0.0,1.0,0.0,0.0,0.0,0.0,0.0,1,0,1,1,0,0,0,0,0,1,0,1,0
-1.4876969250676457,-1.2774445836787656,0.0,0.0,1.0,0.0,0.0,0.0,1.0,0.0,1,0,1,0,0,0,0,0,0,0,0,1,0
1.0631614701873533,1.2064976032430856,1.0,1.0,0.0,1.0,0.0,0.0,1.0,0.0,0,1,0,1,0,0,1,0,1,1,1,1,0
0.36188313611724954,1.5322605130033284,0.0,1.0,0.0,0.0,1.0,1.0,0.0,0.0,1,0,0,1,0,0,0,0,0,1,0,1,1
1.1213243651931677,-0.9109613101984924,0.0,1.0,0.0,0.0,0.0,0.0,1.0,0.0,0,1,0,1,0,0,0,1,1,1,1,1,0
-1.3614003530550205,0.26992923768238775,1.0,0.0,1.0,0.0,1.0,0.0,0.0,1.0,1,0,1,1,0,0,0,0,0,1,0,1,0
-0.018668376920792765,0.5549717837226001,0.0,0.0,0.0,0.0,1.0,1.0,0.0,0.0,1,0,0,0,0,1,0,1,1,1,0,1,0
0.684271754149477,-1.0738427650786138,1.0,1.0,0.0,0.0,0.0,0.0,1.0,0.0,0,0,0,0,0,1,0,0,1,1,1,1,0
0.40010446712107006,1.6137012404433893,0.0,0.0,0.0,0.0,1.0,0.0,0.0,0.0,1,1,1,1,0,0,1,0,1,1,0,1,0
-0.31779183695069496,-0.5851984004382496,1.0,0.0,0.0,0.0,0.0,1.0,0.0,0.0,0,0,0,0,0,0,1,1,0,0,0,1,0
1.4553455622265583,1.5729808767233588,1.0,1.0,0.0,0.0,1.0,1.0,0.0,0.0,1,1,0,1,1,0,1,1,1,1,0,1,0
1.2143849972024705,0.3106496014024181,1.0,1.0,0.0,0.0,0.0,0.0,1.0,0.0,1,1,0,1,0,1,0,0,1,1,1,1,0
0.15914390209698223,-1.2774445836787656,1.0,1.0,0.0,0.0,0.0,0.0,1.0,0.0,0,0,0,0,0,0,0,0,0,1,1,1,0
1.2791950802089493,1.0436161483629645,1.0,1.0,0.0,1.0,0.0,0.0,0.0,0.0,0,1,0,1,0,1,1,0,1,1,1,1,0
1.304122035211441,1.5322605130033284,1.0,1.0,0.0,0.0,1.0,1.0,0.0,0.0,0,1,0,1,1,0,0,1,1,1,1,1,0
-1.3132082400502028,0.3920903288424788,0.0,0.0,1.0,0.0,1.0,0.0,1.0,0.0,1,0,0,1,0,0,0,0,0,0,0,1,0
-1.1420431490330922,0.06632741908223598,1.0,0.0,0.0,1.0,0.0,0.0,0.0,0.0,1,0,1,0,1,0,0,0,0,0,0,0,0
-1.4860351280674797,-1.1145631287986442,1.0,0.0,1.0,0.0,0.0,0.0,0.0,0.0,0,0,0,0,0,0,0,0,0,0,0,1,1
0.6593447991469852,-0.30015585439803716,0.0,1.0,0.0,0.0,0.0,0.0,0.0,1.0,0,0,0,1,0,0,0,0,1,1,0,1,0
0.7125223031523015,-1.2367242199587352,0.0,1.0,0.0,0.0,0.0,0.0,0.0,1.0,0,1,0,0,0,0,1,0,0,1,1,1,0
1.2941512532104444,0.9214550572028734,0.0,1.0,0.0,1.0,0.0,0.0,0.0,0.0,1,1,1,0,0,1,1,1,1,1,0,1,0
1.5434208032353631,-0.46303730927815856,1.0,1.0,0.0,0.0,0.0,0.0,1.0,0.0,1,1,0,1,0,1,1,1,1,1,1,1,0
0.7723469951582818,1.5322605130033284,1.0,1.0,0.0,0.0,1.0,1.0,0.0,0.0,1,0,0,1,1,1,0,1,0,1,0,1,0
1.3822264942192488,1.1657772395230555,0.0,1.0,0.0,0.0,0.0,0.0,1.0,0.0,1,1,0,1,0,0,1,1,1,1,0,1,0
0.47820892612887816,0.43281069256250915,1.0,0.0,0.0,0.0,1.0,1.0,0.0,0.0,1,1,1,0,1,0,1,1,1,1,0,1,0
1.2742096892084507,0.5956921474426305,1.0,1.0,0.0,1.0,0.0,0.0,1.0,0.0,0,1,0,1,0,1,1,0,1,1,0,1,0
-0.02697736192162338,-1.1145631287986442,1.0,0.0,0.0,0.0,0.0,1.0,0.0,0.0,0,0,0,0,0,0,1,1,1,1,0,1,0
-1.2949284730483754,1.2064976032430856,0.0,0.0,1.0,0.0,1.0,1.0,0.0,0.0,0,0,0,1,0,0,0,0,0,1,0,1,0
0.8205391081630994,-0.6666391278783103,0.0,1.0,0.0,0.0,0.0,1.0,0.0,0.0,1,0,1,0,0,1,1,0,1,1,1,1,0
1.0249401391835322,-1.0331224013585834,1.0,1.0,0.0,0.0,0.0,0.0,0.0,0.0,1,1,0,1,0,0,0,0,1,1,1,1,1
-1.303237458049206,-0.748079855318371,0.0,0.0,1.0,0.0,0.0,0.0,0.0,1.0,1,0,1,1,0,0,0,0,0,0,0,1,0
0.8703930181680831,1.125056875803025,1.0,1.0,0.0,1.0,0.0,0.0,1.0,0.0,1,0,1,0,0,1,1,0,1,0,1,1,0
-0.6617838159850825,0.06632741908223598,1.0,0.0,0.0,0.0,0.0,0.0,1.0,0.0,1,0,1,0,0,0,1,1,1,1,0,0,0
1.4553455622265583,0.7178532386027215,0.0,1.0,0.0,1.0,0.0,0.0,1.0,0.0,1,1,0,1,1,1,0,1,1,0,1,1,0
-1.3198554280508674,0.22920887396235737,1.0,0.0,1.0,0.0,1.0,1.0,0.0,0.0,1,0,1,1,0,0,0,0,0,0,0,1,0
0.31036742911209936,1.5322605130033284,0.0,0.0,0.0,1.0,0.0,1.0,0.0,0.0,1,1,1,0,1,1,1,1,0,0,0,1,0
0.7989357471609396,0.18848851024232702,0.0,1.0,0.0,0.0,0.0,0.0,1.0,0.0,1,0,1,1,0,1,0,0,1,1,0,1,0
0.46823814412788106,-1.1552834925186746,0.0,1.0,0.0,0.0,0.0,0.0,1.0,0.0,0,0,0,0,0,0,0,0,1,1,1,1,1
0.9468356801757247,1.125056875803025,1.0,1.0,0.0,0.0,0.0,0.0,1.0,0.0,1,1,1,1,1,1,0,0,0,1,0,1,1
0.22063039110312907,1.2064976032430856,1.0,0.0,0.0,1.0,0.0,1.0,0.0,0.0,1,1,1,0,1,0,1,1,0,0,0,1,0
-0.6767399889865777,-1.2774445836787656,1.0,0.0,0.0,0.0,0.0,0.0,0.0,1.0,0,0,0,0,0,0,0,0,0,0,1,1,0
0.47987072312904416,0.14776814652229667,1.0,0.0,0.0,0.0,0.0,1.0,0.0,0.0,0,1,0,0,1,0,1,1,1,1,0,1,0
-1.4744025490663168,0.47353105628253944,1.0,0.0,1.0,0.0,1.0,1.0,0.0,0.0,0,0,0,0,0,0,0,0,0,0,0,1,0
1.1711782751981514,0.9214550572028734,0.0,1.0,0.0,1.0,0.0,0.0,1.0,0.0,0,1,0,1,0,0,1,0,1,1,1,1,1
1.3373579752147637,1.6137012404433893,0.0,1.0,0.0,0.0,1.0,1.0,0.0,0.0,1,1,0,1,1,0,1,0,1,1,0,1,0
-1.4943441130683104,-0.8295205827584317,0.0,0.0,1.0,1.0,0.0,0.0,0.0,0.0,1,0,1,0,0,0,0,0,0,0,1,1,0
-1.127086976031597,-0.7888002190384014,0.0,0.0,0.0,0.0,0.0,0.0,0.0,0.0,0,0,0,0,1,0,0,0,0,1,0,0,0
0.8354952811645946,-1.2774445836787656,1.0,1.0,0.0,0.0,0.0,0.0,1.0,0.0,0,1,0,0,0,0,0,0,1,1,1,1,0
-1.4694171580658184,-0.7073594915983407,0.0,0.0,1.0,1.0,0.0,0.0,0.0,1.0,1,0,1,0,0,0,0,0,0,0,0,1,0
0.6676537841478158,1.3286586944031769,0.0,0.0,0.0,0.0,1.0,0.0,0.0,0.0,0,1,0,0,1,1,1,1,1,1,0,1,0
-1.0506443140239554,-0.8295205827584317,0.0,0.0,0.0,1.0,0.0,1.0,0.0,0.0,1,0,1,0,1,0,0,1,0,0,0,0,0
0.9052907551715716,1.6137012404433893,1.0,0.0,0.0,0.0,1.0,1.0,0.0,0.0,1,1,0,1,1,1,1,1,1,1,0,1,0
0.8321716871642622,1.6137012404433893,0.0,0.0,0.0,0.0,1.0,1.0,0.0,0.0,1,1,1,1,1,1,1,1,1,0,0,1,0
1.6963061272506461,1.6137012404433893,0.0,1.0,0.0,0.0,1.0,0.0,0.0,0.0,1,1,1,1,1,1,1,1,1,1,0,1,0
0.677624566148813,0.7992939660427822,1.0,0.0,0.0,0.0,1.0,0.0,0.0,1.0,0,1,1,1,1,1,0,1,1,1,0,1,0
-1.3265026160515319,-1.2367242199587352,1.0,0.0,1.0,0.0,0.0,0.0,0.0,1.0,0,0,0,1,0,0,0,0,0,0,0,1,0
-0.013682985920294679,-1.1145631287986442,0.0,0.0,0.0,0.0,0.0,0.0,1.0,0.0,0,0,0,0,1,0,0,1,1,1,0,1,0
-1.4710789550659844,1.4508197855632678,0.0,0.0,1.0,0.0,1.0,1.0,0.0,0.0,0,0,0,0,0,0,0,0,0,0,0,1,0
1.1761636661986499,1.2064976032430856,0.0,1.0,0.0,1.0,0.0,0.0,1.0,0.0,0,1,1,1,0,0,1,0,1,1,1,1,0
0.7075369121518029,1.6137012404433893,1.0,0.0,0.0,0.0,1.0,1.0,0.0,0.0,0,1,0,1,1,1,0,1,1,0,0,1,0
-0.46402997296531395,-1.2774445836787656,1.0,0.0,0.0,0.0,0.0,0.0,1.0,0.0,0,0,0,0,0,1,0,0,0,0,1,1,0
0.8055829351616043,1.369379058123207,0.0,1.0,0.0,1.0,0.0,0.0,1.0,0.0,1,0,0,1,1,1,0,1,0,0,0,1,0
0.001273187081200524,1.6137012404433893,1.0,0.0,0.0,0.0,1.0,1.0,0.0,0.0,1,1,1,0,1,1,1,1,1,1,0,0,0
-1.4943441130683104,-0.2594354906780068,1.0,0.0,1.0,1.0,0.0,1.0,0.0,0.0,0,0,0,0,0,0,0,0,0,0,0,1,0
0.9518210711762233,1.2879383306831464,1.0,1.0,0.0,0.0,1.0,0.0,0.0,0.0,1,1,1,1,1,0,1,0,0,0,0,1,0
0.2954112561106046,-0.5037576729981889,1.0,1.0,0.0,0.0,0.0,0.0,1.0,0.0,1,0,0,0,0,1,0,0,0,1,1,1,1
1.0083221691818711,-1.1960038562387048,0.0,1.0,0.0,0.0,0.0,0.0,1.0,0.0,0,1,0,0,0,1,0,0,1,1,1,1,0
0.9933659961803764,-0.4223169455581282,1.0,1.0,0.0,0.0,0.0,1.0,0.0,0.0,0,1,0,1,0,0,0,0,1,1,1,1,0
0.5264010391336954,-1.1552834925186746,1.0,1.0,0.0,0.0,0.0,0.0,0.0,1.0,1,0,0,0,0,0,1,1,0,1,1,1,0
-0.8562140650045189,1.2064976032430856,1.0,0.0,0.0,0.0,1.0,0.0,0.0,0.0,1,0,0,0,0,0,0,1,1,1,0,0,0
-1.4710789550659844,-1.1145631287986442,0.0,0.0,1.0,0.0,0.0,0.0,0.0,1.0,0,0,0,0,0,0,0,0,0,1,0,1,0
0.6909189421501416,1.0843365120829946,1.0,1.0,0.0,1.0,0.0,0.0,1.0,0.0,1,1,0,1,0,0,0,0,0,0,1,1,0
-1.2749869090463821,-1.1960038562387048,1.0,0.0,1.0,0.0,1.0,0.0,0.0,1.0,0,0,1,1,0,0,0,0,0,1,0,1,0
1.111353583192171,1.6137012404433893,0.0,1.0,0.0,0.0,1.0,0.0,0.0,0.0,1,0,0,1,1,0,1,1,1,1,0,1,0
1.0897502221900113,1.002895784642934,1.0,1.0,0.0,1.0,0.0,1.0,0.0,0.0,1,1,1,0,0,1,1,0,1,1,0,1,0
-1.4893587220678117,1.369379058123207,1.0,0.0,1.0,0.0,1.0,1.0,0.0,0.0,0,0,1,0,0,0,0,0,0,0,0,1,0
-0.46402997296531395,1.125056875803025,0.0,0.0,0.0,0.0,0.0,0.0,1.0,0.0,0,1,0,0,0,1,0,0,1,1,1,0,0
1.1612074931971548,0.5142514200025698,1.0,1.0,0.0,0.0,1.0,0.0,0.0,0.0,0,1,1,1,0,0,1,0,1,0,0,1,0
-0.9958050130184734,-1.1960038562387048,0.0,0.0,0.0,0.0,0.0,1.0,0.0,0.0,0,0,0,0,0,0,0,0,1,1,0,0,0
1.3406815692150957,-0.7073594915983407,0.0,1.0,0.0,0.0,0.0,0.0,1.0,0.0,0,1,0,0,1,0,1,1,1,0,1,1,0
-0.15327393393424887,0.758573602322752,0.0,0.0,0.0,1.0,0.0,0.0,0.0,0.0,0,1,1,0,1,0,1,1,1,0,0,0,0
-0.00038860991896550476,1.125056875803025,0.0,0.0,0.0,1.0,0.0,0.0,1.0,0.0,0,0,0,1,1,0,1,1,0,0,0,1,0
-0.33607160395252245,0.025607055362205634,1.0,0.0,0.0,0.0,0.0,0.0,0.0,0.0,0,0,0,1,0,1,0,0,0,1,0,1,0
1.506861269231708,-0.9109613101984924,1.0,1.0,0.0,0.0,0.0,0.0,1.0,0.0,0,1,0,0,1,1,1,1,1,1,1,1,0
-1.5109620830699715,-0.2594354906780068,1.0,0.0,1.0,1.0,0.0,1.0,0.0,0.0,0,0,0,0,0,0,0,0,0,0,0,1,1
0.6360796411446599,-1.0738427650786138,0.0,1.0,0.0,0.0,0.0,0.0,1.0,0.0,0,1,0,0,0,0,1,0,0,0,1,1,0
1.5450826002355291,1.4100994218432374,0.0,1.0,0.0,1.0,0.0,0.0,1.0,0.0,1,1,0,1,1,0,1,1,1,1,0,1,0
-0.9625690730151509,0.6771328748826912,0.0,0.0,0.0,1.0,0.0,1.0,0.0,0.0,1,0,1,0,1,0,0,1,0,1,0,0,0
-1.4860351280674797,-1.2774445836787656,1.0,0.0,1.0,0.0,0.0,0.0,0.0,1.0,0,0,0,0,0,0,0,0,0,1,0,1,0
0.6510358141461546,-1.0331224013585834,0.0,1.0,0.0,0.0,0.0,0.0,1.0,0.0,0,0,0,0,0,0,1,0,1,1,0,1,1
1.5201556452330371,-0.21871512695797646,0.0,1.0,0.0,1.0,0.0,0.0,0.0,0.0,0,1,0,1,1,1,1,0,1,1,0,1,1
0.8787020031689138,0.18848851024232702,1.0,1.0,0.0,1.0,0.0,1.0,0.0,0.0,1,1,1,0,0,0,0,0,1,0,0,1,0
1.1894580421999785,1.247217966963116,0.0,1.0,0.0,0.0,0.0,0.0,1.0,0.0,1,0,1,1,1,1,1,0,1,1,1,1,0
0.8155537171626008,-0.055833672077855064,1.0,1.0,0.0,0.0,0.0,0.0,1.0,0.0,1,0,1,1,1,0,1,1,0,0,0,1,0
1.2991366442109427,0.7178532386027215,1.0,1.0,0.0,0.0,0.0,0.0,0.0,0.0,1,1,1,1,0,1,1,0,1,1,1,1,0
0.5430190091353566,-0.015113308357824713,1.0,1.0,0.0,0.0,0.0,1.0,0.0,0.0,0,0,0,1,0,0,1,0,0,1,0,1,1
-1.3348116010523623,-1.2774445836787656,0.0,0.0,0.0,0.0,0.0,0.0,1.0,0.0,0,0,0,0,0,0,0,0,0,0,1,0,0
0.5463426031356892,1.247217966963116,0.0,1.0,0.0,1.0,0.0,1.0,0.0,0.0,1,0,0,1,0,0,0,1,0,1,0,1,0
0.9817334171792131,-0.0965540357978854,1.0,1.0,0.0,0.0,0.0,1.0,0.0,0.0,0,1,0,1,1,1,0,0,0,1,0,1,0
1.7062769092516428,1.5729808767233588,1.0,1.0,0.0,0.0,1.0,0.0,0.0,0.0,1,1,0,1,1,1,1,1,1,1,0,1,0
1.3556377422165908,0.8400143297628127,0.0,1.0,0.0,0.0,1.0,0.0,1.0,0.0,0,1,0,1,0,1,1,0,1,0,0,1,0
1.1346187411944968,-0.8295205827584317,0.0,1.0,0.0,0.0,0.0,0.0,0.0,0.0,0,1,0,0,1,0,0,1,1,1,1,1,0
0.9850570111795457,0.7178532386027215,1.0,1.0,0.0,0.0,0.0,1.0,0.0,0.0,1,1,0,1,1,1,0,0,0,1,0,1,0
-1.504314895069307,-1.2367242199587352,0.0,0.0,1.0,0.0,0.0,0.0,0.0,1.0,0,0,0,0,0,0,0,0,0,0,0,1,0
1.114677177192503,-0.9516816739185228,0.0,1.0,0.0,0.0,0.0,1.0,0.0,0.0,0,1,0,1,0,0,1,0,1,0,1,1,0
0.966777244177718,-0.62591876415828,1.0,1.0,0.0,0.0,0.0,0.0,1.0,0.0,0,1,0,0,1,0,0,0,1,0,1,1,0
1.3572995392167568,0.9621754209229036,0.0,1.0,0.0,1.0,0.0,1.0,0.0,0.0,1,1,0,0,1,1,1,0,1,1,0,1,0
0.5513279941361872,1.4100994218432374,1.0,0.0,0.0,0.0,1.0,1.0,0.0,0.0,1,1,1,0,1,1,1,0,1,0,0,1,0
1.1877962451998125,-0.9516816739185228,1.0,1.0,0.0,0.0,0.0,0.0,1.0,0.0,0,1,0,1,0,0,1,0,1,1,1,1,1
-0.2779087089467081,-1.1552834925186746,1.0,0.0,0.0,0.0,0.0,0.0,1.0,0.0,0,0,0,0,0,0,0,0,1,1,0,1,0
0.019552954083027783,-0.5444780367182193,1.0,0.0,0.0,1.0,0.0,0.0,0.0,0.0,0,1,0,0,0,1,0,1,0,1,0,1,0
-1.4893587220678117,-0.9924020376385531,0.0,0.0,1.0,0.0,0.0,0.0,0.0,1.0,0,0,1,0,0,0,0,0,0,0,0,1,0
1.5450826002355291,1.5729808767233588,0.0,1.0,0.0,0.0,1.0,0.0,1.0,0.0,0,1,0,1,0,1,1,1,1,1,0,1,0
0.2688225041079463,-0.9109613101984924,1.0,1.0,0.0,0.0,0.0,0.0,1.0,0.0,0,0,0,0,0,1,0,0,0,1,1,1,1
0.8055829351616043,-0.7073594915983407,0.0,1.0,0.0,0.0,0.0,1.0,0.0,0.0,0,0,0,1,0,1,0,0,1,0,0,1,1
1.3739175092184182,1.6137012404433893,1.0,1.0,0.0,1.0,0.0,0.0,0.0,0.0,1,1,1,1,1,0,1,0,1,1,0,1,0
-1.4860351280674797,-0.8295205827584317,1.0,0.0,1.0,1.0,0.0,1.0,0.0,0.0,0,0,0,0,0,0,0,0,0,0,0,1,0
-1.3148700370503688,1.6137012404433893,1.0,0.0,1.0,0.0,1.0,0.0,0.0,0.0,1,0,1,1,0,0,0,0,0,1,0,1,0
0.2920876621102721,-1.2774445836787656,1.0,1.0,0.0,0.0,0.0,0.0,1.0,0.0,1,0,0,1,0,0,0,0,0,1,1,1,1
0.35357415111641893,-0.38159658183809786,0.0,1.0,0.0,0.0,0.0,0.0,0.0,0.0,0,0,0,0,1,0,0,0,0,1,0,1,1
0.02620014208369237,1.6137012404433893,1.0,0.0,0.0,0.0,1.0,0.0,0.0,0.0,0,1,0,0,1,1,1,1,1,1,0,0,0
0.5297246331340278,-0.2594354906780068,0.0,1.0,0.0,0.0,0.0,0.0,1.0,0.0,0,0,0,1,0,0,1,0,0,1,0,1,0
1.3224018022132684,-0.46303730927815856,0.0,1.0,0.0,1.0,0.0,0.0,0.0,1.0,0,1,0,0,0,1,1,1,1,1,0,1,0
-1.3497677740538576,1.125056875803025,1.0,0.0,1.0,1.0,0.0,0.0,0.0,0.0,1,0,0,1,0,0,0,0,0,0,0,1,0
-1.4727407520661506,-0.8295205827584317,1.0,0.0,1.0,0.0,0.0,0.0,0.0,1.0,0,0,0,0,0,0,0,0,0,0,0,1,0
0.35357415111641893,-0.6666391278783103,1.0,1.0,0.0,0.0,0.0,0.0,1.0,0.0,1,0,0,1,0,0,0,0,0,1,0,1,0
0.4964886931307054,1.247217966963116,0.0,0.0,0.0,1.0,0.0,1.0,0.0,0.0,1,1,0,1,1,1,0,0,1,1,0,1,0
0.5629605731373504,-0.4223169455581282,0.0,1.0,0.0,0.0,0.0,0.0,1.0,0.0,0,0,0,0,1,1,0,0,0,0,0,1,1
0.38348649711940885,-0.015113308357824713,0.0,0.0,0.0,0.0,0.0,0.0,0.0,0.0,1,1,1,0,1,1,1,1,0,0,0,1,0
0.48651791112970877,-1.1960038562387048,0.0,1.0,0.0,0.0,0.0,0.0,1.0,0.0,0,0,0,1,0,1,0,0,0,1,1,1,1
0.544680806135523,-0.7888002190384014,0.0,1.0,0.0,0.0,0.0,0.0,1.0,0.0,0,0,0,0,0,1,1,0,0,1,1,1,0
1.2958130502106107,1.4508197855632678,0.0,1.0,0.0,0.0,1.0,1.0,0.0,0.0,1,1,1,1,0,1,0,1,1,1,0,1,0
0.720831288153132,-0.0965540357978854,0.0,1.0,0.0,1.0,0.0,0.0,1.0,0.0,1,1,1,0,0,0,1,0,0,0,0,1,0
0.3436033691154218,-0.6666391278783103,0.0,1.0,0.0,0.0,0.0,0.0,0.0,0.0,0,0,0,0,0,1,0,0,0,0,0,1,0
0.5264010391336954,0.025607055362205634,1.0,1.0,0.0,0.0,1.0,0.0,0.0,0.0,0,0,0,0,0,1,0,1,0,0,0,1,0
-1.5109620830699715,1.6137012404433893,1.0,0.0,1.0,0.0,1.0,1.0,0.0,0.0,1,0,0,0,0,0,0,0,0,0,0,1,0
0.6593447991469852,-1.1552834925186746,0.0,1.0,0.0,0.0,0.0,0.0,1.0,0.0,0,1,0,1,0,0,0,0,0,1,1,1,1
-1.03568814102246,-0.8295205827584317,0.0,0.0,0.0,1.0,0.0,0.0,0.0,1.0,0,0,0,0,1,0,0,1,0,1,0,0,0
0.6144762801425001,-1.1552834925186746,0.0,1.0,0.0,0.0,0.0,0.0,1.0,0.0,1,0,0,1,0,0,0,0,1,1,0,1,1
0.534710024134526,-1.318164947398796,0.0,0.0,0.0,0.0,1.0,0.0,0.0,1.0,1,1,1,0,1,1,1,0,1,0,0,1,0
0.4748853321285456,-1.0738427650786138,0.0,1.0,0.0,0.0,0.0,0.0,1.0,0.0,0,0,0,1,1,0,0,0,0,1,1,1,0
1.438727592224897,1.3286586944031769,0.0,1.0,0.0,1.0,0.0,1.0,0.0,0.0,1,1,0,1,0,1,1,1,1,1,0,1,0
-1.491020519067978,-0.7073594915983407,0.0,0.0,1.0,0.0,0.0,0.0,0.0,1.0,0,0,0,0,0,0,0,0,0,0,0,1,0
-1.4527991880641573,-0.3408762181180675,0.0,0.0,1.0,1.0,0.0,0.0,0.0,0.0,0,0,1,0,0,0,0,0,0,0,0,1,0
-1.150352134033923,-0.7888002190384014,0.0,0.0,0.0,0.0,0.0,0.0,1.0,0.0,0,0,1,0,0,1,0,0,0,0,0,0,0
0.5014740841312035,-0.3408762181180675,1.0,1.0,0.0,0.0,0.0,1.0,0.0,0.0,0,1,0,0,0,0,0,0,0,1,0,1,0
0.02453834508352634,1.6137012404433893,0.0,0.0,0.0,0.0,1.0,0.0,0.0,0.0,1,1,0,0,1,1,1,1,1,0,0,0,0
1.3074456292117733,0.880734693482843,0.0,1.0,0.0,0.0,0.0,0.0,0.0,0.0,1,1,1,1,1,1,0,0,1,1,0,1,0
0.32033821111309646,-1.1960038562387048,0.0,1.0,0.0,0.0,0.0,0.0,0.0,0.0,0,0,0,1,0,0,0,0,0,0,1,1,0
-1.4710789550659844,-1.1552834925186746,1.0,0.0,1.0,0.0,0.0,0.0,0.0,1.0,1,0,1,0,0,0,0,0,0,1,0,1,0
0.8836873941694119,-0.015113308357824713,0.0,1.0,0.0,0.0,0.0,0.0,0.0,1.0,1,0,1,1,0,0,1,0,1,1,0,1,1
1.1396041321949948,0.10704778280226633,1.0,1.0,0.0,0.0,0.0,0.0,1.0,0.0,0,1,0,1,0,0,1,0,1,1,1,1,1
-1.4710789550659844,0.10704778280226633,1.0,0.0,1.0,0.0,1.0,0.0,0.0,0.0,1,0,1,0,0,0,0,0,0,0,0,1,0
-0.6584602219847502,-1.2367242199587352,1.0,0.0,0.0,0.0,0.0,0.0,0.0,1.0,0,0,0,0,0,0,0,0,0,0,1,1,1
0.36022133911708304,-0.9924020376385531,0.0,1.0,0.0,0.0,0.0,0.0,1.0,0.0,0,0,0,0,0,1,0,0,0,0,0,1,0
-0.32111543095102724,-0.4223169455581282,1.0,0.0,0.0,0.0,0.0,0.0,0.0,1.0,0,0,0,0,1,0,0,1,0,0,0,1,0
-0.1931570619382357,-0.7073594915983407,0.0,0.0,0.0,0.0,0.0,0.0,1.0,0.0,0,0,0,0,1,0,1,1,0,0,0,1,0
1.0083221691818711,-0.4223169455581282,1.0,1.0,0.0,0.0,0.0,0.0,1.0,0.0,0,1,0,1,0,0,0,0,1,1,0,1,0
-0.6667692069855808,-1.2774445836787656,1.0,0.0,0.0,0.0,0.0,1.0,0.0,0.0,1,0,0,0,0,0,0,0,0,0,1,1,0
-1.3065610520495383,1.5729808767233588,0.0,0.0,1.0,0.0,1.0,0.0,0.0,0.0,1,0,1,1,0,0,0,0,0,0,0,1,0
-0.2662761299455452,-1.1552834925186746,1.0,0.0,0.0,0.0,0.0,0.0,1.0,0.0,0,0,0,0,1,0,1,0,0,0,0,1,0
0.5646223701375164,-0.30015585439803716,1.0,0.0,0.0,0.0,0.0,0.0,0.0,0.0,0,1,0,1,1,1,1,1,0,0,0,1,0
0.7091987091519689,-0.015113308357824713,0.0,1.0,0.0,0.0,0.0,0.0,1.0,0.0,1,0,1,0,0,1,0,0,1,1,0,1,0
-1.1619847130350858,-1.0331224013585834,1.0,0.0,0.0,0.0,0.0,0.0,0.0,0.0,1,0,0,0,1,0,0,0,0,0,0,0,1
-1.4710789550659844,-0.62591876415828,1.0,0.0,1.0,1.0,0.0,0.0,0.0,1.0,0,0,0,0,0,0,0,0,0,1,0,1,0
-0.12834697893175703,-0.9924020376385531,1.0,0.0,0.0,0.0,0.0,0.0,0.0,0.0,1,0,0,0,1,0,0,0,1,0,0,1,1
0.28211688010927544,0.9621754209229036,0.0,0.0,0.0,0.0,1.0,0.0,0.0,0.0,0,1,0,1,1,0,1,1,0,0,0,1,1
-0.6335332669822583,-1.2774445836787656,1.0,0.0,0.0,0.0,0.0,0.0,0.0,1.0,0,0,0,0,0,0,0,0,0,1,1,1,0
1.1811490571991479,-0.9924020376385531,1.0,1.0,0.0,0.0,0.0,1.0,0.0,0.0,0,1,0,0,1,0,0,1,1,0,1,1,1
-1.5126238800701375,-1.0331224013585834,1.0,0.0,1.0,0.0,0.0,0.0,1.0,0.0,0,0,0,0,0,0,0,0,0,0,1,1,0
-1.4594463760648215,-1.1960038562387048,1.0,0.0,1.0,0.0,0.0,0.0,0.0,1.0,0,0,1,0,0,0,0,0,0,0,0,1,0
0.4183842341228973,1.5729808767233588,0.0,0.0,0.0,0.0,1.0,1.0,0.0,0.0,0,0,0,0,1,1,1,1,1,0,0,1,0
1.0382345151848615,-1.2367242199587352,0.0,1.0,0.0,0.0,0.0,0.0,1.0,0.0,0,1,0,1,0,0,0,0,1,1,1,1,0
0.8570986421667539,-1.2774445836787656,0.0,1.0,0.0,0.0,0.0,0.0,1.0,0.0,0,1,0,0,0,0,0,0,1,0,1,1,0
0.966777244177718,0.6771328748826912,1.0,1.0,0.0,0.0,0.0,0.0,0.0,0.0,1,0,0,1,1,1,0,0,1,1,0,1,0
0.1774236690988095,1.0436161483629645,1.0,0.0,0.0,0.0,1.0,0.0,0.0,0.0,0,0,0,0,0,1,1,1,1,0,0,1,0
-1.1437049460332582,0.47353105628253944,1.0,0.0,0.0,0.0,0.0,0.0,1.0,0.0,1,0,0,0,0,1,0,0,0,1,1,0,1
0.3718539181182462,1.0843365120829946,0.0,0.0,0.0,0.0,1.0,1.0,0.0,0.0,1,1,1,0,0,1,0,1,1,1,0,1,0
1.438727592224897,1.5729808767233588,1.0,1.0,0.0,0.0,1.0,0.0,1.0,0.0,0,1,0,1,1,0,1,1,1,1,1,1,0
0.17077648109814536,-1.2774445836787656,1.0,1.0,0.0,0.0,0.0,0.0,1.0,0.0,0,0,0,0,0,0,0,0,0,1,1,1,0
0.3485887601159204,-0.8702409464784621,0.0,1.0,0.0,0.0,0.0,0.0,1.0,0.0,0,0,0,1,0,0,0,0,0,0,0,1,0
1.2958130502106107,1.2064976032430856,1.0,1.0,0.0,1.0,0.0,0.0,1.0,0.0,1,1,0,1,0,1,1,0,1,1,1,1,1
-0.32610082195152557,0.10704778280226633,0.0,0.0,0.0,1.0,0.0,0.0,0.0,0.0,1,0,1,0,1,0,0,1,0,1,0,1,0
-1.504314895069307,-0.5037576729981889,0.0,0.0,1.0,0.0,0.0,0.0,0.0,0.0,0,0,0,0,0,0,0,0,0,1,0,1,0
-1.5009913010689746,0.3106496014024181,1.0,0.0,1.0,0.0,1.0,0.0,0.0,1.0,1,0,1,0,0,0,0,0,0,0,0,1,0
-0.562075995975115,0.26992923768238775,0.0,0.0,0.0,1.0,0.0,0.0,1.0,0.0,0,0,0,0,1,0,0,0,0,1,0,1,0
0.7258166791536301,-1.2774445836787656,1.0,1.0,0.0,0.0,0.0,0.0,1.0,0.0,0,1,0,1,0,0,0,0,0,1,1,1,0
-1.3630621500551865,1.6137012404433893,0.0,0.0,1.0,0.0,1.0,0.0,0.0,0.0,1,0,1,1,0,0,0,0,0,0,0,1,0
0.5264010391336954,0.025607055362205634,0.0,1.0,0.0,0.0,0.0,0.0,0.0,0.0,1,0,0,1,0,1,0,0,0,1,1,1,1
-0.6966815529885713,-0.8295205827584317,0.0,0.0,0.0,0.0,0.0,0.0,0.0,0.0,0,0,0,0,0,0,0,0,0,0,0,1,0
-1.4960059100684764,-1.2774445836787656,1.0,0.0,1.0,0.0,0.0,0.0,0.0,0.0,0,0,0,0,0,0,0,0,0,0,0,1,0
-1.51594747407047,-0.21871512695797646,1.0,0.0,1.0,0.0,0.0,0.0,0.0,1.0,0,0,1,0,0,0,0,0,0,0,0,1,0
-1.5009913010689746,0.06632741908223598,1.0,0.0,1.0,1.0,0.0,1.0,0.0,0.0,1,0,1,0,0,0,0,0,0,0,0,1,0
0.5164302571326987,0.9621754209229036,0.0,1.0,0.0,0.0,1.0,0.0,0.0,0.0,1,0,0,0,1,0,1,0,0,0,0,1,0
-1.343120586053193,1.0436161483629645,0.0,0.0,1.0,0.0,1.0,1.0,0.0,0.0,0,0,0,1,0,0,0,0,0,0,0,1,0
-1.3132082400502028,-0.4223169455581282,0.0,0.0,1.0,0.0,1.0,1.0,0.0,0.0,1,0,1,1,0,0,0,0,0,0,0,1,0
-1.2849576910473786,-0.9109613101984924,0.0,0.0,1.0,0.0,1.0,1.0,0.0,0.0,1,0,1,1,0,0,0,0,0,0,0,1,0
-1.4876969250676457,-0.7888002190384014,1.0,0.0,1.0,0.0,1.0,1.0,0.0,0.0,0,0,0,0,0,0,0,0,0,0,0,1,0
0.682609957149311,0.10704778280226633,0.0,1.0,0.0,0.0,0.0,1.0,0.0,0.0,0,0,0,1,0,1,0,1,0,0,1,1,0
0.17410007509847744,0.06632741908223598,0.0,1.0,0.0,0.0,0.0,1.0,0.0,0.0,0,0,0,0,0,0,0,0,0,1,1,1,0
0.9817334171792131,-1.1552834925186746,0.0,1.0,0.0,0.0,0.0,0.0,1.0,0.0,0,1,0,1,0,0,0,0,1,1,1,1,1
-1.46443176706532,1.6137012404433893,1.0,0.0,1.0,0.0,1.0,0.0,0.0,0.0,1,0,0,0,0,0,0,0,0,0,0,1,0
0.18407085709947407,-1.2367242199587352,1.0,0.0,0.0,0.0,0.0,0.0,1.0,0.0,0,1,0,0,0,0,0,1,1,0,0,1,0
1.0166311541827018,-1.0331224013585834,0.0,1.0,0.0,0.0,0.0,0.0,1.0,0.0,0,1,0,0,0,0,1,0,1,1,1,1,0
0.356897745116751,-0.21871512695797646,1.0,1.0,0.0,0.0,0.0,0.0,1.0,0.0,1,0,0,1,0,0,0,0,0,1,1,1,1
0.15914390209698223,-1.1552834925186746,1.0,1.0,0.0,0.0,0.0,0.0,0.0,1.0,1,0,1,0,0,0,0,0,0,1,0,1,0
-1.4926823160681442,0.18848851024232702,0.0,0.0,1.0,0.0,1.0,0.0,0.0,1.0,0,0,0,0,0,0,0,0,0,0,0,1,0
-1.4876969250676457,-0.46303730927815856,1.0,0.0,1.0,0.0,0.0,0.0,0.0,1.0,0,0,0,0,0,0,0,0,0,0,0,1,0
1.0332491241843629,0.8400143297628127,0.0,1.0,0.0,1.0,0.0,1.0,0.0,0.0,1,1,0,1,0,0,0,0,1,1,0,1,1
0.8421424691652587,-0.5851984004382496,0.0,1.0,0.0,0.0,0.0,0.0,1.0,0.0,0,1,0,1,0,0,0,1,0,1,1,1,0
0.13920233809498894,-1.2367242199587352,0.0,1.0,0.0,0.0,0.0,0.0,1.0,0.0,0,0,0,0,0,0,0,0,0,0,1,1,0
1.156222102196656,-0.015113308357824713,1.0,1.0,0.0,0.0,0.0,1.0,0.0,0.0,1,1,1,1,1,0,0,0,1,1,1,1,0
-1.462769970065154,-0.38159658183809786,1.0,0.0,1.0,1.0,0.0,0.0,1.0,0.0,1,0,0,0,0,0,0,0,0,1,0,1,1
-0.4856333339674735,-1.1960038562387048,1.0,0.0,0.0,0.0,0.0,0.0,0.0,1.0,0,0,0,0,1,0,0,0,0,1,0,1,0
-0.20312784393923258,1.5729808767233588,0.0,0.0,0.0,0.0,1.0,0.0,0.0,1.0,1,1,1,0,1,1,0,1,1,0,0,0,0
1.0349109211845293,-0.9516816739185228,1.0,1.0,0.0,0.0,0.0,0.0,0.0,0.0,0,1,0,0,0,0,0,1,1,1,0,1,0
-0.5072366949696331,-1.2774445836787656,0.0,0.0,0.0,0.0,0.0,0.0,1.0,0.0,0,0,0,0,0,1,0,0,0,0,0,1,0
-0.24301097194321938,-0.5851984004382496,1.0,0.0,0.0,0.0,0.0,0.0,1.0,0.0,1,1,1,0,0,0,1,0,0,0,1,1,0
-0.3693075439558449,-0.8295205827584317,1.0,0.0,0.0,1.0,0.0,1.0,0.0,0.0,1,1,1,0,0,0,0,0,0,0,1,1,0
0.5097830691320341,1.5729808767233588,1.0,0.0,0.0,0.0,1.0,0.0,0.0,1.0,1,1,0,1,1,1,1,1,0,1,0,1,0
-1.341458789053027,1.2879383306831464,0.0,0.0,1.0,1.0,0.0,0.0,0.0,0.0,0,0,0,1,0,0,0,0,0,1,0,1,0
-0.8213163280010305,-1.1552834925186746,1.0,0.0,0.0,0.0,0.0,0.0,1.0,0.0,0,1,0,0,0,0,0,1,0,1,0,0,0
-1.504314895069307,-0.38159658183809786,0.0,0.0,1.0,0.0,0.0,0.0,0.0,1.0,0,0,0,0,0,0,0,0,0,1,0,1,0
-0.45572098796448335,0.26992923768238775,0.0,0.0,0.0,0.0,0.0,1.0,0.0,0.0,1,0,1,0,1,0,0,0,0,0,0,1,0
-0.34604238595351905,-0.1779947632379461,1.0,0.0,0.0,1.0,0.0,0.0,0.0,1.0,1,0,0,0,1,0,0,1,0,0,0,1,0
0.6626683931473177,-1.1145631287986442,0.0,1.0,0.0,0.0,0.0,0.0,1.0,0.0,0,0,0,0,0,1,0,0,1,1,0,1,1
0.7091987091519689,0.5142514200025698,0.0,1.0,0.0,0.0,0.0,0.0,1.0,0.0,1,1,0,0,0,0,1,0,0,1,0,1,1
0.1857326540996401,0.18848851024232702,1.0,1.0,0.0,0.0,0.0,0.0,0.0,1.0,0,0,0,0,0,0,0,0,0,1,0,1,0
1.503537675231376,1.125056875803025,0.0,1.0,0.0,0.0,1.0,0.0,0.0,0.0,1,1,0,0,1,1,1,1,1,1,0,1,1
1.1911198392001445,-0.9924020376385531,1.0,1.0,0.0,0.0,0.0,0.0,1.0,0.0,0,1,0,1,0,0,1,0,1,1,1,1,1
1.001674981181207,0.5956921474426305,0.0,1.0,0.0,1.0,0.0,1.0,0.0,0.0,0,0,0,1,1,0,1,0,1,0,0,1,0
0.6310942501441613,-0.2594354906780068,1.0,1.0,0.0,0.0,0.0,0.0,1.0,0.0,1,0,1,1,0,0,0,0,1,1,1,1,0
0.7823177771592784,-1.1960038562387048,0.0,1.0,0.0,0.0,0.0,0.0,0.0,1.0,1,0,1,0,1,0,0,1,1,1,1,1,1
0.1657910900976468,0.7178532386027215,0.0,1.0,0.0,0.0,0.0,0.0,0.0,0.0,1,0,1,0,0,0,0,0,0,1,0,1,0
0.22727757910379318,-0.21871512695797646,1.0,0.0,0.0,0.0,0.0,0.0,0.0,0.0,1,1,1,1,0,0,0,1,1,0,0,1,0
0.9086143491719036,-0.9924020376385531,0.0,1.0,0.0,0.0,0.0,0.0,1.0,0.0,0,1,0,0,0,0,1,0,1,1,1,1,1
-1.3663857440555187,1.2064976032430856,0.0,0.0,1.0,0.0,1.0,0.0,0.0,0.0,1,0,0,1,0,0,0,0,0,0,0,1,0
0.5679459641378485,1.5729808767233588,0.0,0.0,0.0,0.0,1.0,0.0,0.0,0.0,1,1,0,0,1,0,1,1,1,0,0,1,0
-1.3181936310507012,1.369379058123207,1.0,0.0,1.0,0.0,1.0,0.0,0.0,1.0,0,0,0,1,0,0,0,0,0,0,0,1,0
1.6597465932469917,1.4508197855632678,1.0,1.0,0.0,0.0,1.0,0.0,0.0,0.0,1,1,1,1,1,1,1,1,1,1,0,1,0
-0.518869273970796,-0.7888002190384014,0.0,0.0,0.0,0.0,0.0,0.0,1.0,0.0,0,1,0,0,0,0,1,0,1,0,0,0,0
0.5363718211346925,0.9621754209229036,1.0,1.0,0.0,1.0,0.0,0.0,1.0,0.0,1,1,0,0,0,0,0,0,0,1,0,1,0
0.4881797081298748,0.22920887396235737,1.0,1.0,0.0,0.0,0.0,0.0,1.0,0.0,1,0,0,0,1,1,0,0,0,1,1,1,0
0.8537750481664219,-0.748079855318371,1.0,1.0,0.0,0.0,0.0,1.0,0.0,0.0,0,1,0,0,0,0,0,0,1,0,1,1,1
-1.5109620830699715,-0.6666391278783103,0.0,0.0,1.0,1.0,0.0,0.0,0.0,0.0,0,0,1,0,0,0,0,0,0,1,0,1,0
0.18074726309914202,-0.748079855318371,0.0,1.0,0.0,0.0,0.0,0.0,1.0,0.0,1,0,1,0,0,0,0,0,0,0,0,1,0
0.1657910900976468,-0.015113308357824713,1.0,1.0,0.0,0.0,0.0,0.0,0.0,0.0,1,0,1,0,0,0,0,0,0,1,1,1,0
-0.3493659799538514,-0.9924020376385531,0.0,0.0,0.0,1.0,0.0,0.0,0.0,0.0,0,0,0,0,1,0,0,1,0,0,0,1,0
1.1479131171958254,0.43281069256250915,0.0,1.0,0.0,0.0,0.0,0.0,0.0,0.0,1,1,1,1,0,0,1,0,1,1,0,1,0
0.3070438351117673,0.7992939660427822,0.0,0.0,0.0,1.0,0.0,1.0,0.0,0.0,0,0,0,1,1,0,1,1,1,0,0,1,0
-0.4823097399671412,-1.1960038562387048,1.0,0.0,0.0,0.0,0.0,0.0,0.0,1.0,0,0,0,0,0,0,0,1,0,1,0,1,0
-1.4943441130683104,-0.13727439951791576,1.0,0.0,1.0,1.0,0.0,0.0,0.0,1.0,0,0,0,0,0,0,0,0,0,1,0,1,0
-1.4993295040688086,-1.2774445836787656,0.0,0.0,1.0,0.0,0.0,0.0,0.0,1.0,0,0,0,0,0,0,0,0,0,0,1,1,0
-0.7016669439890695,-0.8295205827584317,1.0,0.0,0.0,0.0,0.0,0.0,1.0,0.0,0,1,0,0,0,0,1,1,0,1,1,0,1
-0.9725398550161476,-0.6666391278783103,0.0,0.0,0.0,0.0,0.0,1.0,0.0,0.0,1,1,1,0,0,0,0,0,0,1,0,0,0
0.531386430134194,0.3106496014024181,0.0,0.0,0.0,1.0,0.0,0.0,0.0,1.0,0,1,0,1,0,0,1,1,1,1,0,1,0
-0.8395960950028577,-1.1145631287986442,0.0,0.0,0.0,0.0,0.0,0.0,1.0,0.0,0,1,0,0,0,0,1,0,0,0,1,0,0
1.074794049188516,0.3106496014024181,1.0,1.0,0.0,0.0,0.0,0.0,0.0,0.0,1,1,0,1,0,0,0,0,1,1,1,1,0
-1.502653098069141,0.14776814652229667,0.0,0.0,1.0,1.0,0.0,0.0,0.0,1.0,0,0,0,0,0,0,0,0,0,0,0,1,0
0.5064594751317021,-1.1145631287986442,0.0,1.0,0.0,0.0,0.0,0.0,1.0,0.0,0,1,0,0,0,0,0,0,0,1,1,1,0
0.6626683931473177,-0.9109613101984924,0.0,1.0,0.0,0.0,0.0,0.0,0.0,1.0,0,0,0,0,1,0,0,0,1,1,1,1,0
0.8238627021634315,-1.2367242199587352,1.0,1.0,0.0,0.0,0.0,0.0,0.0,0.0,1,1,1,0,0,0,0,0,1,1,1,1,0
0.85876043916692,-0.38159658183809786,1.0,1.0,0.0,0.0,0.0,0.0,1.0,0.0,0,0,0,1,0,0,0,1,1,1,1,1,0
-1.4860351280674797,-0.2594354906780068,1.0,0.0,1.0,1.0,0.0,0.0,0.0,0.0,1,0,1,0,0,0,0,0,0,1,0,1,0
1.58330393123935,1.6137012404433893,0.0,1.0,0.0,0.0,1.0,0.0,1.0,0.0,1,1,0,1,1,1,1,0,1,1,0,1,1
-0.48397153696730727,0.06632741908223598,0.0,0.0,0.0,0.0,0.0,0.0,0.0,0.0,1,0,0,0,0,0,0,1,0,0,0,1,0
-0.08347845992727167,-0.9109613101984924,1.0,0.0,0.0,0.0,0.0,0.0,0.0,0.0,0,0,0,0,1,0,0,1,1,0,0,1,0
-0.3011738669490337,-0.748079855318371,0.0,0.0,0.0,1.0,0.0,0.0,0.0,1.0,0,0,0,0,1,0,0,1,0,0,0,1,0
0.8404806721650927,-0.38159658183809786,0.0,1.0,0.0,0.0,0.0,0.0,0.0,0.0,0,0,0,1,1,0,0,0,1,1,1,1,0
-1.4993295040688086,0.5956921474426305,1.0,0.0,1.0,0.0,1.0,0.0,0.0,1.0,1,0,0,0,0,0,0,0,0,0,0,1,0
0.8138919201624348,-0.3408762181180675,1.0,1.0,0.0,0.0,0.0,0.0,1.0,0.0,1,1,0,0,1,0,0,1,0,1,0,1,0
1.1396041321949948,0.6771328748826912,1.0,1.0,0.0,0.0,0.0,0.0,0.0,0.0,1,1,0,1,0,1,0,0,1,1,1,1,0
-0.357674964954682,-0.5037576729981889,1.0,0.0,0.0,1.0,0.0,0.0,0.0,1.0,0,0,0,0,1,0,0,1,0,0,0,1,1
0.1657910900976468,-1.2367242199587352,0.0,1.0,0.0,0.0,0.0,0.0,0.0,0.0,0,0,0,0,0,0,0,0,0,0,1,1,0
-0.5221928679711283,-1.2367242199587352,0.0,0.0,0.0,0.0,0.0,1.0,0.0,0.0,0,0,0,0,0,1,0,0,0,1,1,1,0
-0.2662761299455452,-0.4223169455581282,1.0,0.0,0.0,0.0,1.0,0.0,0.0,0.0,0,1,0,0,0,0,1,1,1,0,0,0,0
1.1063681921916724,-1.0331224013585834,1.0,1.0,0.0,0.0,0.0,0.0,0.0,0.0,0,1,0,1,0,0,1,0,1,1,1,1,0
-1.451137391063991,-1.2774445836787656,1.0,0.0,1.0,0.0,0.0,0.0,0.0,1.0,0,0,0,0,0,0,0,0,0,0,0,1,0
1.0598378761870213,1.0843365120829946,0.0,1.0,0.0,0.0,0.0,0.0,0.0,0.0,1,1,1,1,0,1,0,1,0,1,0,1,0
-1.3381351950526947,1.0436161483629645,0.0,0.0,1.0,1.0,0.0,1.0,0.0,0.0,1,0,1,1,0,0,0,0,0,1,0,1,0
1.653099405246327,0.35136996512244845,0.0,1.0,0.0,0.0,0.0,0.0,0.0,0.0,0,1,0,1,1,1,1,1,1,1,1,1,0
0.47987072312904416,1.0843365120829946,0.0,1.0,0.0,0.0,1.0,1.0,0.0,0.0,0,0,0,1,0,1,0,0,0,1,0,1,1
0.15914390209698223,-1.1960038562387048,0.0,1.0,0.0,0.0,0.0,0.0,1.0,0.0,1,0,1,0,0,0,0,0,0,1,0,1,0
-1.4860351280674797,-0.015113308357824713,1.0,0.0,1.0,0.0,1.0,0.0,0.0,0.0,0,0,0,0,0,0,0,0,0,1,0,1,0
1.1329569441943304,0.5549717837226001,1.0,1.0,0.0,0.0,0.0,0.0,1.0,0.0,1,1,0,1,0,0,1,0,1,1,0,1,1
-1.2965902700485417,-1.318164947398796,1.0,0.0,1.0,0.0,1.0,0.0,0.0,1.0,1,0,1,1,0,0,0,0,0,0,0,1,0
0.5380336181348585,-1.2367242199587352,1.0,1.0,0.0,0.0,0.0,0.0,1.0,0.0,0,1,0,0,0,0,0,0,0,1,1,1,0
-1.5009913010689746,0.7992939660427822,0.0,0.0,1.0,1.0,0.0,1.0,0.0,0.0,1,0,1,0,0,0,0,0,0,0,0,1,0
0.3170146171127639,-0.7888002190384014,0.0,1.0,0.0,0.0,0.0,0.0,1.0,0.0,0,0,0,0,0,0,1,0,0,1,1,1,1
0.82884809316393,-0.8702409464784621,0.0,1.0,0.0,0.0,0.0,0.0,0.0,0.0,0,1,0,0,0,0,0,0,1,0,1,1,1
0.7607144161571191,-0.015113308357824713,1.0,1.0,0.0,0.0,0.0,0.0,0.0,0.0,0,0,0,1,1,0,0,1,0,0,0,1,0
1.1861344481996465,-0.62591876415828,1.0,1.0,0.0,0.0,0.0,1.0,0.0,0.0,1,1,0,1,0,0,1,0,1,1,1,1,1
0.3319707901142591,-0.6666391278783103,0.0,1.0,0.0,0.0,0.0,1.0,0.0,0.0,0,0,0,1,0,0,0,0,0,1,0,1,0
1.4187860282229037,0.758573602322752,0.0,1.0,0.0,1.0,0.0,0.0,0.0,0.0,0,1,0,1,1,1,1,0,1,0,0,1,0
0.35191235411625243,-0.13727439951791576,1.0,0.0,0.0,1.0,0.0,0.0,0.0,0.0,0,1,0,0,0,0,1,1,1,1,0,1,0
0.006258578081699082,1.5322605130033284,1.0,0.0,0.0,0.0,1.0,1.0,0.0,0.0,1,0,0,0,1,1,1,1,0,0,0,1,0
1.1861344481996465,1.5729808767233588,0.0,1.0,0.0,0.0,1.0,0.0,1.0,0.0,1,1,1,1,1,0,1,1,0,0,0,1,0
0.12424616509349373,0.35136996512244845,1.0,0.0,0.0,1.0,0.0,0.0,0.0,0.0,1,0,1,1,0,1,1,0,1,0,0,1,0
0.5247392421335293,-1.2774445836787656,1.0,1.0,0.0,0.0,0.0,0.0,1.0,0.0,0,0,0,0,0,0,0,0,1,1,0,1,0
0.5480044001358552,-1.0331224013585834,0.0,0.0,0.0,0.0,0.0,0.0,0.0,0.0,1,1,0,0,1,0,1,1,1,0,0,1,0
0.8521132511662559,-0.30015585439803716,1.0,1.0,0.0,1.0,0.0,0.0,1.0,0.0,1,1,1,0,0,0,0,0,1,1,1,1,0
0.8238627021634315,1.4100994218432374,1.0,1.0,0.0,1.0,0.0,0.0,1.0,0.0,1,0,1,1,1,1,0,1,0,0,0,1,0
-0.3011738669490337,-1.1145631287986442,1.0,0.0,0.0,0.0,0.0,0.0,0.0,1.0,1,0,1,1,0,0,0,1,0,1,0,1,0
-1.328164413051698,-0.7073594915983407,1.0,0.0,1.0,0.0,0.0,0.0,1.0,0.0,0,0,1,1,0,0,0,0,0,1,0,1,0
-1.4876969250676457,-0.5037576729981889,0.0,0.0,1.0,0.0,0.0,0.0,1.0,0.0,1,0,1,0,0,0,0,0,0,0,0,1,0
-0.28621769394753876,-1.1960038562387048,1.0,0.0,0.0,0.0,0.0,0.0,0.0,1.0,1,0,1,0,0,1,1,0,0,1,1,1,0
1.3440051632154282,0.880734693482843,1.0,1.0,0.0,1.0,0.0,0.0,1.0,0.0,1,1,1,1,0,1,0,1,1,1,0,1,0
-1.502653098069141,0.3920903288424788,1.0,0.0,1.0,1.0,0.0,0.0,0.0,1.0,0,0,0,0,0,0,0,0,0,1,0,1,0
0.4981504901308714,-0.9516816739185228,0.0,1.0,0.0,0.0,0.0,0.0,1.0,0.0,1,1,0,0,0,0,0,0,0,1,0,1,0
1.086426628189679,1.247217966963116,0.0,1.0,0.0,0.0,1.0,0.0,0.0,0.0,0,1,0,1,0,1,0,0,1,0,0,1,0
-1.3464441800535252,1.4915401492832983,0.0,0.0,1.0,0.0,1.0,0.0,0.0,0.0,1,0,0,1,0,0,0,0,0,0,0,1,0
-1.3348116010523623,1.4915401492832983,0.0,0.0,1.0,0.0,1.0,1.0,0.0,0.0,0,0,0,1,0,0,0,0,0,0,0,1,0
-0.4856333339674735,0.3106496014024181,1.0,0.0,0.0,0.0,0.0,0.0,0.0,1.0,1,0,0,0,0,1,0,0,0,1,0,1,0
-0.8362725010025254,1.125056875803025,1.0,0.0,0.0,0.0,1.0,0.0,0.0,0.0,0,0,0,0,1,1,1,0,0,0,0,0,0
0.9850570111795457,-1.1552834925186746,0.0,1.0,0.0,0.0,0.0,0.0,0.0,0.0,0,1,0,0,1,0,1,1,0,1,1,1,0
0.8338334841644282,1.5729808767233588,0.0,0.0,0.0,0.0,1.0,0.0,0.0,1.0,0,1,0,1,1,1,1,1,1,0,0,1,1
0.47156173812821356,0.18848851024232702,0.0,1.0,0.0,0.0,0.0,1.0,0.0,0.0,1,0,0,1,0,0,1,0,0,1,1,1,0
1.1329569441943304,-0.015113308357824713,1.0,1.0,0.0,0.0,0.0,1.0,0.0,0.0,1,1,0,1,0,1,0,0,1,1,0,1,0
-0.3626603559551803,0.26992923768238775,1.0,0.0,0.0,0.0,1.0,1.0,0.0,0.0,0,0,0,1,0,0,0,1,0,1,0,1,0
-1.3464441800535252,0.22920887396235737,0.0,0.0,1.0,1.0,0.0,0.0,1.0,0.0,0,0,0,1,0,0,0,0,0,1,0,1,0
0.8205391081630994,0.7992939660427822,1.0,1.0,0.0,0.0,1.0,1.0,0.0,0.0,0,1,0,1,0,0,1,0,0,1,0,1,0
1.3456669602155942,0.6364125111626608,0.0,1.0,0.0,0.0,0.0,1.0,0.0,0.0,1,1,1,1,1,1,0,0,1,1,0,1,0
-0.17487729493640844,1.5322605130033284,1.0,0.0,0.0,0.0,1.0,0.0,0.0,0.0,1,1,1,0,1,0,1,1,1,0,0,0,0
0.19237984210030468,-0.5037576729981889,1.0,1.0,0.0,0.0,0.0,1.0,0.0,0.0,0,0,0,0,0,0,0,0,0,0,0,1,0
0.5895493251400082,0.7178532386027215,0.0,0.0,0.0,1.0,0.0,1.0,0.0,0.0,0,1,0,1,1,0,1,1,1,1,0,1,0
-0.6617838159850825,-0.5444780367182193,0.0,0.0,0.0,1.0,0.0,1.0,0.0,0.0,0,1,0,0,0,0,0,0,1,1,1,0,0
-0.10508182092943122,-0.30015585439803716,1.0,0.0,0.0,1.0,0.0,0.0,0.0,0.0,1,0,1,0,1,1,1,0,0,1,0,1,0
-0.5221928679711283,-0.8295205827584317,1.0,0.0,0.0,0.0,0.0,0.0,0.0,0.0,0,0,0,0,0,1,0,0,0,1,0,1,0
1.3589613362169235,0.26992923768238775,1.0,1.0,0.0,0.0,0.0,0.0,1.0,0.0,1,1,0,1,0,1,1,0,1,1,1,1,1
0.32864719611392706,-1.0331224013585834,1.0,1.0,0.0,0.0,0.0,0.0,0.0,1.0,0,0,0,0,0,0,1,0,0,0,1,1,0
0.04946530008601819,-0.38159658183809786,0.0,0.0,0.0,1.0,0.0,0.0,0.0,1.0,1,0,1,0,1,1,1,1,0,1,0,1,0
-1.5076384890696393,-0.21871512695797646,1.0,0.0,1.0,0.0,0.0,0.0,1.0,0.0,0,0,0,0,0,0,0,0,0,1,0,1,0
0.7075369121518029,0.5956921474426305,1.0,1.0,0.0,0.0,0.0,1.0,0.0,0.0,0,0,0,1,0,0,0,0,1,1,0,1,1
-1.51594747407047,-0.2594354906780068,1.0,0.0,1.0,0.0,1.0,1.0,0.0,0.0,1,0,1,0,0,0,0,0,0,1,0,1,0
-0.0020504069191315333,-0.748079855318371,0.0,0.0,0.0,0.0,0.0,0.0,0.0,0.0,1,0,0,1,1,0,0,0,1,1,1,1,0
1.3057838322116073,-0.8702409464784621,0.0,1.0,0.0,0.0,0.0,0.0,0.0,0.0,1,1,0,1,0,0,1,1,1,1,1,1,1
-1.5126238800701375,-1.2367242199587352,1.0,0.0,1.0,0.0,0.0,0.0,0.0,1.0,0,0,1,0,0,0,0,0,0,0,0,1,0
0.5712695581381809,-0.2594354906780068,0.0,1.0,0.0,0.0,0.0,0.0,1.0,0.0,1,0,1,0,1,1,0,0,0,0,0,1,0
1.6580847962468257,1.6137012404433893,0.0,1.0,0.0,0.0,1.0,0.0,0.0,0.0,1,1,0,1,1,1,1,1,1,1,0,1,1
-1.4876969250676457,1.247217966963116,0.0,0.0,1.0,0.0,1.0,1.0,0.0,0.0,1,0,1,0,0,0,0,0,0,0,0,1,0
-1.4943441130683104,1.5729808767233588,1.0,0.0,1.0,0.0,1.0,0.0,0.0,1.0,1,0,1,0,0,0,0,0,0,0,0,1,0
0.012905766082363669,-0.8702409464784621,1.0,0.0,0.0,0.0,0.0,0.0,0.0,0.0,1,0,1,1,1,0,0,0,1,1,0,1,0
-1.4993295040688086,-0.748079855318371,1.0,0.0,1.0,1.0,0.0,0.0,0.0,1.0,1,0,0,0,0,0,0,0,0,0,0,1,1
0.8039211381614382,-0.7888002190384014,0.0,0.0,0.0,0.0,1.0,1.0,0.0,0.0,0,1,1,1,1,1,1,1,1,0,0,1,0
-1.481049737066981,-1.0738427650786138,1.0,0.0,1.0,0.0,0.0,0.0,0.0,1.0,0,0,1,0,0,0,0,0,0,1,0,1,0
0.3469269631157543,-0.8702409464784621,1.0,1.0,0.0,0.0,0.0,1.0,0.0,0.0,1,0,1,1,0,0,0,0,0,1,0,1,1
-0.26461433294537917,-0.5851984004382496,1.0,0.0,0.0,0.0,0.0,1.0,0.0,0.0,1,0,0,1,0,1,0,0,0,0,0,1,0
-0.9708780580159815,-1.2774445836787656,1.0,0.0,0.0,0.0,0.0,0.0,1.0,0.0,0,1,0,0,0,0,0,0,0,1,1,0,0
0.356897745116751,-0.015113308357824713,0.0,1.0,0.0,0.0,0.0,0.0,0.0,0.0,1,0,0,0,1,0,0,0,0,1,0,1,0
-0.9692162610158153,-0.13727439951791576,1.0,0.0,0.0,1.0,0.0,0.0,0.0,1.0,0,0,0,0,1,0,0,1,0,0,0,0,0
-0.1499503399339166,-1.1960038562387048,0.0,0.0,0.0,0.0,0.0,0.0,1.0,0.0,0,0,0,1,0,0,0,0,1,1,0,1,0
1.0099839661820376,-1.2367242199587352,0.0,1.0,0.0,0.0,0.0,0.0,1.0,0.0,0,1,0,1,0,0,0,0,1,1,1,1,0
1.0598378761870213,-0.7888002190384014,1.0,1.0,0.0,0.0,0.0,0.0,0.0,1.0,1,1,1,0,0,0,1,0,1,1,1,1,0
-0.8113455460000336,0.35136996512244845,0.0,0.0,0.0,0.0,0.0,0.0,1.0,0.0,0,1,0,0,0,1,0,0,0,1,0,0,0
-1.5259182560714666,-1.2774445836787656,0.0,0.0,1.0,0.0,0.0,0.0,1.0,0.0,0,0,0,0,0,0,0,0,0,0,0,1,0
-0.32942441595185784,-1.0331224013585834,1.0,0.0,0.0,0.0,0.0,0.0,0.0,1.0,0,0,0,0,0,0,0,0,1,0,0,1,0
-0.015344782920460707,0.7992939660427822,0.0,0.0,0.0,1.0,0.0,0.0,0.0,1.0,1,0,0,0,1,0,1,0,1,1,0,1,0
-1.3331498040521963,0.5142514200025698,0.0,0.0,1.0,0.0,1.0,0.0,0.0,0.0,1,0,1,1,0,0,0,0,0,1,0,1,0
0.37683930911874425,1.5322605130033284,1.0,0.0,0.0,0.0,1.0,1.0,0.0,0.0,1,0,0,1,0,1,1,1,1,0,0,1,0
-1.5309036470719648,0.8400143297628127,0.0,0.0,1.0,0.0,1.0,0.0,0.0,1.0,0,0,0,0,0,0,0,0,0,0,0,1,0
1.1030445981913404,1.2064976032430856,0.0,1.0,0.0,1.0,0.0,1.0,0.0,0.0,1,0,0,1,0,1,1,0,1,1,0,1,1
0.9750862291785486,1.125056875803025,0.0,1.0,0.0,0.0,0.0,1.0,0.0,0.0,1,1,0,1,1,1,0,0,0,1,0,1,0
0.5197538511330312,-1.1960038562387048,0.0,1.0,0.0,0.0,0.0,0.0,1.0,0.0,1,0,0,0,0,0,0,0,1,1,1,1,1
1.0083221691818711,-0.38159658183809786,0.0,1.0,0.0,0.0,0.0,0.0,1.0,0.0,1,1,0,0,1,0,0,0,1,1,0,1,1
-1.1104690060299358,-1.2774445836787656,1.0,0.0,0.0,0.0,0.0,0.0,0.0,1.0,0,0,1,0,0,1,0,0,0,1,1,0,0
0.252204534106285,1.4100994218432374,0.0,0.0,0.0,1.0,0.0,0.0,0.0,0.0,0,1,0,0,1,0,1,1,0,1,0,1,0
0.830509890164096,-0.8295205827584317,0.0,1.0,0.0,0.0,0.0,0.0,0.0,0.0,0,0,0,1,0,1,0,0,1,1,1,1,0
0.5961965131406728,1.5729808767233588,0.0,0.0,0.0,0.0,1.0,0.0,0.0,0.0,1,1,0,1,1,1,1,1,0,1,0,1,1
-1.491020519067978,-0.30015585439803716,1.0,0.0,1.0,1.0,0.0,1.0,0.0,0.0,0,0,0,0,0,0,0,0,0,0,0,1,0
-0.3643221529553466,-1.1145631287986442,0.0,0.0,0.0,0.0,0.0,0.0,1.0,0.0,0,0,0,1,1,0,0,0,0,1,0,1,0
-0.43910301796282214,-0.2594354906780068,1.0,0.0,0.0,1.0,0.0,1.0,0.0,0.0,0,0,0,1,0,0,0,0,0,1,0,1,0
-1.4993295040688086,-1.2774445836787656,1.0,0.0,1.0,1.0,0.0,0.0,0.0,1.0,1,0,1,0,0,0,0,0,0,0,0,1,0
-0.6883725679877406,1.5322605130033284,1.0,0.0,0.0,1.0,0.0,1.0,0.0,0.0,0,0,0,0,0,1,1,0,1,1,0,0,1
1.6364814352446657,1.6137012404433893,1.0,1.0,0.0,0.0,1.0,0.0,1.0,0.0,1,1,1,1,1,1,1,1,1,1,0,1,0
0.9850570111795457,1.125056875803025,1.0,1.0,0.0,1.0,0.0,0.0,1.0,0.0,1,1,0,0,0,1,0,0,1,1,1,1,0
1.1844726511994805,-0.015113308357824713,0.0,1.0,0.0,0.0,0.0,0.0,1.0,0.0,1,1,1,1,0,1,0,0,1,1,0,1,1
-1.4926823160681442,-1.2774445836787656,1.0,0.0,1.0,0.0,0.0,0.0,1.0,0.0,0,0,0,0,0,0,0,0,0,1,1,1,0
-0.3493659799538514,-0.748079855318371,0.0,0.0,0.0,1.0,0.0,0.0,0.0,1.0,0,0,0,1,0,1,0,0,0,1,0,1,0
0.5064594751317021,-0.7888002190384014,0.0,1.0,0.0,0.0,0.0,1.0,0.0,0.0,0,0,0,1,1,0,0,0,0,1,0,1,0
1.5002140812310438,-1.0738427650786138,0.0,1.0,0.0,0.0,0.0,1.0,0.0,0.0,0,1,0,1,0,1,1,1,1,1,1,1,0
0.47987072312904416,0.5549717837226001,0.0,0.0,0.0,0.0,1.0,0.0,0.0,1.0,0,1,0,1,1,0,1,0,1,0,0,1,0
1.2160467942026365,-0.7073594915983407,1.0,1.0,0.0,0.0,0.0,0.0,1.0,0.0,0,1,0,0,0,0,1,1,1,1,1,1,0
0.9817334171792131,0.43281069256250915,1.0,1.0,0.0,0.0,0.0,0.0,1.0,0.0,1,0,0,1,0,1,0,1,1,1,0,1,1
-0.4972659129686364,0.26992923768238775,1.0,0.0,0.0,0.0,1.0,0.0,0.0,0.0,0,0,0,0,0,0,0,1,0,1,0,1,0
-0.15659752793458118,-0.46303730927815856,1.0,0.0,0.0,0.0,0.0,0.0,0.0,0.0,0,0,0,0,0,0,1,0,1,1,1,1,1
-0.3659839499555126,1.002895784642934,1.0,0.0,0.0,0.0,0.0,0.0,1.0,0.0,0,1,0,0,1,0,1,0,1,1,0,0,0
0.9534828681763893,0.8400143297628127,0.0,1.0,0.0,1.0,0.0,0.0,1.0,0.0,1,1,0,0,0,0,0,1,1,1,0,1,0
0.7690234011579498,-0.5851984004382496,1.0,1.0,0.0,0.0,0.0,0.0,0.0,1.0,1,0,1,0,1,0,1,0,1,1,0,1,0
-0.15327393393424887,-1.2774445836787656,0.0,0.0,0.0,0.0,0.0,0.0,1.0,0.0,0,1,0,1,0,0,0,0,0,1,1,1,0
-0.12336158793125872,1.0436161483629645,0.0,0.0,0.0,1.0,0.0,0.0,0.0,0.0,1,0,0,1,1,0,0,1,0,1,0,1,0
1.3057838322116073,1.5729808767233588,0.0,1.0,0.0,0.0,1.0,0.0,0.0,0.0,0,1,0,1,0,0,1,0,1,0,0,1,1
1.1462513201956595,0.10704778280226633,0.0,1.0,0.0,1.0,0.0,0.0,1.0,0.0,0,1,0,0,0,0,1,1,1,1,0,1,0
0.6959043331506402,-1.1960038562387048,1.0,1.0,0.0,0.0,0.0,1.0,0.0,0.0,0,1,0,0,0,0,1,0,0,0,0,1,0
1.332372584214265,0.22920887396235737,1.0,1.0,0.0,1.0,0.0,0.0,1.0,0.0,0,1,0,1,1,1,0,0,1,1,0,1,0
0.14584952609565352,0.10704778280226633,1.0,0.0,0.0,0.0,1.0,1.0,0.0,0.0,1,0,1,1,1,1,1,1,0,1,0,1,0
0.8537750481664219,-1.0331224013585834,1.0,1.0,0.0,0.0,0.0,0.0,1.0,0.0,0,0,0,1,0,0,1,0,1,1,1,1,0
0.32200000811326246,0.5956921474426305,0.0,0.0,0.0,0.0,1.0,0.0,0.0,1.0,0,1,0,0,0,0,1,1,1,0,0,1,0
-0.4756625519664766,-0.748079855318371,0.0,0.0,0.0,0.0,0.0,0.0,1.0,0.0,0,0,0,0,0,1,0,0,0,0,0,1,0
-0.1582593249347472,-0.5037576729981889,0.0,0.0,0.0,0.0,0.0,0.0,1.0,0.0,1,1,0,0,0,1,0,0,0,1,0,1,1
0.6809481601491449,1.369379058123207,1.0,0.0,0.0,0.0,1.0,0.0,1.0,0.0,1,1,0,1,1,1,0,1,1,0,0,1,0
-1.505976692069473,-0.7073594915983407,1.0,0.0,1.0,0.0,0.0,1.0,0.0,0.0,1,0,0,0,0,0,0,0,0,1,0,1,0
-1.462769970065154,0.3920903288424788,0.0,0.0,1.0,0.0,1.0,0.0,0.0,0.0,0,0,0,0,0,0,0,0,0,1,0,1,0
0.46989994112804756,-0.62591876415828,0.0,1.0,0.0,0.0,0.0,0.0,1.0,0.0,1,0,0,1,1,0,0,0,0,0,0,1,0
1.3207400052131024,0.18848851024232702,1.0,1.0,0.0,1.0,0.0,1.0,0.0,0.0,0,1,0,1,0,1,0,1,1,1,0,1,0
-0.5105602889699654,-0.8295205827584317,0.0,0.0,0.0,0.0,0.0,0.0,1.0,0.0,0,0,0,0,0,1,0,0,0,1,0,1,0
0.9800716201790471,0.8400143297628127,1.0,1.0,0.0,1.0,0.0,0.0,0.0,0.0,1,1,0,0,0,1,0,0,1,1,1,1,0
-1.3215172250510334,1.125056875803025,0.0,0.0,1.0,0.0,1.0,0.0,0.0,1.0,0,0,0,1,0,0,0,0,0,0,0,1,0
-1.303237458049206,-0.5851984004382496,1.0,0.0,0.0,0.0,0.0,1.0,0.0,0.0,1,0,1,0,0,0,0,0,0,0,0,0,0
0.33695618111475767,-1.2774445836787656,1.0,1.0,0.0,0.0,0.0,0.0,1.0,0.0,0,0,0,1,0,0,0,0,0,1,1,1,0
0.179085466098976,-1.1960038562387048,0.0,1.0,0.0,0.0,0.0,0.0,1.0,0.0,0,0,0,0,0,0,0,0,0,1,0,1,0
0.15415851109648415,-0.9516816739185228,0.0,0.0,0.0,0.0,0.0,1.0,0.0,0.0,0,1,1,0,0,0,0,1,1,1,0,1,0
0.5147684601325326,-1.2774445836787656,0.0,1.0,0.0,0.0,0.0,0.0,1.0,0.0,0,0,0,0,0,0,0,0,1,1,1,1,0
0.9435120861753926,0.9621754209229036,1.0,1.0,0.0,1.0,0.0,0.0,1.0,0.0,1,0,0,1,1,1,1,0,0,1,0,1,0
0.14086413509515497,-0.62591876415828,1.0,1.0,0.0,0.0,0.0,0.0,1.0,0.0,1,0,1,0,0,0,0,0,0,1,1,1,0
0.05278889408635025,-0.8702409464784621,0.0,0.0,0.0,0.0,0.0,0.0,1.0,0.0,1,1,1,1,0,0,0,1,0,1,1,1,0
0.15914390209698223,-1.0331224013585834,1.0,1.0,0.0,0.0,0.0,0.0,1.0,0.0,0,0,0,0,0,0,0,0,0,1,0,1,0
-1.481049737066981,1.4915401492832983,0.0,0.0,1.0,0.0,1.0,0.0,0.0,0.0,1,0,1,0,0,0,0,0,0,0,0,1,0
0.7058751151516368,-0.5444780367182193,1.0,1.0,0.0,0.0,0.0,0.0,0.0,0.0,0,1,0,1,0,0,0,0,0,1,1,1,0
0.5164302571326987,-1.1960038562387048,0.0,1.0,0.0,0.0,0.0,0.0,1.0,0.0,1,1,1,0,0,0,0,0,0,1,1,1,0
-1.4744025490663168,0.880734693482843,1.0,0.0,1.0,0.0,1.0,1.0,0.0,0.0,1,0,1,0,0,0,0,0,0,0,0,1,0
-1.3630621500551865,1.2064976032430856,1.0,0.0,1.0,1.0,0.0,1.0,0.0,0.0,1,0,0,1,0,0,0,0,0,1,0,1,0
0.8570986421667539,-0.3408762181180675,1.0,1.0,0.0,0.0,0.0,1.0,0.0,0.0,0,0,0,1,0,1,0,0,1,1,1,1,0
0.18905624809997262,1.2064976032430856,0.0,0.0,0.0,0.0,0.0,1.0,0.0,0.0,1,1,1,1,0,0,0,0,1,1,0,1,0
0.03284733008435696,-0.62591876415828,1.0,0.0,0.0,0.0,0.0,0.0,0.0,0.0,0,1,0,1,1,0,0,0,0,0,0,1,0
-1.3348116010523623,-0.9516816739185228,1.0,0.0,0.0,0.0,0.0,0.0,0.0,1.0,0,0,0,0,0,0,0,0,0,1,0,0,0
0.14917312009598557,1.2879383306831464,1.0,0.0,0.0,0.0,1.0,0.0,0.0,1.0,1,0,1,0,1,0,1,1,1,0,0,1,0
0.37019212111808014,-1.2367242199587352,0.0,1.0,0.0,0.0,0.0,0.0,1.0,0.0,0,0,0,1,0,0,0,0,0,1,1,1,0
-0.62854787598176,-1.2774445836787656,1.0,0.0,0.0,0.0,0.0,0.0,0.0,1.0,1,0,1,0,0,0,0,0,0,1,1,1,0
-0.4922805219681379,-0.6666391278783103,0.0,0.0,0.0,0.0,0.0,0.0,1.0,0.0,1,1,0,0,0,0,0,1,1,1,1,0,0
-1.3331498040521963,1.6137012404433893,0.0,0.0,1.0,0.0,1.0,0.0,0.0,0.0,1,0,0,1,0,0,0,0,0,0,0,1,0
0.8521132511662559,-0.0965540357978854,1.0,1.0,0.0,1.0,0.0,0.0,0.0,0.0,0,0,0,1,1,1,1,0,0,0,0,1,0
1.1994288242009752,0.6771328748826912,0.0,1.0,0.0,0.0,0.0,0.0,0.0,1.0,1,1,0,1,1,0,0,0,1,1,0,1,0
0.35191235411625243,1.1657772395230555,1.0,0.0,0.0,0.0,1.0,1.0,0.0,0.0,1,1,0,1,1,0,1,1,0,0,0,1,0
0.7457582431556239,0.5956921474426305,1.0,1.0,0.0,0.0,0.0,0.0,1.0,0.0,1,0,1,1,0,1,0,0,1,0,0,1,0
-0.012021188920128179,-0.5037576729981889,1.0,0.0,0.0,0.0,0.0,1.0,0.0,0.0,0,1,0,0,1,0,1,0,0,0,0,1,0
0.4499583771260538,0.06632741908223598,1.0,1.0,0.0,0.0,0.0,0.0,1.0,0.0,1,0,1,0,0,0,0,0,1,0,1,1,0
-1.33148800705203,1.5322605130033284,0.0,0.0,1.0,0.0,1.0,0.0,0.0,0.0,1,0,1,1,0,0,0,0,0,0,0,1,0
1.3656085242175875,0.880734693482843,1.0,1.0,0.0,1.0,0.0,0.0,1.0,0.0,0,1,1,0,1,1,0,1,1,1,0,1,0
1.114677177192503,1.1657772395230555,1.0,1.0,0.0,1.0,0.0,0.0,0.0,1.0,1,0,0,1,0,1,1,1,1,1,0,1,1
0.40508985812156867,-1.1960038562387048,1.0,1.0,0.0,0.0,0.0,0.0,1.0,0.0,0,0,0,1,0,0,0,0,0,1,1,1,0
-1.505976692069473,-0.7888002190384014,1.0,0.0,1.0,1.0,0.0,0.0,0.0,1.0,0,0,0,0,0,0,0,0,0,0,0,1,0
1.04321990618536,-0.6666391278783103,0.0,1.0,0.0,0.0,0.0,0.0,1.0,0.0,0,1,0,1,0,0,0,0,1,1,1,1,1
-0.2014660469390663,-1.1960038562387048,0.0,0.0,0.0,0.0,0.0,1.0,0.0,0.0,1,0,1,0,0,1,0,0,1,1,0,1,0
-1.4827115340671475,-0.30015585439803716,1.0,0.0,1.0,0.0,0.0,0.0,0.0,1.0,0,0,0,0,0,0,0,0,0,1,0,1,0
-0.00869759491979612,-0.0965540357978854,1.0,0.0,0.0,0.0,0.0,0.0,0.0,1.0,0,1,0,1,1,0,0,0,0,1,0,1,0
-1.2051914350394048,-0.46303730927815856,0.0,0.0,0.0,0.0,0.0,0.0,1.0,0.0,1,0,0,0,1,0,0,0,0,0,0,0,0
-0.6468276429835875,-1.2774445836787656,1.0,0.0,0.0,0.0,0.0,0.0,1.0,0.0,0,0,0,0,0,0,0,0,0,0,1,1,0
-1.5076384890696393,-0.7073594915983407,0.0,0.0,1.0,0.0,0.0,0.0,0.0,0.0,0,0,0,0,0,0,0,0,0,0,1,1,0
0.8537750481664219,-0.38159658183809786,1.0,1.0,0.0,0.0,0.0,0.0,1.0,0.0,1,1,0,0,0,0,0,0,1,1,0,1,1
1.3423433662152622,0.5142514200025698,0.0,1.0,0.0,0.0,0.0,0.0,1.0,0.0,1,1,1,1,1,1,0,0,1,1,0,1,0
0.611152686142168,-0.3408762181180675,0.0,1.0,0.0,1.0,0.0,0.0,0.0,0.0,1,0,1,1,0,1,1,0,0,0,0,1,0
0.8438042661654253,-0.8702409464784621,0.0,1.0,0.0,0.0,0.0,0.0,1.0,0.0,0,0,0,1,0,0,0,1,1,0,1,1,0
-0.6551366279844181,-1.2774445836787656,1.0,0.0,0.0,0.0,0.0,0.0,0.0,1.0,0,0,0,0,0,0,0,0,0,0,1,1,0
1.2775332832087833,0.9621754209229036,0.0,1.0,0.0,0.0,1.0,0.0,0.0,0.0,1,1,0,1,0,0,1,1,1,0,0,1,0
0.36686852711774764,-1.2774445836787656,0.0,1.0,0.0,0.0,0.0,0.0,1.0,0.0,0,0,0,0,0,1,0,0,0,0,1,1,0
-1.505976692069473,-1.2774445836787656,1.0,0.0,1.0,0.0,0.0,0.0,1.0,0.0,0,0,0,0,0,0,0,0,0,0,0,1,0
0.4831943171293762,-1.0331224013585834,0.0,1.0,0.0,0.0,0.0,0.0,1.0,0.0,0,1,0,0,0,0,0,0,0,1,1,1,0
0.7989357471609396,0.9214550572028734,0.0,1.0,0.0,0.0,1.0,1.0,0.0,0.0,1,0,0,0,0,0,1,1,1,0,0,1,1
-1.125425179031431,-1.2367242199587352,0.0,0.0,0.0,0.0,0.0,0.0,1.0,0.0,0,0,0,0,0,0,0,1,0,1,1,0,0
0.7025515211513048,1.6137012404433893,0.0,0.0,0.0,0.0,1.0,1.0,0.0,0.0,1,1,1,1,1,0,1,1,1,1,0,1,0
-1.0157465770204666,0.5142514200025698,0.0,0.0,0.0,1.0,0.0,0.0,1.0,0.0,0,1,0,0,0,0,0,0,0,0,0,0,1
-1.4827115340671475,0.5956921474426305,0.0,0.0,1.0,0.0,1.0,0.0,0.0,1.0,0,0,0,0,0,0,0,0,0,0,0,1,0
1.0133075601823696,0.5549717837226001,0.0,1.0,0.0,1.0,0.0,1.0,0.0,0.0,0,1,0,0,0,1,0,0,1,0,1,1,1
-0.4806479429669752,-1.2367242199587352,1.0,0.0,0.0,0.0,0.0,0.0,0.0,1.0,0,0,0,0,0,1,0,0,0,1,0,1,0
0.5114448661322006,-1.2367242199587352,0.0,1.0,0.0,0.0,0.0,0.0,1.0,0.0,1,0,0,0,1,0,0,1,0,1,0,1,0
-0.44907379996381874,-0.8295205827584317,0.0,0.0,0.0,0.0,0.0,0.0,1.0,0.0,1,0,0,0,0,1,0,0,0,1,0,1,0
0.8255244991635975,1.4508197855632678,0.0,1.0,0.0,0.0,0.0,0.0,0.0,0.0,1,1,0,1,0,1,0,0,0,1,1,1,1
1.0116457631822036,1.4915401492832983,1.0,1.0,0.0,0.0,1.0,1.0,0.0,0.0,1,1,1,0,0,0,0,1,1,1,0,1,0
0.9983513871808745,0.9621754209229036,1.0,1.0,0.0,1.0,0.0,1.0,0.0,0.0,0,1,1,0,1,0,0,0,1,0,0,1,1
0.5147684601325326,-1.1552834925186746,0.0,1.0,0.0,0.0,0.0,0.0,1.0,0.0,0,0,0,1,1,0,0,0,0,1,0,1,1
0.37683930911874425,1.2879383306831464,1.0,0.0,0.0,0.0,1.0,0.0,0.0,0.0,1,0,0,1,0,1,1,1,1,1,0,1,0
1.5085230662318745,1.0843365120829946,1.0,1.0,0.0,1.0,0.0,0.0,1.0,0.0,1,1,0,1,1,1,1,0,1,1,1,1,0
1.6879971422498155,1.2064976032430856,1.0,1.0,0.0,0.0,1.0,0.0,0.0,0.0,1,1,1,1,1,1,1,1,1,0,0,1,0
-1.3331498040521963,1.247217966963116,1.0,0.0,1.0,0.0,1.0,1.0,0.0,0.0,1,0,1,1,0,0,0,0,0,0,0,1,0
-0.3709693409560109,0.8400143297628127,0.0,0.0,0.0,1.0,0.0,0.0,1.0,0.0,0,0,0,0,1,1,1,1,1,1,0,0,0
-1.505976692069473,-1.1145631287986442,1.0,0.0,1.0,0.0,0.0,0.0,0.0,1.0,1,0,1,0,0,0,0,0,0,0,0,1,0
0.7789941831589463,0.6771328748826912,1.0,1.0,0.0,0.0,0.0,0.0,1.0,0.0,1,0,0,1,1,1,1,0,0,1,0,1,1
1.2093996062019723,1.2064976032430856,0.0,1.0,0.0,0.0,1.0,0.0,0.0,0.0,1,1,1,1,1,0,0,0,1,1,0,1,0
-0.26461433294537917,0.9214550572028734,0.0,0.0,0.0,0.0,1.0,0.0,0.0,1.0,1,0,0,0,1,1,0,1,0,0,0,1,0
1.1512367111961581,1.5729808767233588,0.0,1.0,0.0,0.0,1.0,0.0,1.0,0.0,1,0,0,0,1,1,1,1,1,1,0,1,1
-1.4843733310673135,1.6137012404433893,0.0,0.0,1.0,0.0,1.0,1.0,0.0,0.0,1,0,1,0,0,0,0,0,0,1,0,1,0
-0.1349941669324214,0.14776814652229667,1.0,0.0,0.0,1.0,0.0,1.0,0.0,0.0,1,1,1,0,1,0,1,1,1,0,0,0,0
-1.4561227820644893,-0.30015585439803716,1.0,0.0,1.0,1.0,0.0,0.0,0.0,0.0,1,0,0,0,0,0,0,0,0,1,0,1,0
1.6647319842474897,1.6137012404433893,0.0,1.0,0.0,0.0,1.0,0.0,0.0,0.0,1,1,0,1,1,1,1,1,1,1,0,1,1
-1.5126238800701375,0.14776814652229667,0.0,0.0,1.0,1.0,0.0,0.0,0.0,0.0,0,0,0,0,0,0,0,0,0,1,0,1,0
-0.0651986929254444,-1.2774445836787656,1.0,0.0,0.0,0.0,0.0,0.0,0.0,1.0,0,1,0,0,0,0,0,0,1,1,0,1,0
1.3539759452164248,1.6137012404433893,0.0,1.0,0.0,0.0,1.0,0.0,1.0,0.0,1,1,0,1,1,0,1,0,1,1,0,1,0
-1.4926823160681442,1.0843365120829946,1.0,0.0,1.0,0.0,1.0,0.0,0.0,1.0,1,0,1,0,0,0,0,0,0,0,0,1,0
0.8222009051632655,-1.0331224013585834,1.0,1.0,0.0,0.0,0.0,0.0,1.0,0.0,1,1,0,0,0,0,0,0,1,1,1,1,1
0.31036742911209936,-1.2774445836787656,0.0,0.0,0.0,1.0,0.0,1.0,0.0,0.0,0,1,0,0,0,0,1,1,1,0,0,1,0
1.42044782522307,-0.0965540357978854,0.0,1.0,0.0,0.0,0.0,0.0,1.0,0.0,1,1,1,1,0,1,1,1,1,1,0,1,0
-1.502653098069141,1.2879383306831464,1.0,0.0,1.0,0.0,1.0,0.0,0.0,1.0,0,0,0,0,0,0,0,0,0,0,0,1,0
0.1342169470944904,1.247217966963116,1.0,0.0,0.0,1.0,0.0,0.0,0.0,0.0,0,0,0,1,1,1,1,1,0,0,0,1,0
0.6543594081464871,1.6137012404433893,1.0,0.0,0.0,0.0,1.0,1.0,0.0,0.0,1,1,0,1,1,1,1,0,1,0,0,1,1
0.3402797751150897,-0.9924020376385531,1.0,1.0,0.0,0.0,0.0,0.0,1.0,0.0,1,0,0,0,1,0,0,0,0,0,1,1,0
0.6560212051466532,1.2064976032430856,0.0,0.0,0.0,0.0,1.0,0.0,0.0,0.0,0,1,0,1,0,1,1,1,1,0,0,1,0
1.5434208032353631,1.4100994218432374,1.0,1.0,0.0,0.0,1.0,0.0,0.0,0.0,1,1,1,1,0,1,1,1,1,1,0,1,0
-0.6651074099854147,-1.0738427650786138,1.0,0.0,0.0,0.0,0.0,0.0,1.0,0.0,0,0,0,0,0,0,0,0,0,0,1,1,0
0.5264010391336954,1.5322605130033284,0.0,0.0,0.0,0.0,1.0,0.0,0.0,0.0,1,1,1,1,1,0,0,1,1,1,0,1,0
0.5297246331340278,-0.5037576729981889,0.0,1.0,0.0,0.0,0.0,0.0,0.0,0.0,0,0,0,0,0,0,0,0,1,0,0,1,1
0.36022133911708304,-1.1145631287986442,0.0,1.0,0.0,0.0,0.0,0.0,1.0,0.0,0,0,0,1,0,0,0,0,0,0,0,1,0
-0.23802558094272108,-0.3408762181180675,0.0,0.0,0.0,1.0,0.0,0.0,1.0,0.0,1,1,1,0,1,1,1,0,1,0,0,0,0
-0.6883725679877406,-0.8702409464784621,0.0,0.0,0.0,0.0,0.0,0.0,1.0,0.0,1,0,0,0,0,0,0,0,0,1,1,1,0
1.5234792392333694,1.6137012404433893,1.0,1.0,0.0,0.0,1.0,1.0,0.0,0.0,1,1,0,1,0,1,1,1,1,1,0,1,0
-0.21808401694072754,1.369379058123207,0.0,0.0,0.0,0.0,1.0,1.0,0.0,0.0,1,0,1,0,1,1,0,1,0,1,0,1,0
0.5396954151350245,0.5142514200025698,0.0,0.0,0.0,0.0,1.0,0.0,0.0,1.0,1,1,1,0,1,0,1,1,1,1,0,1,0
-1.4976677070686424,1.4915401492832983,0.0,0.0,1.0,0.0,1.0,0.0,0.0,0.0,1,0,1,0,0,0,0,0,0,0,0,1,0
0.6925807391503077,-0.7073594915983407,1.0,1.0,0.0,0.0,0.0,0.0,0.0,0.0,1,1,0,1,0,0,0,0,0,1,1,1,1
-0.1732154979362424,-0.1779947632379461,0.0,0.0,0.0,0.0,0.0,0.0,0.0,0.0,0,0,0,0,0,0,1,0,1,1,0,1,0
1.6879971422498155,1.5322605130033284,0.0,1.0,0.0,1.0,0.0,1.0,0.0,0.0,0,1,0,1,1,1,1,1,1,0,1,1,0
0.358559542116917,0.14776814652229667,0.0,0.0,0.0,1.0,0.0,0.0,0.0,1.0,0,1,0,0,1,1,1,1,0,1,0,1,0
0.7258166791536301,-0.6666391278783103,1.0,1.0,0.0,0.0,0.0,0.0,1.0,0.0,0,0,0,1,0,0,0,0,1,1,1,1,1
0.6792863631489789,-0.5851984004382496,0.0,1.0,0.0,0.0,0.0,0.0,1.0,0.0,0,0,0,1,0,0,0,0,1,1,1,1,0
1.0930738161903437,0.06632741908223598,0.0,1.0,0.0,0.0,0.0,0.0,1.0,0.0,1,1,0,1,0,0,0,0,1,1,1,1,0
-0.6534748309842519,0.3920903288424788,1.0,0.0,0.0,1.0,0.0,1.0,0.0,0.0,1,1,1,0,0,1,1,0,0,1,0,0,0
0.20567421810163386,0.6364125111626608,1.0,0.0,0.0,1.0,0.0,0.0,0.0,0.0,0,1,0,1,1,0,0,1,0,1,0,1,0
1.4885815022298807,0.5956921474426305,1.0,1.0,0.0,0.0,0.0,0.0,1.0,0.0,1,1,0,1,0,1,1,1,1,1,1,1,0
0.8238627021634315,0.26992923768238775,0.0,1.0,0.0,1.0,0.0,0.0,1.0,0.0,1,0,1,1,0,1,1,1,0,1,1,1,0
-1.4577845790646555,-0.8702409464784621,0.0,0.0,1.0,0.0,1.0,1.0,0.0,0.0,1,0,1,0,0,0,0,0,0,0,0,1,0
-1.4893587220678117,-1.0331224013585834,1.0,0.0,1.0,0.0,0.0,0.0,0.0,1.0,0,0,0,0,0,0,0,0,0,1,0,1,0
-1.3348116010523623,-1.1960038562387048,0.0,0.0,1.0,0.0,0.0,0.0,0.0,1.0,0,0,0,1,0,0,0,0,0,0,0,1,0
0.06442147308751339,-0.9924020376385531,1.0,0.0,0.0,0.0,0.0,0.0,1.0,0.0,0,1,0,0,1,0,1,0,0,1,0,1,0
-1.505976692069473,-1.2774445836787656,1.0,0.0,1.0,0.0,0.0,0.0,0.0,1.0,0,0,1,0,0,0,0,0,0,1,1,1,0
0.9983513871808745,-0.015113308357824713,1.0,1.0,0.0,1.0,0.0,0.0,0.0,1.0,1,1,1,0,1,1,1,0,0,0,0,1,0
0.03617092408468901,1.125056875803025,1.0,0.0,0.0,1.0,0.0,0.0,0.0,0.0,1,0,1,0,1,1,1,1,0,1,0,1,0
-1.4893587220678117,-0.9109613101984924,0.0,0.0,1.0,0.0,0.0,0.0,0.0,0.0,1,0,0,0,0,0,0,0,0,1,0,1,0
-1.3331498040521963,1.5729808767233588,0.0,0.0,1.0,0.0,1.0,0.0,0.0,0.0,1,0,0,1,0,0,0,0,0,1,0,1,0
-1.4760643460664828,-1.1552834925186746,0.0,0.0,1.0,0.0,0.0,0.0,0.0,1.0,1,0,1,0,0,0,0,0,0,0,1,1,0
0.14917312009598557,-1.2774445836787656,0.0,1.0,0.0,0.0,0.0,0.0,1.0,0.0,0,0,0,0,0,0,0,0,0,1,1,1,1
-0.44907379996381874,0.43281069256250915,0.0,0.0,0.0,1.0,0.0,0.0,0.0,0.0,1,0,1,0,1,1,0,1,1,1,0,0,0
1.15456030519649,1.0843365120829946,1.0,1.0,0.0,1.0,0.0,0.0,0.0,0.0,1,1,0,1,0,0,1,0,1,1,1,1,0
-0.3493659799538514,-0.38159658183809786,0.0,0.0,0.0,0.0,0.0,0.0,1.0,0.0,1,0,0,0,0,0,1,1,0,0,0,1,0
-1.5076384890696393,1.6137012404433893,0.0,0.0,1.0,0.0,1.0,0.0,0.0,0.0,1,0,0,0,0,0,0,0,0,0,0,1,0
-0.28289409994720643,-0.4223169455581282,1.0,0.0,0.0,1.0,0.0,1.0,0.0,0.0,1,0,0,0,1,0,0,1,0,1,0,1,0
-1.3165318340505352,-1.2774445836787656,0.0,0.0,0.0,0.0,0.0,0.0,0.0,1.0,0,0,0,0,0,0,0,0,0,1,0,0,0
-1.3564149620545218,1.4915401492832983,1.0,0.0,1.0,0.0,1.0,0.0,0.0,0.0,0,0,0,1,0,0,0,0,0,0,0,1,0
-0.9758634490164798,0.7178532386027215,1.0,0.0,0.0,1.0,0.0,0.0,0.0,1.0,0,0,0,0,1,0,0,1,0,1,0,0,0
-1.3148700370503688,-1.2774445836787656,0.0,0.0,0.0,0.0,0.0,0.0,1.0,0.0,0,0,0,0,0,0,0,0,0,1,1,0,1
-0.6567984249845842,-1.2367242199587352,1.0,0.0,0.0,0.0,0.0,0.0,0.0,1.0,0,0,0,0,0,0,0,0,0,1,1,1,0
0.35191235411625243,-0.7073594915983407,0.0,1.0,0.0,0.0,0.0,0.0,0.0,0.0,1,0,0,0,0,1,0,0,0,0,0,1,0
-1.4744025490663168,-0.055833672077855064,1.0,0.0,1.0,0.0,1.0,0.0,0.0,0.0,0,0,0,0,0,0,0,0,0,0,0,1,0
-1.4827115340671475,-1.2774445836787656,1.0,0.0,1.0,0.0,0.0,0.0,0.0,1.0,0,0,0,0,0,0,0,0,0,0,1,1,0
1.3373579752147637,1.369379058123207,1.0,1.0,0.0,0.0,0.0,1.0,0.0,0.0,1,1,0,1,0,1,1,0,1,1,1,1,0
-0.28954128794787104,-1.318164947398796,0.0,0.0,0.0,0.0,1.0,1.0,0.0,0.0,1,0,1,0,1,1,1,1,1,0,0,0,0
-0.33440980695235617,-1.1960038562387048,1.0,0.0,0.0,0.0,0.0,1.0,0.0,0.0,0,0,1,0,0,0,0,0,1,1,1,1,0
-1.4876969250676457,-0.9924020376385531,0.0,0.0,1.0,0.0,1.0,0.0,0.0,1.0,0,0,0,0,0,0,0,0,0,0,0,1,0
0.27546969210861083,1.2879383306831464,1.0,0.0,0.0,1.0,0.0,1.0,0.0,0.0,1,1,1,0,1,0,1,0,1,1,0,1,0
-1.4710789550659844,-0.1779947632379461,0.0,0.0,1.0,0.0,0.0,0.0,0.0,1.0,1,0,0,0,0,0,0,0,0,0,0,1,0
1.1961052302006432,1.002895784642934,0.0,1.0,0.0,1.0,0.0,1.0,0.0,0.0,1,1,0,1,0,0,1,0,1,1,0,1,0
0.7474200401557899,-0.748079855318371,0.0,1.0,0.0,0.0,0.0,0.0,1.0,0.0,1,1,1,1,0,0,1,0,0,1,1,1,0
-1.4893587220678117,-0.5444780367182193,1.0,0.0,1.0,0.0,1.0,0.0,0.0,1.0,0,0,0,0,0,0,0,0,0,1,0,1,0
0.5047976781315361,-0.9109613101984924,1.0,1.0,0.0,0.0,0.0,0.0,1.0,0.0,1,0,0,0,0,0,0,0,1,1,1,1,0
-0.5022513039691348,0.758573602322752,0.0,0.0,0.0,0.0,0.0,0.0,1.0,0.0,1,1,0,0,0,1,0,0,1,1,0,0,0
0.0295237360840249,1.4100994218432374,0.0,0.0,0.0,0.0,1.0,0.0,0.0,1.0,1,0,0,1,1,1,1,0,0,0,0,1,0
-1.4727407520661506,-0.8702409464784621,1.0,0.0,1.0,0.0,0.0,0.0,1.0,0.0,1,0,1,0,0,0,0,0,0,1,0,1,0
-0.12668518193159078,1.6137012404433893,1.0,0.0,0.0,0.0,1.0,0.0,0.0,0.0,1,1,1,0,1,0,1,1,1,0,0,0,0
-1.4760643460664828,1.369379058123207,1.0,0.0,1.0,1.0,0.0,0.0,1.0,0.0,1,0,1,0,0,0,0,0,0,1,0,1,0
0.7839795741594444,-0.5851984004382496,0.0,1.0,0.0,0.0,0.0,0.0,1.0,0.0,0,0,0,1,0,0,0,1,1,1,1,1,0
-1.504314895069307,-0.9516816739185228,0.0,0.0,1.0,0.0,0.0,0.0,1.0,0.0,0,0,0,0,0,0,0,0,0,1,0,1,0
0.3469269631157543,-0.9516816739185228,0.0,1.0,0.0,0.0,0.0,1.0,0.0,0.0,0,0,0,1,0,0,0,0,0,1,0,1,0
1.5517297882361936,0.6364125111626608,1.0,1.0,0.0,0.0,0.0,0.0,0.0,0.0,1,1,0,1,1,1,1,0,1,1,0,1,0
0.179085466098976,-0.9109613101984924,1.0,1.0,0.0,0.0,0.0,0.0,0.0,1.0,0,0,0,0,0,0,0,0,0,0,0,1,0
0.9966895901807084,-0.9516816739185228,0.0,1.0,0.0,0.0,0.0,0.0,1.0,0.0,0,1,0,1,0,0,0,0,1,1,1,1,0
1.0066603721817051,-0.7888002190384014,0.0,1.0,0.0,0.0,0.0,0.0,1.0,0.0,0,1,0,1,0,0,0,0,1,1,1,1,1
0.45494376812655235,-1.1552834925186746,1.0,1.0,0.0,0.0,0.0,0.0,1.0,0.0,0,0,0,1,0,1,0,0,0,0,1,1,0
0.18074726309914202,-1.1552834925186746,1.0,1.0,0.0,0.0,0.0,0.0,1.0,0.0,0,0,0,0,0,0,0,0,0,1,1,1,0
0.9052907551715716,1.6137012404433893,0.0,0.0,0.0,0.0,1.0,0.0,0.0,0.0,1,1,0,1,1,1,1,1,1,0,0,1,0
0.6892571451499756,0.758573602322752,0.0,0.0,0.0,0.0,1.0,1.0,0.0,0.0,1,1,1,0,1,1,1,1,1,0,0,1,0
-0.788080387997708,1.0843365120829946,1.0,0.0,0.0,0.0,0.0,0.0,0.0,0.0,1,1,0,0,0,1,0,0,0,1,1,0,0
0.6925807391503077,-0.9109613101984924,1.0,1.0,0.0,0.0,0.0,0.0,1.0,0.0,1,0,0,1,0,0,0,0,1,1,1,1,0
0.5779167461388456,1.1657772395230555,1.0,1.0,0.0,0.0,0.0,0.0,1.0,0.0,1,0,0,1,0,1,0,0,0,1,0,1,1
0.6526976111463211,0.880734693482843,1.0,1.0,0.0,1.0,0.0,0.0,1.0,0.0,0,0,0,0,1,0,1,1,0,0,0,1,0
-0.12834697893175703,0.025607055362205634,0.0,0.0,0.0,0.0,0.0,0.0,0.0,1.0,0,0,0,1,1,1,0,0,0,1,0,1,0
-1.479387940066815,-0.21871512695797646,0.0,0.0,1.0,0.0,1.0,0.0,0.0,0.0,0,0,0,0,0,0,0,0,0,1,0,1,0
0.47987072312904416,-1.2774445836787656,0.0,1.0,0.0,0.0,0.0,0.0,1.0,0.0,0,0,0,0,0,0,0,0,1,1,1,1,1
1.0149693571825356,-0.38159658183809786,1.0,1.0,0.0,0.0,0.0,0.0,0.0,1.0,0,1,0,0,0,1,0,0,1,0,0,1,0
-1.4926823160681442,-1.2774445836787656,1.0,0.0,1.0,0.0,0.0,0.0,0.0,1.0,0,0,1,0,0,0,0,0,0,0,0,1,0
0.6510358141461546,0.5142514200025698,1.0,0.0,0.0,0.0,1.0,0.0,0.0,1.0,1,1,1,0,1,1,1,1,1,1,0,1,0
-1.4926823160681442,0.26992923768238775,0.0,0.0,1.0,0.0,1.0,0.0,0.0,0.0,1,0,1,0,0,0,0,0,0,1,0,1,0
0.17410007509847744,-1.1145631287986442,1.0,0.0,0.0,1.0,0.0,0.0,0.0,1.0,0,1,0,0,0,0,1,0,1,1,1,1,0
0.5829021371393436,1.6137012404433893,1.0,0.0,0.0,0.0,1.0,0.0,0.0,0.0,1,0,1,1,1,1,1,1,1,0,0,1,0
0.06774506708784545,1.0436161483629645,0.0,0.0,0.0,0.0,0.0,0.0,0.0,0.0,1,0,1,1,0,1,0,0,1,1,0,1,0
-0.6700928009859131,1.5322605130033284,0.0,0.0,0.0,0.0,1.0,0.0,0.0,0.0,0,0,0,0,1,1,1,1,0,1,0,0,0
1.1196625681930017,1.1657772395230555,1.0,1.0,0.0,1.0,0.0,0.0,0.0,0.0,1,1,1,0,0,1,0,1,1,1,0,1,0
0.19736523310080326,-1.2367242199587352,1.0,1.0,0.0,0.0,0.0,0.0,0.0,1.0,0,0,0,0,0,0,0,0,0,0,0,1,0
-1.3231790220511994,0.5549717837226001,0.0,0.0,1.0,1.0,0.0,0.0,0.0,1.0,1,0,1,1,0,0,0,0,0,0,0,1,0
-0.4922805219681379,-1.2774445836787656,0.0,0.0,0.0,0.0,0.0,0.0,0.0,0.0,0,0,0,1,0,0,0,0,0,1,1,1,0
0.14917312009598557,-0.4223169455581282,0.0,1.0,0.0,0.0,0.0,0.0,1.0,0.0,1,0,0,0,0,0,0,0,0,1,1,1,0
1.2542681252064576,0.6364125111626608,0.0,1.0,0.0,0.0,1.0,1.0,0.0,0.0,0,1,0,0,1,0,1,1,1,1,0,1,0
0.7241548821534641,1.2879383306831464,1.0,0.0,0.0,0.0,1.0,1.0,0.0,0.0,0,1,0,1,0,1,1,1,1,0,0,1,0
-1.3447823830533592,1.6137012404433893,1.0,0.0,1.0,0.0,1.0,0.0,0.0,0.0,1,0,1,1,0,0,0,0,0,0,0,1,0
-0.2130986259402292,-0.8295205827584317,0.0,0.0,0.0,0.0,0.0,1.0,0.0,0.0,1,0,1,0,0,0,1,0,1,1,0,1,0
0.9800716201790471,0.06632741908223598,0.0,1.0,0.0,0.0,0.0,0.0,1.0,0.0,1,1,0,1,0,1,1,0,0,1,1,1,1
0.13255515009432434,1.6137012404433893,0.0,0.0,0.0,0.0,1.0,1.0,0.0,0.0,1,1,1,0,1,1,1,0,0,0,0,1,0
0.6992279271509723,-0.13727439951791576,1.0,1.0,0.0,0.0,0.0,0.0,1.0,0.0,1,0,0,1,0,1,1,0,0,1,0,1,0
-1.4843733310673135,0.025607055362205634,1.0,0.0,1.0,1.0,0.0,1.0,0.0,0.0,1,0,1,0,0,0,0,0,0,0,0,1,0
-1.4760643460664828,-1.2774445836787656,0.0,0.0,1.0,0.0,0.0,0.0,0.0,1.0,0,0,0,0,0,0,0,0,0,0,0,1,0
1.5301264272340338,1.2064976032430856,0.0,1.0,0.0,1.0,0.0,0.0,1.0,0.0,1,1,1,1,0,1,1,1,1,1,0,1,0
0.27380789510844483,0.35136996512244845,1.0,0.0,0.0,1.0,0.0,0.0,1.0,0.0,1,1,0,1,0,0,1,0,1,1,1,1,0
1.1728400721983174,1.2879383306831464,0.0,1.0,0.0,1.0,0.0,1.0,0.0,0.0,0,1,0,1,0,0,1,0,1,1,1,1,0
0.6011819041411709,-1.1552834925186746,0.0,1.0,0.0,0.0,0.0,1.0,0.0,0.0,0,1,0,0,0,0,1,0,0,1,0,1,0
0.6510358141461546,-0.3408762181180675,0.0,1.0,0.0,0.0,0.0,0.0,1.0,0.0,0,0,0,1,1,0,0,1,0,1,0,1,0
-1.502653098069141,-0.748079855318371,0.0,0.0,1.0,1.0,0.0,0.0,0.0,1.0,1,0,1,0,0,0,0,0,0,0,0,1,0
-1.4893587220678117,-1.1960038562387048,1.0,0.0,1.0,0.0,0.0,0.0,0.0,1.0,0,0,1,0,0,0,0,0,0,0,0,1,0
1.1645310871974868,-1.1552834925186746,0.0,1.0,0.0,0.0,0.0,1.0,0.0,0.0,0,1,0,0,0,1,1,0,1,1,1,1,1
-0.9891578250178088,-0.5851984004382496,0.0,0.0,0.0,0.0,0.0,0.0,1.0,0.0,0,1,1,0,0,0,0,0,0,1,1,0,0
0.04946530008601819,-0.9924020376385531,1.0,0.0,0.0,0.0,0.0,0.0,1.0,0.0,0,1,0,0,0,0,0,0,1,1,0,1,0
-1.3780183230566818,0.10704778280226633,0.0,0.0,1.0,0.0,1.0,0.0,0.0,0.0,0,0,0,1,0,0,0,0,0,0,0,1,0
0.3735157151184122,-1.2774445836787656,0.0,1.0,0.0,0.0,0.0,0.0,1.0,0.0,0,0,0,1,0,0,0,0,0,0,1,1,0
-1.3115464430500368,1.369379058123207,1.0,0.0,1.0,0.0,1.0,1.0,0.0,0.0,0,0,1,1,0,0,0,0,0,1,0,1,0
-0.6717545979860794,-0.9924020376385531,1.0,0.0,0.0,0.0,1.0,0.0,0.0,1.0,0,1,1,0,1,0,0,1,0,1,0,0,0
1.3074456292117733,1.5729808767233588,0.0,1.0,0.0,1.0,0.0,1.0,0.0,0.0,1,1,0,1,1,0,1,0,1,1,0,1,0
0.9235705221733989,0.43281069256250915,0.0,1.0,0.0,0.0,0.0,0.0,0.0,0.0,1,1,1,1,0,0,1,0,0,1,0,1,0
0.966777244177718,-1.2367242199587352,0.0,1.0,0.0,0.0,0.0,0.0,1.0,0.0,0,1,0,1,0,0,0,0,1,1,1,1,1
1.219370388202969,-0.13727439951791576,1.0,1.0,0.0,0.0,0.0,0.0,0.0,0.0,0,1,0,0,0,1,1,0,1,1,0,1,1
0.6493740171459885,-0.7073594915983407,0.0,1.0,0.0,0.0,0.0,0.0,1.0,0.0,1,0,0,0,0,0,1,0,1,1,1,1,0
0.9900424021800438,1.3286586944031769,1.0,1.0,0.0,0.0,1.0,1.0,0.0,0.0,1,0,1,1,1,1,1,1,0,0,0,1,0
1.0216165451832002,0.10704778280226633,1.0,1.0,0.0,0.0,0.0,0.0,1.0,0.0,0,0,0,1,0,0,1,1,1,0,0,1,0
1.1811490571991479,1.2879383306831464,1.0,1.0,0.0,1.0,0.0,1.0,0.0,0.0,0,1,0,0,1,1,0,0,1,1,0,1,0
-0.3078210549496983,1.0436161483629645,0.0,0.0,0.0,0.0,1.0,1.0,0.0,0.0,1,1,1,0,0,0,1,1,1,1,0,0,0
-0.49560411596847015,-0.5851984004382496,0.0,0.0,0.0,0.0,0.0,1.0,0.0,0.0,0,0,0,0,0,1,0,0,0,1,0,1,1
0.8238627021634315,1.4100994218432374,1.0,1.0,0.0,0.0,0.0,0.0,0.0,0.0,1,1,1,1,0,1,0,0,0,1,0,1,0
-1.51594747407047,1.247217966963116,1.0,0.0,1.0,0.0,1.0,0.0,0.0,1.0,1,0,1,0,0,0,0,0,0,1,0,1,0
1.1645310871974868,1.125056875803025,0.0,1.0,0.0,0.0,0.0,0.0,1.0,0.0,1,1,0,1,0,1,0,0,1,1,0,1,0
0.6526976111463211,-0.9516816739185228,1.0,1.0,0.0,0.0,0.0,1.0,0.0,0.0,0,1,0,1,0,0,0,0,0,1,1,1,1
1.6049072922415093,1.5322605130033284,0.0,1.0,0.0,0.0,1.0,1.0,0.0,0.0,1,1,1,1,1,1,1,1,1,1,0,1,0
1.2077378092018058,-0.7073594915983407,1.0,1.0,0.0,0.0,0.0,0.0,1.0,0.0,1,1,0,1,0,0,1,0,1,1,1,1,0
-1.4893587220678117,0.6364125111626608,0.0,0.0,1.0,1.0,0.0,0.0,0.0,1.0,0,0,1,0,0,0,0,0,0,0,0,1,0
0.31202922611226586,-0.8295205827584317,1.0,0.0,0.0,0.0,0.0,0.0,1.0,0.0,1,1,0,0,0,0,1,1,1,1,0,1,0
0.9052907551715716,1.5729808767233588,1.0,1.0,0.0,1.0,0.0,0.0,1.0,0.0,1,0,0,1,1,1,1,1,0,1,0,1,1
0.3020584441112687,0.47353105628253944,1.0,1.0,0.0,0.0,0.0,0.0,1.0,0.0,0,0,0,0,0,0,1,0,0,0,0,1,1
-0.4756625519664766,-1.2774445836787656,1.0,0.0,0.0,0.0,0.0,0.0,1.0,0.0,0,0,0,1,0,0,0,0,0,1,1,1,0
-1.3397969920528607,0.5142514200025698,1.0,0.0,1.0,0.0,1.0,0.0,0.0,1.0,1,0,1,1,0,0,0,0,0,0,0,1,0
-1.328164413051698,-0.38159658183809786,0.0,0.0,1.0,1.0,0.0,1.0,0.0,0.0,0,0,0,1,0,0,0,0,0,0,0,1,0
0.0029349840813665527,0.43281069256250915,0.0,0.0,0.0,1.0,0.0,0.0,0.0,0.0,1,0,0,1,0,0,0,1,1,1,0,1,0
-1.462769970065154,0.10704778280226633,1.0,0.0,1.0,0.0,0.0,0.0,0.0,0.0,0,0,0,0,0,0,0,0,0,0,0,1,0
0.13920233809498894,-0.9516816739185228,1.0,0.0,0.0,0.0,0.0,0.0,0.0,1.0,1,0,0,0,1,1,0,1,1,1,0,1,0
1.1695164781979852,-0.8295205827584317,1.0,1.0,0.0,0.0,0.0,0.0,0.0,1.0,0,1,0,1,0,0,0,1,1,1,1,1,0
1.4835961112293827,1.3286586944031769,0.0,1.0,0.0,0.0,0.0,1.0,0.0,0.0,1,1,0,1,1,1,1,0,1,1,0,1,1
0.8853491911695783,-1.2367242199587352,0.0,1.0,0.0,0.0,0.0,0.0,1.0,0.0,0,0,0,1,0,0,1,0,1,1,1,1,0
-0.5238546649712943,-0.21871512695797646,1.0,0.0,0.0,0.0,0.0,0.0,0.0,1.0,0,0,0,1,0,0,0,0,0,0,0,1,0
-0.4823097399671412,0.3106496014024181,0.0,0.0,0.0,1.0,0.0,0.0,0.0,1.0,0,0,0,0,0,0,1,0,0,1,0,1,0
0.358559542116917,-1.1145631287986442,0.0,1.0,0.0,0.0,0.0,1.0,0.0,0.0,0,0,0,0,0,0,1,0,0,1,1,1,1
-1.491020519067978,-0.9924020376385531,1.0,0.0,1.0,1.0,0.0,1.0,0.0,0.0,1,0,1,0,0,0,0,0,0,0,0,1,0
1.0980592071908417,1.0436161483629645,0.0,1.0,0.0,1.0,0.0,0.0,0.0,0.0,1,1,0,1,0,1,0,0,1,1,0,1,1
1.1811490571991479,0.7992939660427822,0.0,1.0,0.0,1.0,0.0,0.0,1.0,0.0,1,1,1,0,1,0,1,0,1,0,0,1,0
-0.29785027294870164,-1.1960038562387048,1.0,0.0,0.0,0.0,0.0,0.0,0.0,1.0,1,0,0,0,0,0,1,1,0,1,0,1,0
1.541759006235197,0.35136996512244845,1.0,1.0,0.0,0.0,1.0,0.0,1.0,0.0,0,1,1,0,1,1,1,1,1,1,0,1,0
1.1229861621933337,-0.5037576729981889,1.0,1.0,0.0,0.0,0.0,0.0,0.0,1.0,0,1,0,1,0,0,0,1,1,1,0,1,0
-0.4889569279678058,-1.2774445836787656,1.0,0.0,0.0,0.0,0.0,0.0,1.0,0.0,0,0,1,1,0,0,0,0,0,1,0,1,0
0.53304822713436,-1.1552834925186746,1.0,1.0,0.0,0.0,0.0,1.0,0.0,0.0,0,0,1,1,0,0,0,1,0,0,1,1,0
-1.4594463760648215,-0.38159658183809786,1.0,0.0,1.0,0.0,0.0,0.0,1.0,0.0,0,0,0,0,0,0,0,0,0,0,0,1,0
-1.504314895069307,-1.0738427650786138,0.0,0.0,1.0,0.0,0.0,0.0,0.0,0.0,0,0,0,0,0,0,0,0,0,0,0,1,1
-1.5093002860698053,-0.9924020376385531,1.0,0.0,1.0,0.0,0.0,0.0,0.0,1.0,1,0,1,0,0,0,0,0,0,1,0,1,0
0.1574821050968162,-0.5851984004382496,1.0,0.0,0.0,0.0,0.0,0.0,0.0,1.0,0,0,0,1,1,0,1,0,1,0,0,1,0
-0.5305018529719588,0.7992939660427822,1.0,0.0,0.0,0.0,0.0,1.0,0.0,0.0,0,1,0,0,1,0,0,0,1,1,0,0,1
0.9883806051798778,-0.055833672077855064,1.0,1.0,0.0,0.0,0.0,0.0,1.0,0.0,0,1,0,0,0,1,0,0,1,1,0,1,0
-1.4660935640654862,-0.13727439951791576,1.0,0.0,1.0,0.0,0.0,0.0,0.0,1.0,1,0,1,0,0,0,0,0,0,1,0,1,0
1.3722557122182522,0.14776814652229667,0.0,1.0,0.0,0.0,1.0,1.0,0.0,0.0,1,1,0,1,1,1,1,1,0,1,0,1,0
1.1711782751981514,-0.6666391278783103,0.0,1.0,0.0,0.0,0.0,0.0,1.0,0.0,1,1,0,1,0,1,0,0,1,1,1,1,0
1.4470365772257276,0.3920903288424788,1.0,1.0,0.0,1.0,0.0,0.0,1.0,0.0,1,1,0,1,0,0,1,1,1,1,0,1,0
-1.4694171580658184,-1.2774445836787656,1.0,0.0,1.0,0.0,0.0,0.0,1.0,0.0,0,0,0,0,0,0,0,0,0,0,1,1,0
1.1595456961969886,1.125056875803025,0.0,1.0,0.0,0.0,1.0,0.0,1.0,0.0,0,1,0,0,0,1,1,0,1,1,0,1,0
0.682609957149311,-1.1145631287986442,1.0,1.0,0.0,0.0,0.0,0.0,1.0,0.0,0,0,0,1,0,1,1,0,0,1,1,1,0
1.0349109211845293,-0.4223169455581282,1.0,1.0,0.0,0.0,0.0,1.0,0.0,0.0,1,0,0,1,1,0,0,1,1,0,0,1,0
-1.4876969250676457,0.14776814652229667,1.0,0.0,1.0,1.0,0.0,0.0,0.0,1.0,1,0,0,0,0,0,0,0,0,0,0,1,0
0.1873944510998066,-1.1552834925186746,0.0,1.0,0.0,0.0,0.0,0.0,1.0,0.0,0,0,0,0,0,0,0,0,0,0,1,1,0
0.006258578081699082,-0.9516816739185228,1.0,0.0,0.0,0.0,0.0,0.0,0.0,1.0,0,1,0,0,1,0,0,1,0,0,0,1,0
0.32698539911376057,-1.2774445836787656,1.0,1.0,0.0,0.0,0.0,1.0,0.0,0.0,1,0,1,0,0,1,0,0,0,0,0,1,0
-0.5172074769706297,-0.8295205827584317,1.0,0.0,0.0,0.0,0.0,0.0,1.0,0.0,1,0,1,0,1,0,0,0,0,1,0,1,0
0.29873485011093664,-0.38159658183809786,0.0,0.0,0.0,1.0,0.0,0.0,0.0,1.0,0,1,0,1,0,0,0,1,1,1,0,1,0
0.9152615371725683,1.2064976032430856,1.0,1.0,0.0,1.0,0.0,0.0,0.0,0.0,0,1,0,1,1,1,0,0,0,1,0,1,0
1.1312951471941644,0.18848851024232702,1.0,1.0,0.0,0.0,0.0,0.0,0.0,0.0,0,1,0,1,0,0,0,1,1,0,1,1,0
-1.5142856770703037,-0.9924020376385531,0.0,0.0,1.0,0.0,0.0,0.0,0.0,1.0,0,0,0,0,0,0,0,0,0,0,0,1,0
0.7939503561604415,-0.055833672077855064,1.0,1.0,0.0,0.0,0.0,1.0,0.0,0.0,1,0,0,1,0,0,1,0,1,0,0,1,0
0.32033821111309646,-0.7888002190384014,1.0,1.0,0.0,0.0,0.0,1.0,0.0,0.0,1,0,1,1,0,0,0,0,0,1,1,1,0
1.1296333501939984,-0.3408762181180675,0.0,1.0,0.0,0.0,0.0,0.0,1.0,0.0,0,1,0,1,0,0,1,0,1,1,1,1,0
1.0365727181846955,0.5142514200025698,1.0,1.0,0.0,0.0,0.0,0.0,0.0,0.0,1,1,1,1,0,1,1,0,0,1,0,1,0
1.3506523512160928,1.4915401492832983,0.0,1.0,0.0,0.0,1.0,1.0,0.0,0.0,1,1,0,1,0,1,0,1,1,0,0,1,1
-1.479387940066815,-1.2367242199587352,1.0,0.0,1.0,0.0,0.0,0.0,0.0,1.0,0,0,0,0,0,0,0,0,0,0,0,1,0
1.3705939152180862,1.1657772395230555,1.0,1.0,0.0,1.0,0.0,0.0,1.0,0.0,1,1,1,1,1,1,0,0,1,1,1,1,0
1.327387193213767,0.35136996512244845,1.0,1.0,0.0,0.0,0.0,0.0,1.0,0.0,0,1,0,1,0,1,1,0,1,1,1,1,0
-0.5221928679711283,0.47353105628253944,0.0,0.0,0.0,1.0,0.0,0.0,1.0,0.0,0,1,0,0,0,0,1,0,1,1,0,0,0
-0.9708780580159815,0.26992923768238775,1.0,0.0,0.0,1.0,0.0,0.0,0.0,1.0,0,0,0,0,0,0,1,1,0,0,0,0,0
0.011243969082197169,1.6137012404433893,1.0,0.0,0.0,0.0,1.0,1.0,0.0,0.0,1,1,1,0,1,1,1,1,1,1,0,0,0
1.0664850641876853,-0.7888002190384014,0.0,1.0,0.0,0.0,0.0,0.0,1.0,0.0,0,1,0,0,0,0,1,0,1,1,0,1,1
0.1657910900976468,0.758573602322752,0.0,0.0,0.0,1.0,0.0,1.0,0.0,0.0,1,1,1,0,1,1,0,1,0,1,0,1,0
1.1445895231954935,1.5729808767233588,0.0,1.0,0.0,0.0,1.0,0.0,1.0,0.0,1,1,0,0,0,1,1,0,1,1,0,1,1
1.0614996731871873,-0.4223169455581282,1.0,1.0,0.0,0.0,0.0,0.0,1.0,0.0,0,1,0,1,0,0,0,0,1,1,1,1,1
-0.3227772279511935,-1.2367242199587352,0.0,0.0,0.0,0.0,0.0,1.0,0.0,0.0,0,0,0,0,0,1,0,1,0,1,1,1,0
1.397182667220744,0.9621754209229036,0.0,1.0,0.0,1.0,0.0,0.0,1.0,0.0,0,1,0,1,0,1,1,0,1,1,0,1,0
-0.44907379996381874,-1.2774445836787656,1.0,0.0,0.0,0.0,0.0,0.0,0.0,1.0,0,0,0,0,1,0,0,0,0,0,0,1,0
-0.23304018994222275,-0.38159658183809786,0.0,0.0,0.0,1.0,0.0,0.0,0.0,1.0,1,0,1,0,1,1,0,1,0,1,0,1,0
0.20235062410130134,1.369379058123207,0.0,0.0,0.0,1.0,0.0,0.0,0.0,0.0,1,0,0,1,0,1,1,0,1,1,0,1,1
-1.502653098069141,-1.2774445836787656,0.0,0.0,1.0,0.0,0.0,0.0,0.0,1.0,0,0,0,0,0,0,0,0,0,0,0,1,0
0.7789941831589463,-0.5444780367182193,1.0,1.0,0.0,0.0,0.0,0.0,1.0,0.0,0,0,0,1,0,1,0,0,1,1,1,1,1
0.4898415051300408,-0.8702409464784621,1.0,1.0,0.0,0.0,0.0,0.0,0.0,0.0,0,0,0,0,1,0,1,0,0,1,0,1,0
-1.4960059100684764,-0.9924020376385531,0.0,0.0,1.0,1.0,0.0,0.0,0.0,1.0,1,0,1,0,0,0,0,0,0,1,1,1,0
1.109691786192005,0.7992939660427822,0.0,1.0,0.0,0.0,0.0,0.0,0.0,0.0,1,1,1,1,1,1,1,0,0,0,0,1,0
-1.479387940066815,-1.1960038562387048,1.0,0.0,1.0,0.0,0.0,0.0,1.0,0.0,0,0,0,0,0,0,0,0,0,1,0,1,0
0.47820892612887816,0.758573602322752,0.0,1.0,0.0,0.0,0.0,0.0,0.0,0.0,1,0,1,0,1,1,0,0,0,1,0,1,0
0.36188313611724954,-0.7073594915983407,1.0,1.0,0.0,0.0,0.0,0.0,1.0,0.0,0,0,0,1,0,0,0,0,0,0,1,1,1
0.9800716201790471,1.2879383306831464,1.0,1.0,0.0,0.0,0.0,0.0,1.0,0.0,1,1,0,1,0,1,1,0,0,1,0,1,1
-0.8163309370005319,0.18848851024232702,0.0,0.0,0.0,0.0,0.0,1.0,0.0,0.0,0,1,0,0,0,0,1,0,0,1,0,0,0
-1.4893587220678117,-0.7888002190384014,1.0,0.0,1.0,0.0,1.0,0.0,0.0,1.0,0,0,0,0,0,0,0,0,0,0,0,1,0
-0.31280644595019663,0.6771328748826912,1.0,0.0,0.0,1.0,0.0,0.0,1.0,0.0,1,0,0,1,1,0,0,0,0,1,0,1,0
1.2426355462052947,0.5142514200025698,0.0,1.0,0.0,1.0,0.0,0.0,0.0,0.0,0,1,0,1,0,0,1,0,1,1,0,1,1
0.21065960910213194,-0.5851984004382496,0.0,1.0,0.0,0.0,0.0,0.0,1.0,0.0,0,0,0,0,0,0,0,0,0,1,0,1,0
0.3303089931140931,-1.2774445836787656,1.0,1.0,0.0,0.0,0.0,0.0,1.0,0.0,0,0,0,1,0,0,0,0,0,1,1,1,1
-0.3543513709543497,1.4508197855632678,1.0,0.0,0.0,0.0,1.0,0.0,0.0,0.0,1,1,0,0,1,0,1,0,1,1,0,0,0
-1.4993295040688086,0.880734693482843,1.0,0.0,1.0,0.0,1.0,1.0,0.0,0.0,0,0,0,0,0,0,0,0,0,0,0,1,0
0.787303168159777,-0.38159658183809786,0.0,1.0,0.0,0.0,0.0,0.0,0.0,0.0,1,1,1,0,0,1,1,0,0,1,0,1,1
0.395119076120572,-0.62591876415828,1.0,1.0,0.0,0.0,0.0,0.0,1.0,0.0,0,0,0,0,0,0,1,0,0,1,1,1,0
0.5197538511330312,1.5729808767233588,1.0,0.0,0.0,0.0,1.0,1.0,0.0,0.0,1,1,0,1,1,1,1,1,0,0,0,1,0
-1.5126238800701375,1.4100994218432374,0.0,0.0,1.0,0.0,1.0,0.0,0.0,0.0,1,0,1,0,0,0,0,0,0,1,0,1,0
0.6659919871476498,-0.748079855318371,0.0,1.0,0.0,0.0,0.0,0.0,1.0,0.0,1,0,1,1,0,0,0,0,1,1,0,1,0
-1.2949284730483754,-1.2774445836787656,0.0,0.0,0.0,0.0,0.0,0.0,0.0,1.0,0,0,0,0,0,0,0,0,0,1,1,0,1
-1.504314895069307,1.247217966963116,0.0,0.0,1.0,0.0,1.0,1.0,0.0,0.0,0,0,1,0,0,0,0,0,0,0,0,1,0
0.12756975909382579,0.35136996512244845,0.0,0.0,0.0,1.0,0.0,0.0,1.0,0.0,0,1,0,1,0,0,1,1,0,1,0,1,0
0.925232319173565,-0.62591876415828,0.0,1.0,0.0,0.0,0.0,0.0,1.0,0.0,1,1,0,1,0,0,0,0,1,0,0,1,0
1.1894580421999785,0.9621754209229036,1.0,1.0,0.0,1.0,0.0,0.0,1.0,0.0,1,1,0,1,1,0,0,0,1,1,0,1,0
-1.4694171580658184,-1.1145631287986442,0.0,0.0,1.0,0.0,0.0,1.0,0.0,0.0,0,0,0,0,0,0,0,0,0,0,0,1,0
-0.736564680992558,-1.2367242199587352,0.0,0.0,0.0,0.0,0.0,0.0,1.0,0.0,0,1,0,0,1,1,0,0,0,1,1,0,0
-1.5009913010689746,-1.1960038562387048,0.0,0.0,1.0,0.0,0.0,0.0,0.0,1.0,1,0,0,0,0,0,0,0,0,1,0,1,0
0.08934842809000525,0.18848851024232702,1.0,0.0,0.0,1.0,0.0,0.0,1.0,0.0,0,0,0,1,1,1,1,1,0,0,0,1,0
0.13587874409465642,-0.13727439951791576,0.0,0.0,0.0,0.0,0.0,0.0,0.0,0.0,0,1,0,0,1,1,1,0,0,1,1,1,0
-0.7049905379894018,-0.9924020376385531,1.0,0.0,0.0,0.0,0.0,0.0,0.0,1.0,0,0,0,0,0,0,0,0,0,0,0,1,0
1.4985522842308774,1.247217966963116,0.0,1.0,0.0,0.0,0.0,1.0,0.0,0.0,0,1,0,1,0,1,1,1,1,1,0,1,0
-1.4660935640654862,-1.0331224013585834,0.0,0.0,1.0,0.0,0.0,0.0,0.0,1.0,1,0,1,0,0,0,0,0,0,0,0,1,0
1.0182929511828682,-1.1960038562387048,0.0,1.0,0.0,0.0,0.0,0.0,1.0,0.0,0,1,0,0,0,1,0,0,1,0,0,1,0
-1.4544609850643233,1.6137012404433893,1.0,0.0,1.0,0.0,1.0,0.0,0.0,0.0,1,0,1,0,0,0,0,0,0,0,0,1,0
-0.2845558969473725,-0.5444780367182193,0.0,0.0,0.0,0.0,0.0,0.0,1.0,0.0,0,1,0,0,0,0,0,0,0,1,0,1,0
-1.5408744290729617,1.0843365120829946,0.0,0.0,1.0,0.0,1.0,0.0,0.0,0.0,1,0,0,0,0,0,0,0,0,0,0,1,0
0.8388188751649267,-1.2367242199587352,1.0,1.0,0.0,0.0,0.0,1.0,0.0,0.0,1,1,1,0,0,0,1,1,0,0,1,1,0
-1.2965902700485417,0.10704778280226633,0.0,0.0,1.0,0.0,0.0,0.0,1.0,0.0,1,0,1,1,0,0,0,0,0,1,0,1,0
-1.5009913010689746,-0.748079855318371,1.0,0.0,1.0,0.0,0.0,1.0,0.0,0.0,0,0,0,0,0,0,0,0,0,0,0,1,0
0.35191235411625243,-0.748079855318371,0.0,1.0,0.0,0.0,0.0,0.0,1.0,0.0,0,0,0,0,0,0,1,0,0,0,1,1,0
-1.4943441130683104,1.4915401492832983,0.0,0.0,1.0,0.0,1.0,1.0,0.0,0.0,1,0,1,0,0,0,0,0,0,0,0,1,0
-0.018668376920792765,-1.0331224013585834,1.0,0.0,0.0,0.0,0.0,0.0,1.0,0.0,1,0,0,1,1,1,0,1,0,0,0,1,1
0.3652067301175816,1.4915401492832983,1.0,0.0,0.0,0.0,1.0,0.0,0.0,0.0,1,0,1,0,1,1,1,1,1,1,0,1,0
0.47156173812821356,1.6137012404433893,0.0,0.0,0.0,0.0,1.0,0.0,1.0,0.0,1,1,1,1,0,1,0,1,1,1,0,1,0
1.1994288242009752,-0.9924020376385531,1.0,1.0,0.0,0.0,0.0,0.0,1.0,0.0,0,1,0,1,0,1,0,0,1,0,1,1,0
-0.4806479429669752,-1.1552834925186746,0.0,0.0,0.0,0.0,0.0,0.0,1.0,0.0,1,0,1,0,1,0,0,0,0,0,0,1,0
0.5164302571326987,1.247217966963116,1.0,1.0,0.0,0.0,0.0,1.0,0.0,0.0,1,0,1,0,0,1,1,0,0,1,0,1,0
-1.4926823160681442,1.6137012404433893,1.0,0.0,1.0,0.0,1.0,0.0,0.0,0.0,0,0,0,0,0,0,0,0,0,0,0,1,0
-1.451137391063991,0.5549717837226001,0.0,0.0,1.0,0.0,1.0,0.0,1.0,0.0,0,0,0,0,0,0,0,0,0,1,0,1,0
0.1724382780983114,-1.1145631287986442,0.0,1.0,0.0,0.0,0.0,0.0,1.0,0.0,1,0,0,0,0,0,0,0,0,0,1,1,0
-0.4906187249679718,-0.0965540357978854,1.0,0.0,0.0,0.0,0.0,0.0,0.0,1.0,1,0,0,0,0,0,1,0,0,1,0,1,0
1.329048990213933,1.247217966963116,1.0,1.0,0.0,0.0,1.0,0.0,0.0,0.0,0,1,0,1,0,1,1,0,1,1,0,1,0
-1.4926823160681442,1.125056875803025,0.0,0.0,1.0,0.0,1.0,0.0,0.0,0.0,0,0,0,0,0,0,0,0,0,0,0,1,0
1.42044782522307,1.247217966963116,0.0,1.0,0.0,1.0,0.0,0.0,1.0,0.0,1,1,0,1,0,1,1,0,1,1,1,1,0
0.7025515211513048,-0.30015585439803716,1.0,1.0,0.0,0.0,0.0,0.0,1.0,0.0,1,0,1,0,0,0,0,1,1,0,0,1,0
-0.62854787598176,-1.2774445836787656,1.0,0.0,0.0,0.0,0.0,0.0,0.0,1.0,0,0,0,0,0,0,0,0,0,1,1,1,0
0.53304822713436,-1.0738427650786138,1.0,1.0,0.0,0.0,0.0,0.0,1.0,0.0,1,0,0,1,0,0,1,0,0,1,0,1,1
-1.3132082400502028,-0.4223169455581282,1.0,0.0,1.0,0.0,1.0,0.0,0.0,1.0,0,0,0,1,0,0,0,0,0,0,0,1,0
0.5247392421335293,-0.055833672077855064,0.0,0.0,0.0,0.0,1.0,0.0,0.0,0.0,1,1,1,1,0,1,0,1,1,0,0,1,0
0.5563133851366857,0.26992923768238775,0.0,1.0,0.0,0.0,0.0,0.0,0.0,0.0,1,0,1,0,0,0,1,1,0,1,0,1,0
-1.4577845790646555,-0.2594354906780068,1.0,0.0,1.0,0.0,0.0,0.0,0.0,1.0,0,0,0,0,0,0,0,0,0,0,0,1,0
1.3739175092184182,0.8400143297628127,0.0,1.0,0.0,1.0,0.0,0.0,0.0,0.0,1,1,0,0,1,1,1,0,1,1,1,1,0
0.895319973170575,-1.2774445836787656,0.0,1.0,0.0,0.0,0.0,0.0,1.0,0.0,0,0,0,0,0,1,0,1,1,0,1,1,0
0.08270124008934066,-0.8295205827584317,1.0,0.0,0.0,0.0,0.0,0.0,1.0,0.0,0,0,0,1,1,1,0,1,0,1,0,1,0
1.0249401391835322,-0.6666391278783103,0.0,1.0,0.0,0.0,0.0,1.0,0.0,0.0,0,1,0,1,0,1,1,0,0,1,1,1,0
-1.4760643460664828,-1.2367242199587352,0.0,0.0,1.0,0.0,0.0,0.0,0.0,1.0,0,0,0,0,0,0,0,0,0,0,0,1,0
-0.6551366279844181,0.26992923768238775,1.0,0.0,0.0,1.0,0.0,0.0,0.0,0.0,0,0,1,0,1,0,0,1,1,0,0,0,0
0.3386179781149237,-1.2774445836787656,1.0,1.0,0.0,0.0,0.0,0.0,1.0,0.0,0,0,0,1,0,0,0,0,0,1,1,1,0
-1.0007904040189717,-1.0331224013585834,0.0,0.0,0.0,0.0,0.0,0.0,0.0,1.0,1,0,1,0,1,0,0,1,0,0,0,0,0
0.15249671409631763,-1.1552834925186746,1.0,1.0,0.0,0.0,0.0,0.0,1.0,0.0,0,0,0,0,0,0,0,0,0,0,0,1,1
1.0166311541827018,-0.9109613101984924,1.0,1.0,0.0,0.0,0.0,0.0,1.0,0.0,0,1,0,1,0,0,0,0,1,1,1,1,1
0.5579751821368518,0.9214550572028734,0.0,1.0,0.0,0.0,0.0,0.0,1.0,0.0,0,0,0,0,0,1,1,0,0,1,0,1,0
0.35357415111641893,1.6137012404433893,1.0,0.0,0.0,0.0,1.0,0.0,0.0,0.0,1,1,1,0,0,1,1,0,1,1,0,1,0
0.10098100709116792,-0.9109613101984924,0.0,0.0,0.0,0.0,0.0,1.0,0.0,0.0,1,1,0,0,0,0,1,0,1,1,0,1,0
1.5500679912360276,-0.8702409464784621,1.0,1.0,0.0,0.0,0.0,0.0,1.0,0.0,0,1,0,1,0,1,1,1,1,1,0,1,1
-0.613591702980265,-0.7073594915983407,0.0,0.0,0.0,0.0,0.0,0.0,1.0,0.0,1,0,1,0,0,0,0,0,0,0,0,1,0
-1.4744025490663168,-0.38159658183809786,0.0,0.0,1.0,0.0,1.0,0.0,0.0,0.0,1,0,1,0,0,0,0,0,0,0,0,1,0
-1.4860351280674797,-1.2774445836787656,1.0,0.0,1.0,0.0,0.0,0.0,0.0,1.0,0,0,1,0,0,0,0,0,0,0,0,1,0
-0.6567984249845842,-1.1960038562387048,0.0,0.0,0.0,0.0,0.0,0.0,1.0,0.0,0,0,0,0,0,0,0,0,0,0,1,1,1
1.0415581091851935,0.5956921474426305,1.0,1.0,0.0,1.0,0.0,0.0,1.0,0.0,1,1,1,0,1,1,1,0,0,1,0,1,0
-1.4993295040688086,-0.7073594915983407,0.0,0.0,1.0,1.0,0.0,0.0,0.0,1.0,0,0,1,0,0,0,0,0,0,0,0,1,0
1.15456030519649,1.369379058123207,1.0,1.0,0.0,0.0,0.0,0.0,1.0,0.0,0,1,0,0,0,1,1,0,1,0,1,1,0
-0.13665596393258767,1.4508197855632678,0.0,0.0,0.0,1.0,0.0,0.0,0.0,0.0,1,0,0,0,0,1,1,1,0,1,0,1,1
1.1246479591934997,-0.62591876415828,0.0,1.0,0.0,1.0,0.0,0.0,0.0,0.0,1,1,1,0,0,0,1,1,1,0,1,1,0
-0.17487729493640844,-1.0331224013585834,0.0,0.0,0.0,0.0,0.0,0.0,0.0,1.0,0,0,0,0,0,0,0,1,1,1,1,1,0
0.5214156481331973,-0.8295205827584317,1.0,1.0,0.0,0.0,0.0,0.0,1.0,0.0,1,1,0,0,0,0,0,0,0,1,1,1,1
0.2306011731041257,-0.46303730927815856,0.0,0.0,0.0,1.0,0.0,0.0,0.0,0.0,1,1,0,1,0,1,1,0,0,0,0,1,1
-0.9559218850144864,-0.46303730927815856,1.0,0.0,0.0,0.0,0.0,0.0,0.0,1.0,0,0,0,0,0,1,0,1,0,1,0,0,0
0.014567563082529699,0.9621754209229036,0.0,0.0,0.0,1.0,0.0,0.0,0.0,0.0,1,0,1,1,1,0,0,0,1,0,0,1,0
-0.5255164619714603,-1.0738427650786138,0.0,0.0,0.0,0.0,0.0,1.0,0.0,0.0,1,0,1,1,0,0,0,0,0,1,0,1,0
-0.3742929349563432,1.3286586944031769,0.0,0.0,0.0,0.0,1.0,0.0,0.0,0.0,0,1,0,0,0,1,1,0,1,1,0,0,1
0.5214156481331973,0.3920903288424788,1.0,0.0,0.0,1.0,0.0,1.0,0.0,0.0,1,1,0,1,1,0,0,1,1,0,0,1,0
1.4719635322282196,1.4508197855632678,0.0,1.0,0.0,0.0,1.0,0.0,0.0,0.0,1,1,1,1,1,0,1,1,1,1,0,1,0
-1.2783105030467143,0.6364125111626608,1.0,0.0,1.0,0.0,1.0,0.0,0.0,0.0,1,0,1,1,0,0,0,0,0,0,0,1,0
1.397182667220744,0.7178532386027215,0.0,1.0,0.0,1.0,0.0,0.0,1.0,0.0,0,1,0,1,0,1,0,1,1,1,0,1,1
0.006258578081699082,-1.0331224013585834,0.0,0.0,0.0,0.0,0.0,0.0,1.0,0.0,0,0,0,0,0,1,1,0,1,1,0,1,1
-1.5093002860698053,1.247217966963116,0.0,0.0,1.0,0.0,1.0,0.0,1.0,0.0,1,0,1,0,0,0,0,0,0,0,0,1,0
-1.451137391063991,-0.62591876415828,1.0,0.0,1.0,0.0,0.0,1.0,0.0,0.0,0,0,0,0,0,0,0,0,0,0,0,1,0
0.4383257981248911,0.3920903288424788,0.0,1.0,0.0,0.0,0.0,1.0,0.0,0.0,1,0,1,0,0,0,0,0,1,1,1,1,0
-1.5259182560714666,-1.1552834925186746,1.0,0.0,1.0,0.0,0.0,0.0,0.0,1.0,1,0,1,0,0,0,0,0,0,0,0,1,0
-1.288281285047711,1.2064976032430856,0.0,0.0,1.0,0.0,1.0,0.0,0.0,0.0,0,0,1,1,0,0,0,0,0,0,0,1,0
0.3303089931140931,-1.2367242199587352,1.0,1.0,0.0,0.0,0.0,0.0,1.0,0.0,0,0,0,0,0,1,0,0,0,1,1,1,1
0.1857326540996401,-1.2367242199587352,0.0,1.0,0.0,0.0,0.0,0.0,1.0,0.0,1,0,0,0,0,0,0,0,0,1,0,1,0
1.068146861187852,0.6364125111626608,1.0,1.0,0.0,0.0,1.0,0.0,0.0,0.0,1,0,0,1,1,1,1,0,1,1,0,1,0
-1.502653098069141,-0.21871512695797646,1.0,0.0,1.0,0.0,1.0,0.0,0.0,0.0,1,0,0,0,0,0,0,0,0,0,0,1,0
0.5197538511330312,1.5322605130033284,0.0,0.0,0.0,0.0,1.0,0.0,0.0,0.0,1,1,1,0,0,1,1,1,1,1,0,1,0
0.7989357471609396,-1.2774445836787656,1.0,1.0,0.0,0.0,0.0,0.0,1.0,0.0,0,0,0,1,0,0,1,0,1,1,1,1,1
0.9933659961803764,0.5549717837226001,1.0,1.0,0.0,1.0,0.0,0.0,1.0,0.0,1,0,0,1,0,1,1,0,1,1,0,1,0
0.8471278601657574,-0.0965540357978854,1.0,1.0,0.0,0.0,0.0,0.0,1.0,0.0,0,1,0,0,0,0,0,0,1,1,1,1,0
-0.003712203919297562,-0.7073594915983407,0.0,0.0,0.0,0.0,0.0,0.0,0.0,0.0,0,1,0,1,1,0,0,0,0,1,1,1,0
1.0299255301840309,1.4915401492832983,1.0,1.0,0.0,1.0,0.0,1.0,0.0,0.0,1,0,1,1,0,1,1,0,1,0,0,1,0
-1.502653098069141,1.3286586944031769,1.0,0.0,1.0,0.0,1.0,1.0,0.0,0.0,0,0,0,0,0,0,0,0,0,1,0,1,0
1.3074456292117733,1.6137012404433893,1.0,1.0,0.0,0.0,1.0,1.0,0.0,0.0,1,1,1,0,1,0,1,1,1,1,0,1,1
0.8072447321617703,-0.7888002190384014,1.0,1.0,0.0,0.0,0.0,0.0,0.0,0.0,1,1,0,0,0,1,0,1,0,1,1,1,1
-1.4843733310673135,-0.62591876415828,1.0,0.0,1.0,1.0,0.0,0.0,0.0,1.0,0,0,0,0,0,0,0,0,0,1,0,1,0
1.5550533822365258,0.758573602322752,1.0,1.0,0.0,1.0,0.0,0.0,1.0,0.0,1,1,0,1,1,0,1,1,1,1,0,1,0
-0.14164135493308597,0.758573602322752,1.0,0.0,0.0,0.0,1.0,1.0,0.0,0.0,1,0,1,0,1,1,0,1,0,0,0,1,0
0.8703930181680831,1.6137012404433893,0.0,0.0,0.0,0.0,1.0,0.0,0.0,0.0,1,1,0,1,1,1,1,1,1,1,0,1,0
0.7524054311562884,1.4100994218432374,1.0,1.0,0.0,1.0,0.0,0.0,1.0,0.0,1,0,1,1,0,1,1,0,0,0,1,1,0
-1.4976677070686424,0.06632741908223598,1.0,0.0,1.0,0.0,0.0,0.0,0.0,1.0,0,0,0,0,0,0,0,0,0,0,0,1,0
-0.4590445819648154,1.4100994218432374,1.0,0.0,0.0,0.0,1.0,0.0,0.0,0.0,1,1,0,0,1,1,0,1,0,1,0,0,0
-1.4860351280674797,0.6771328748826912,0.0,0.0,1.0,1.0,0.0,0.0,0.0,0.0,1,0,0,0,0,0,0,0,0,1,0,1,0
-1.5076384890696393,0.8400143297628127,1.0,0.0,1.0,0.0,1.0,0.0,0.0,1.0,1,0,1,0,0,0,0,0,0,1,0,1,0
-0.17653909193657447,-0.21871512695797646,1.0,0.0,0.0,0.0,0.0,0.0,1.0,0.0,0,0,0,1,0,0,1,1,0,0,0,1,0
0.9966895901807084,-0.38159658183809786,0.0,1.0,0.0,0.0,0.0,0.0,1.0,0.0,0,1,0,0,0,1,0,0,1,1,1,1,1
0.5563133851366857,1.4915401492832983,1.0,0.0,0.0,0.0,1.0,1.0,0.0,0.0,0,1,0,1,1,1,1,1,0,1,0,1,0
-1.1869116680375775,-1.2367242199587352,0.0,0.0,0.0,0.0,0.0,0.0,0.0,0.0,1,0,1,0,0,0,0,1,0,0,0,0,0
0.720831288153132,0.10704778280226633,0.0,1.0,0.0,0.0,0.0,0.0,1.0,0.0,0,0,0,1,0,0,0,0,1,1,1,1,0
0.19404163910047073,0.5549717837226001,0.0,0.0,0.0,1.0,0.0,0.0,0.0,1.0,1,1,0,0,1,1,0,1,0,0,0,1,0
1.0781176431888486,0.880734693482843,0.0,1.0,0.0,0.0,1.0,0.0,0.0,0.0,0,1,0,1,0,1,0,0,1,1,0,1,0
1.113015380192337,0.9621754209229036,0.0,1.0,0.0,1.0,0.0,0.0,1.0,0.0,1,1,0,1,0,1,0,0,1,1,1,1,0
0.3652067301175816,-0.9516816739185228,0.0,1.0,0.0,0.0,0.0,0.0,0.0,0.0,1,0,0,0,0,0,1,0,0,1,1,1,0
-0.18484807693740507,-0.5037576729981889,1.0,0.0,0.0,0.0,0.0,0.0,0.0,0.0,0,0,0,1,1,0,0,1,0,0,0,1,0
0.37019212111808014,-0.8702409464784621,1.0,1.0,0.0,0.0,0.0,0.0,0.0,1.0,0,0,0,0,0,1,0,0,0,1,0,1,0
0.8404806721650927,-0.0965540357978854,0.0,1.0,0.0,0.0,0.0,0.0,1.0,0.0,1,0,0,1,0,1,0,0,1,1,0,1,1
0.20567421810163386,1.4508197855632678,1.0,0.0,0.0,0.0,1.0,0.0,0.0,0.0,1,1,0,0,1,1,1,0,0,0,0,1,0
1.2575917192067896,0.22920887396235737,1.0,1.0,0.0,0.0,0.0,0.0,1.0,0.0,1,1,0,1,0,1,1,0,1,1,0,1,1
0.684271754149477,-0.62591876415828,0.0,1.0,0.0,0.0,0.0,0.0,0.0,0.0,1,0,0,1,1,0,1,0,0,1,1,1,1
1.3739175092184182,0.6364125111626608,1.0,1.0,0.0,1.0,0.0,1.0,0.0,0.0,0,1,0,1,0,1,1,0,1,1,1,1,0
-0.6966815529885713,-1.2774445836787656,0.0,0.0,0.0,0.0,0.0,0.0,1.0,0.0,0,0,0,0,0,0,0,0,0,0,0,1,0
-0.19149526493806968,1.247217966963116,1.0,0.0,0.0,0.0,1.0,0.0,1.0,0.0,1,1,1,0,1,1,1,0,1,0,0,0,0
0.1724382780983114,-1.1960038562387048,0.0,0.0,0.0,1.0,0.0,0.0,1.0,0.0,0,1,0,0,0,0,1,0,1,1,0,1,0
-1.343120586053193,0.6364125111626608,0.0,0.0,1.0,1.0,0.0,0.0,0.0,0.0,0,0,0,1,0,0,0,0,0,0,0,1,0
-1.1736172920362484,1.369379058123207,1.0,0.0,0.0,1.0,0.0,1.0,0.0,0.0,0,0,0,0,0,0,0,1,0,0,0,0,0
0.6526976111463211,1.4508197855632678,0.0,1.0,0.0,0.0,1.0,1.0,0.0,0.0,1,0,1,1,0,1,1,0,0,1,0,1,0
-0.6551366279844181,-0.62591876415828,1.0,0.0,0.0,0.0,0.0,0.0,1.0,0.0,0,0,0,0,0,0,0,0,0,1,1,1,1
-1.4660935640654862,-1.0331224013585834,0.0,0.0,1.0,1.0,0.0,0.0,0.0,1.0,1,0,1,0,0,0,0,0,0,0,0,1,0
0.7424346491552913,1.6137012404433893,1.0,0.0,0.0,0.0,1.0,0.0,0.0,0.0,1,1,0,1,1,1,1,1,1,1,0,1,0
-1.4926823160681442,-0.13727439951791576,0.0,0.0,1.0,0.0,0.0,0.0,0.0,1.0,1,0,0,0,0,0,0,0,0,0,0,1,0
0.8504514541660894,0.18848851024232702,1.0,1.0,0.0,0.0,0.0,0.0,1.0,0.0,1,1,0,0,0,0,1,1,0,1,0,1,0
1.4968904872307114,0.06632741908223598,0.0,1.0,0.0,0.0,0.0,0.0,0.0,1.0,0,1,0,1,1,1,1,0,1,1,1,1,0
0.6610065961471517,0.3920903288424788,0.0,1.0,0.0,0.0,0.0,0.0,1.0,0.0,0,0,0,1,0,0,0,0,1,1,1,1,1
0.02453834508352634,1.0843365120829946,0.0,0.0,0.0,1.0,0.0,0.0,0.0,1.0,1,0,1,1,1,1,0,1,0,0,0,1,0
0.4898415051300408,-0.8702409464784621,1.0,1.0,0.0,0.0,0.0,0.0,0.0,0.0,1,0,1,0,0,0,0,0,1,1,1,1,0
0.5380336181348585,1.125056875803025,1.0,1.0,0.0,0.0,0.0,0.0,1.0,0.0,1,0,1,1,1,0,0,0,0,1,0,1,1
-0.28621769394753876,-0.21871512695797646,0.0,0.0,0.0,0.0,0.0,0.0,0.0,1.0,0,0,0,0,0,1,0,1,0,1,0,1,0
0.6992279271509723,-1.2774445836787656,0.0,1.0,0.0,0.0,0.0,0.0,0.0,1.0,0,1,0,1,0,0,0,0,0,0,1,1,0
0.47654712912871167,-1.2774445836787656,1.0,1.0,0.0,0.0,0.0,0.0,1.0,0.0,0,0,0,0,0,0,0,0,1,1,1,1,1
-1.0090993890198023,-0.62591876415828,1.0,0.0,0.0,0.0,0.0,0.0,0.0,1.0,1,0,0,0,1,0,1,0,0,0,0,0,0
-1.462769970065154,1.0436161483629645,1.0,0.0,1.0,0.0,1.0,0.0,0.0,1.0,1,0,0,0,0,0,0,0,0,0,0,1,0
-1.5275800530716328,-1.2774445836787656,1.0,0.0,1.0,1.0,0.0,0.0,0.0,1.0,1,0,1,0,0,0,0,0,0,0,0,1,0
-0.6800635829869099,-1.1960038562387048,0.0,0.0,0.0,0.0,0.0,0.0,0.0,1.0,1,0,1,0,0,0,0,0,0,0,1,1,0
0.8654076271675846,0.8400143297628127,0.0,1.0,0.0,0.0,0.0,0.0,1.0,0.0,0,0,0,1,1,1,1,0,0,0,0,1,0
-1.3015756610490399,0.10704778280226633,1.0,0.0,1.0,0.0,0.0,0.0,1.0,0.0,0,0,0,1,0,0,0,0,0,1,0,1,0
1.3689321182179202,0.7178532386027215,1.0,1.0,0.0,0.0,0.0,1.0,0.0,0.0,1,1,1,1,1,0,1,0,1,0,1,1,0
0.2006888271011353,1.4508197855632678,1.0,0.0,0.0,0.0,1.0,1.0,0.0,0.0,1,1,1,1,0,1,0,1,0,0,0,1,0
-1.3082228490497045,0.5956921474426305,1.0,0.0,1.0,0.0,0.0,0.0,1.0,0.0,1,0,0,1,0,0,0,0,0,0,0,1,0
1.463654547227389,1.3286586944031769,0.0,1.0,0.0,0.0,0.0,0.0,0.0,0.0,1,1,0,1,0,1,1,0,1,1,0,1,1
0.1657910900976468,-1.1145631287986442,1.0,1.0,0.0,0.0,0.0,0.0,1.0,0.0,0,0,0,0,0,0,0,0,0,1,1,1,0
0.9933659961803764,0.758573602322752,1.0,1.0,0.0,0.0,0.0,0.0,1.0,0.0,1,1,0,1,0,0,0,0,1,1,1,1,0
1.0398963121850275,0.5549717837226001,0.0,1.0,0.0,0.0,0.0,0.0,0.0,0.0,0,1,0,1,0,0,0,0,1,0,1,1,0
0.4017662641212361,-0.9516816739185228,0.0,1.0,0.0,0.0,0.0,0.0,1.0,0.0,0,0,0,1,0,0,0,0,0,1,0,1,0
-1.479387940066815,-0.9924020376385531,0.0,0.0,1.0,0.0,1.0,0.0,0.0,1.0,0,0,0,0,0,0,0,0,0,0,0,1,0
-1.328164413051698,-0.748079855318371,1.0,0.0,1.0,1.0,0.0,1.0,0.0,0.0,0,0,0,1,0,0,0,0,0,1,0,1,0
1.6913207362501481,0.5142514200025698,0.0,1.0,0.0,0.0,0.0,0.0,1.0,0.0,0,1,0,1,1,1,1,1,1,1,0,1,0
0.32698539911376057,-0.9924020376385531,0.0,1.0,0.0,0.0,0.0,1.0,0.0,0.0,0,0,0,1,0,0,0,0,0,1,0,1,0
-0.4856333339674735,-1.2774445836787656,1.0,0.0,0.0,0.0,0.0,0.0,0.0,1.0,0,0,1,0,0,0,1,0,0,1,1,1,1
1.2758714862086173,1.369379058123207,1.0,1.0,0.0,1.0,0.0,0.0,0.0,0.0,1,1,1,0,1,1,1,0,1,1,0,1,0
0.2438955491054544,1.6137012404433893,1.0,0.0,0.0,0.0,1.0,1.0,0.0,0.0,1,0,1,1,1,1,1,1,0,0,0,1,0
1.6231870592433366,0.35136996512244845,0.0,1.0,0.0,0.0,0.0,0.0,0.0,0.0,1,1,0,1,1,1,1,1,1,1,1,1,0
-1.3181936310507012,-0.38159658183809786,0.0,0.0,1.0,0.0,1.0,0.0,0.0,1.0,1,0,1,1,0,0,0,0,0,0,0,1,0
0.46989994112804756,-0.13727439951791576,0.0,1.0,0.0,0.0,0.0,0.0,1.0,0.0,0,0,0,0,0,0,0,0,1,1,1,1,0
0.5114448661322006,-1.1552834925186746,0.0,1.0,0.0,0.0,0.0,0.0,1.0,0.0,0,0,0,1,1,0,0,0,0,1,0,1,0
-1.3082228490497045,-1.0738427650786138,1.0,0.0,1.0,0.0,1.0,0.0,0.0,1.0,1,0,1,1,0,0,0,0,0,0,0,1,0
1.3506523512160928,1.4100994218432374,0.0,1.0,0.0,1.0,0.0,1.0,0.0,0.0,1,1,0,1,1,1,1,1,0,1,0,1,1
-0.6318714699820923,-1.0331224013585834,1.0,0.0,0.0,0.0,0.0,0.0,0.0,1.0,0,0,1,0,0,0,0,0,0,1,0,1,1
-1.3397969920528607,0.9621754209229036,1.0,0.0,1.0,1.0,0.0,0.0,0.0,1.0,1,0,1,1,0,0,0,0,0,1,0,1,0
-1.3215172250510334,1.6137012404433893,0.0,0.0,1.0,0.0,1.0,1.0,0.0,0.0,1,0,0,1,0,0,0,0,0,0,0,1,0
0.6809481601491449,1.6137012404433893,1.0,0.0,0.0,0.0,1.0,0.0,1.0,0.0,1,1,0,1,1,1,1,0,1,1,0,1,0
-1.5009913010689746,-0.38159658183809786,1.0,0.0,1.0,0.0,1.0,1.0,0.0,0.0,1,0,1,0,0,0,0,0,0,0,0,1,0
-0.4856333339674735,0.10704778280226633,0.0,0.0,0.0,0.0,0.0,0.0,0.0,1.0,0,0,1,1,0,0,0,0,0,0,0,1,0
0.19237984210030468,-0.21871512695797646,1.0,1.0,0.0,0.0,0.0,0.0,1.0,0.0,1,0,0,0,0,0,0,0,0,1,0,1,1
-0.15659752793458118,-0.2594354906780068,0.0,0.0,0.0,0.0,0.0,0.0,1.0,0.0,1,0,1,1,0,1,0,1,0,1,1,1,0
-1.2749869090463821,-0.8295205827584317,1.0,0.0,1.0,1.0,0.0,0.0,0.0,1.0,1,0,1,1,0,0,0,0,0,0,0,1,0
-1.4827115340671475,0.3106496014024181,0.0,0.0,1.0,0.0,1.0,0.0,0.0,1.0,0,0,0,0,0,0,0,0,0,0,0,1,0
-0.196480655938568,-1.0331224013585834,1.0,0.0,0.0,0.0,0.0,0.0,0.0,1.0,1,1,1,0,1,1,1,0,1,0,0,0,0
1.0897502221900113,1.5322605130033284,1.0,1.0,0.0,0.0,0.0,1.0,0.0,0.0,1,0,1,1,1,1,0,0,1,1,0,1,0
-1.4993295040688086,1.125056875803025,1.0,0.0,1.0,0.0,1.0,1.0,0.0,0.0,1,0,1,0,0,0,0,0,0,0,0,1,0
-1.3132082400502028,0.26992923768238775,1.0,0.0,0.0,1.0,0.0,1.0,0.0,0.0,1,0,1,0,0,0,0,0,0,1,0,0,0
1.651437608246161,1.6137012404433893,1.0,1.0,0.0,0.0,1.0,1.0,0.0,0.0,1,1,0,1,1,1,1,1,1,0,0,1,0
-0.9991286070188055,-1.2774445836787656,0.0,0.0,0.0,0.0,0.0,0.0,1.0,0.0,0,0,0,0,0,0,0,0,1,1,1,0,0
0.19736523310080326,0.880734693482843,1.0,0.0,0.0,1.0,0.0,0.0,1.0,0.0,1,0,1,1,0,1,0,1,1,1,0,1,0
0.682609957149311,-1.1960038562387048,1.0,1.0,0.0,0.0,0.0,0.0,1.0,0.0,0,1,0,1,0,0,0,0,0,1,1,1,0
0.358559542116917,1.247217966963116,0.0,0.0,0.0,0.0,1.0,1.0,0.0,0.0,1,0,1,0,1,1,1,1,1,0,0,1,0
0.6659919871476498,1.5729808767233588,1.0,1.0,0.0,0.0,1.0,0.0,1.0,0.0,1,0,1,1,0,1,0,1,0,1,0,1,0
-1.4660935640654862,0.3920903288424788,0.0,0.0,1.0,1.0,0.0,0.0,0.0,1.0,0,0,0,0,0,0,0,0,0,1,0,1,0
-1.4727407520661506,0.5956921474426305,1.0,0.0,1.0,0.0,1.0,0.0,0.0,0.0,0,0,0,0,0,0,0,0,0,0,0,1,0
1.2526063282062914,1.369379058123207,0.0,1.0,0.0,1.0,0.0,1.0,0.0,0.0,1,1,1,1,0,1,1,0,1,1,1,1,0
1.3174164112127704,-0.46303730927815856,0.0,1.0,0.0,0.0,0.0,0.0,0.0,0.0,1,1,0,1,1,0,1,0,1,1,1,1,0
-0.9675544640156493,-0.8702409464784621,1.0,0.0,0.0,0.0,0.0,0.0,1.0,0.0,0,0,0,0,0,1,0,1,0,1,0,0,0
1.1628692901973208,-1.2774445836787656,1.0,1.0,0.0,0.0,0.0,0.0,1.0,0.0,0,1,1,1,0,0,1,0,1,1,1,1,0
0.8537750481664219,0.9214550572028734,0.0,1.0,0.0,0.0,0.0,0.0,1.0,0.0,1,0,0,1,0,1,1,1,0,0,0,1,1
1.0930738161903437,1.4915401492832983,1.0,1.0,0.0,0.0,1.0,1.0,0.0,0.0,0,0,0,1,0,1,1,1,1,1,0,1,0
0.3020584441112687,-1.1960038562387048,0.0,1.0,0.0,0.0,0.0,0.0,1.0,0.0,0,0,0,0,0,0,1,0,0,0,0,1,1
0.32033821111309646,-1.1552834925186746,1.0,0.0,0.0,0.0,0.0,0.0,1.0,0.0,0,1,0,0,0,0,1,1,1,1,1,1,0
0.14418772909548702,-0.0965540357978854,1.0,0.0,0.0,0.0,1.0,1.0,0.0,0.0,0,0,0,1,0,0,1,1,1,1,0,1,1
0.5978583101408388,-1.1145631287986442,0.0,1.0,0.0,0.0,0.0,0.0,1.0,0.0,0,0,0,1,0,0,1,1,0,1,0,1,0
-1.341458789053027,1.5729808767233588,0.0,0.0,1.0,0.0,1.0,1.0,0.0,0.0,1,0,0,1,0,0,0,0,0,1,0,1,0
-0.3161300399505289,-0.13727439951791576,0.0,0.0,0.0,1.0,0.0,0.0,1.0,0.0,0,0,0,1,0,1,0,0,0,1,0,1,0
-0.11339080593026184,0.7992939660427822,1.0,0.0,0.0,0.0,0.0,0.0,0.0,0.0,1,0,0,1,0,1,0,1,0,0,0,1,0
0.39844267012090406,1.4508197855632678,1.0,0.0,0.0,1.0,0.0,1.0,0.0,0.0,0,1,0,1,1,1,1,0,0,0,0,1,0
-1.5076384890696393,0.5549717837226001,0.0,0.0,1.0,0.0,1.0,0.0,0.0,1.0,1,0,1,0,0,0,0,0,0,0,0,1,0
-0.3327480099521901,-0.9924020376385531,1.0,0.0,0.0,0.0,0.0,1.0,0.0,0.0,0,1,0,0,0,0,0,0,0,1,0,1,0
-1.4976677070686424,1.6137012404433893,1.0,0.0,1.0,0.0,1.0,1.0,0.0,0.0,1,0,0,0,0,0,0,0,0,0,0,1,0
-1.491020519067978,-0.62591876415828,0.0,0.0,1.0,1.0,0.0,0.0,0.0,0.0,0,0,0,0,0,0,0,0,0,0,0,1,0
1.435403998224565,-1.1960038562387048,1.0,1.0,0.0,0.0,0.0,0.0,1.0,0.0,0,1,0,0,0,1,1,1,1,1,0,1,0
0.6327560471443273,-1.2367242199587352,0.0,1.0,0.0,0.0,0.0,0.0,0.0,0.0,0,0,0,0,0,1,0,0,1,1,0,1,1
0.3153528201125979,-0.9516816739185228,0.0,1.0,0.0,0.0,0.0,1.0,0.0,0.0,0,0,0,0,1,0,0,0,0,1,1,1,0
-0.2779087089467081,0.758573602322752,0.0,0.0,0.0,1.0,0.0,1.0,0.0,0.0,0,1,0,0,0,1,1,0,1,1,0,0,0
-1.4843733310673135,-1.0738427650786138,0.0,0.0,1.0,0.0,1.0,0.0,0.0,1.0,1,0,1,0,0,0,0,0,0,0,0,1,0
1.001674981181207,-1.1960038562387048,0.0,1.0,0.0,0.0,0.0,0.0,1.0,0.0,1,1,0,1,0,0,0,0,1,0,0,1,0
0.9784098231788811,-0.62591876415828,0.0,1.0,0.0,0.0,0.0,0.0,1.0,0.0,0,1,0,1,0,0,0,0,1,1,0,1,1
-0.49394231896830415,-0.0965540357978854,1.0,0.0,0.0,0.0,0.0,0.0,1.0,0.0,1,0,0,1,0,0,0,0,0,0,0,1,0
0.2089978121019659,-0.055833672077855064,1.0,0.0,0.0,0.0,0.0,0.0,1.0,0.0,0,0,0,1,0,1,0,1,1,1,0,1,0
0.5612987761371843,0.5142514200025698,0.0,0.0,0.0,0.0,1.0,0.0,0.0,0.0,0,1,0,0,1,0,1,1,1,0,0,1,0
0.8205391081630994,1.2879383306831464,1.0,1.0,0.0,1.0,0.0,0.0,0.0,0.0,1,0,0,1,1,1,1,0,0,0,0,1,0
-0.16324471593524553,-1.2774445836787656,1.0,0.0,0.0,0.0,0.0,0.0,1.0,0.0,0,0,0,1,0,0,0,0,1,1,1,1,0
0.16080569909714826,-1.2774445836787656,0.0,1.0,0.0,0.0,0.0,0.0,1.0,0.0,0,0,0,0,0,0,0,0,0,1,1,1,1
1.1379423351948288,1.1657772395230555,1.0,1.0,0.0,1.0,0.0,0.0,1.0,0.0,1,1,1,1,0,1,0,0,1,0,0,1,1
-1.5192710680708021,-1.2774445836787656,1.0,0.0,1.0,0.0,0.0,0.0,0.0,1.0,0,0,0,0,0,0,0,0,0,0,0,1,0
-0.6435040489832552,-0.9516816739185228,1.0,0.0,0.0,0.0,0.0,0.0,1.0,0.0,0,1,0,0,0,0,0,0,1,1,1,0,0
1.651437608246161,1.6137012404433893,1.0,1.0,0.0,0.0,1.0,0.0,0.0,0.0,1,1,1,1,1,1,1,1,1,0,0,1,0
-1.504314895069307,-1.2774445836787656,0.0,0.0,1.0,0.0,0.0,0.0,0.0,1.0,0,0,0,0,0,0,0,0,0,0,1,1,0
-0.681725379987076,-1.0331224013585834,0.0,0.0,0.0,0.0,0.0,0.0,0.0,1.0,1,0,0,0,0,0,0,0,0,1,0,1,0
0.8570986421667539,1.369379058123207,0.0,1.0,0.0,1.0,0.0,0.0,0.0,0.0,1,0,0,1,0,1,1,1,0,1,0,1,0
0.17077648109814536,-1.2774445836787656,1.0,1.0,0.0,0.0,0.0,0.0,1.0,0.0,0,0,0,0,0,0,0,0,0,1,1,1,0
-1.4744025490663168,0.3106496014024181,1.0,0.0,1.0,0.0,0.0,0.0,0.0,0.0,1,0,1,0,0,0,0,0,0,1,0,1,0
0.22063039110312907,-0.6666391278783103,1.0,0.0,0.0,0.0,0.0,0.0,0.0,0.0,0,1,0,1,0,1,1,0,0,1,0,1,0
0.7440964461554579,-1.2367242199587352,0.0,1.0,0.0,0.0,0.0,0.0,0.0,0.0,0,0,0,0,0,1,0,0,1,1,1,1,0
-1.3265026160515319,1.4100994218432374,1.0,0.0,1.0,0.0,1.0,1.0,0.0,0.0,1,0,0,1,0,0,0,0,0,0,0,1,0
1.3190782082129364,0.35136996512244845,0.0,1.0,0.0,1.0,0.0,0.0,0.0,0.0,1,1,0,0,1,1,1,0,1,1,0,1,0
-1.4943441130683104,0.9621754209229036,0.0,0.0,1.0,0.0,1.0,1.0,0.0,0.0,1,0,1,0,0,0,0,0,0,1,0,1,0
1.7179094882528059,1.6137012404433893,0.0,1.0,0.0,0.0,1.0,0.0,0.0,0.0,0,1,0,1,1,1,1,1,1,1,0,1,0
0.6643301901474837,-1.1960038562387048,0.0,1.0,0.0,0.0,0.0,0.0,0.0,0.0,1,1,1,1,0,0,0,0,0,1,1,1,0
-1.4860351280674797,0.880734693482843,0.0,0.0,1.0,0.0,1.0,1.0,0.0,0.0,1,0,0,0,0,0,0,0,0,0,0,1,0
1.5284646302338678,0.7992939660427822,1.0,1.0,0.0,0.0,0.0,0.0,1.0,0.0,0,1,0,1,0,1,1,1,1,1,0,1,1
0.82884809316393,0.7178532386027215,0.0,1.0,0.0,0.0,1.0,0.0,0.0,0.0,0,1,0,0,0,0,1,1,0,1,0,1,0
0.8371570781647607,-0.748079855318371,1.0,1.0,0.0,0.0,0.0,0.0,1.0,0.0,0,0,0,1,0,0,0,1,1,1,1,1,0
-0.533825446972291,-0.21871512695797646,1.0,0.0,0.0,1.0,0.0,1.0,0.0,0.0,1,0,0,0,1,0,0,0,0,0,0,1,0
1.0581760791868549,1.6137012404433893,0.0,1.0,0.0,0.0,1.0,0.0,0.0,0.0,1,0,0,1,1,1,1,1,0,1,0,1,1
0.3170146171127639,1.2064976032430856,1.0,0.0,0.0,1.0,0.0,1.0,0.0,0.0,0,1,0,0,1,1,0,0,1,1,0,1,0
-0.3477041829536853,-0.8295205827584317,0.0,0.0,0.0,0.0,0.0,0.0,1.0,0.0,0,0,0,0,0,1,0,1,0,1,0,1,0
0.33529438411459117,0.47353105628253944,0.0,0.0,0.0,1.0,0.0,0.0,0.0,0.0,0,1,0,0,0,0,1,1,1,0,0,1,1
0.5047976781315361,0.880734693482843,1.0,1.0,0.0,0.0,1.0,0.0,0.0,0.0,1,0,1,0,0,1,0,1,0,1,0,1,0
-1.4860351280674797,1.4508197855632678,0.0,0.0,1.0,0.0,1.0,0.0,0.0,0.0,0,0,0,0,0,0,0,0,0,0,0,1,0
-1.5076384890696393,-0.5037576729981889,1.0,0.0,1.0,0.0,0.0,0.0,0.0,1.0,0,0,0,0,0,0,0,0,0,0,0,1,0
-0.32776261895169184,0.7178532386027215,1.0,0.0,0.0,1.0,0.0,0.0,0.0,0.0,1,0,1,1,0,0,1,0,0,0,0,1,0
-1.3397969920528607,1.0436161483629645,1.0,0.0,1.0,0.0,1.0,1.0,0.0,0.0,0,0,0,1,0,0,0,0,0,1,0,1,0
0.827186296163764,0.10704778280226633,1.0,1.0,0.0,0.0,0.0,0.0,0.0,0.0,1,0,1,1,0,1,0,0,1,1,0,1,0
-0.6435040489832552,-1.2367242199587352,0.0,0.0,0.0,0.0,0.0,0.0,1.0,0.0,0,0,0,0,0,0,0,0,0,1,0,1,0
0.36354493311741554,1.247217966963116,1.0,0.0,0.0,0.0,1.0,0.0,0.0,1.0,1,1,1,1,1,0,1,1,0,0,0,1,0
1.5251410362335358,1.0436161483629645,0.0,1.0,0.0,1.0,0.0,1.0,0.0,0.0,1,1,0,1,1,1,1,0,1,1,0,1,0
-1.4694171580658184,-0.21871512695797646,0.0,0.0,1.0,1.0,0.0,0.0,0.0,1.0,1,0,1,0,0,0,0,0,0,1,0,1,0
1.6747027662484868,1.5729808767233588,0.0,1.0,0.0,0.0,1.0,1.0,0.0,0.0,1,1,0,1,1,1,1,1,1,1,0,1,0
-0.20645143793956489,1.247217966963116,0.0,0.0,0.0,1.0,0.0,1.0,0.0,0.0,0,1,0,0,0,0,1,0,0,0,0,1,0
0.9468356801757247,1.5729808767233588,1.0,1.0,0.0,0.0,0.0,0.0,0.0,0.0,1,1,0,1,0,1,1,0,0,1,0,1,0
1.609892683242008,0.35136996512244845,0.0,1.0,0.0,0.0,0.0,0.0,1.0,0.0,0,1,0,1,1,1,1,0,1,1,1,1,1
0.8554368451665879,-0.7888002190384014,1.0,1.0,0.0,0.0,0.0,0.0,1.0,0.0,0,1,0,0,0,0,0,0,1,1,1,1,1
0.4732235351283796,-1.2367242199587352,1.0,1.0,0.0,0.0,0.0,0.0,1.0,0.0,0,0,0,0,0,0,0,0,1,0,1,1,0
-1.5093002860698053,1.4508197855632678,0.0,0.0,1.0,0.0,1.0,0.0,0.0,0.0,1,0,1,0,0,0,0,0,0,1,0,1,0
-0.532163649972125,-1.2774445836787656,1.0,0.0,0.0,0.0,0.0,0.0,0.0,1.0,1,0,1,0,1,0,0,0,0,1,0,1,0
1.4719635322282196,1.3286586944031769,1.0,1.0,0.0,0.0,1.0,0.0,1.0,0.0,0,1,0,1,1,0,1,1,1,1,0,1,1
-1.3215172250510334,1.6137012404433893,1.0,0.0,1.0,0.0,1.0,0.0,0.0,0.0,1,0,0,1,0,0,0,0,0,1,0,1,1
-0.32776261895169184,-0.1779947632379461,0.0,0.0,0.0,0.0,0.0,1.0,0.0,0.0,0,0,0,1,0,0,0,1,0,1,0,1,0
-1.329826210051864,1.6137012404433893,1.0,0.0,1.0,0.0,1.0,1.0,0.0,0.0,1,0,1,1,0,0,0,0,0,0,0,1,0
0.8770402061687477,-1.2367242199587352,0.0,1.0,0.0,0.0,0.0,0.0,1.0,0.0,0,0,0,0,1,1,0,0,1,1,0,1,0
-1.4827115340671475,-0.5851984004382496,0.0,0.0,1.0,1.0,0.0,0.0,0.0,0.0,0,0,1,0,0,0,0,0,0,0,1,1,0
1.3157546142126038,1.125056875803025,1.0,1.0,0.0,1.0,0.0,0.0,1.0,0.0,1,1,0,1,0,1,1,0,1,1,0,1,1
0.042818112085353605,-0.2594354906780068,0.0,0.0,0.0,0.0,0.0,0.0,1.0,0.0,0,1,0,1,0,0,0,1,0,1,0,1,1
0.22893937610395967,-1.2774445836787656,1.0,1.0,0.0,0.0,0.0,0.0,1.0,0.0,0,0,1,0,0,0,0,0,0,1,1,1,0
-1.4760643460664828,-1.1552834925186746,0.0,0.0,1.0,0.0,0.0,0.0,0.0,1.0,0,0,0,0,0,0,0,0,0,0,1,1,0
0.9119379431722362,1.4508197855632678,1.0,0.0,0.0,0.0,1.0,1.0,0.0,0.0,1,1,1,1,1,1,1,1,1,1,0,1,0
0.6477122201458225,0.22920887396235737,0.0,1.0,0.0,0.0,0.0,1.0,0.0,0.0,0,0,0,0,0,1,1,1,0,1,1,1,0
1.3440051632154282,0.3920903288424788,0.0,1.0,0.0,1.0,0.0,0.0,0.0,0.0,1,1,0,1,1,0,1,0,1,1,0,1,1
-1.5009913010689746,1.002895784642934,0.0,0.0,1.0,0.0,1.0,0.0,0.0,0.0,1,0,0,0,0,0,0,0,0,1,0,1,0
-1.1420431490330922,0.880734693482843,1.0,0.0,0.0,0.0,0.0,0.0,1.0,0.0,1,0,0,0,0,1,0,0,0,0,0,0,0
0.4433111891253892,-0.8295205827584317,0.0,1.0,0.0,0.0,0.0,0.0,0.0,0.0,0,1,0,0,0,0,0,0,0,0,1,1,0
-0.10840541492976351,0.47353105628253944,0.0,0.0,0.0,1.0,0.0,0.0,0.0,1.0,1,0,0,0,1,1,1,0,0,1,0,1,0
0.15415851109648415,0.3920903288424788,1.0,0.0,0.0,0.0,0.0,0.0,0.0,0.0,1,0,1,1,1,1,0,0,1,1,0,1,0
-1.329826210051864,1.6137012404433893,1.0,0.0,1.0,0.0,1.0,0.0,0.0,0.0,1,0,1,1,0,0,0,0,0,0,0,1,0
0.8737166121684152,1.5729808767233588,0.0,0.0,0.0,0.0,1.0,0.0,0.0,1.0,1,1,1,1,1,1,1,1,1,0,0,1,0
0.827186296163764,-0.5444780367182193,0.0,1.0,0.0,0.0,0.0,0.0,0.0,1.0,1,1,0,1,0,0,1,0,0,0,1,1,0
0.2954112561106046,-0.38159658183809786,0.0,0.0,0.0,0.0,0.0,1.0,0.0,0.0,1,1,0,1,0,0,0,1,1,1,0,1,0
-1.5076384890696393,-0.0965540357978854,0.0,0.0,1.0,0.0,1.0,1.0,0.0,0.0,0,0,0,0,0,0,0,0,0,0,0,1,0
-1.2816340970470463,0.10704778280226633,1.0,0.0,1.0,1.0,0.0,0.0,0.0,0.0,0,0,0,1,0,0,0,0,0,0,0,1,0
1.1279715531938321,-0.9109613101984924,0.0,1.0,0.0,0.0,0.0,0.0,1.0,0.0,0,1,0,1,1,0,0,0,1,1,1,1,0
-0.6950197559884049,-1.2774445836787656,1.0,0.0,0.0,0.0,0.0,0.0,0.0,0.0,0,0,0,0,0,0,0,0,0,1,0,1,0
0.16412929309748078,-0.4223169455581282,1.0,1.0,0.0,0.0,0.0,0.0,0.0,1.0,0,0,0,0,0,0,0,0,0,1,0,1,0
-0.8711702380060141,-1.0331224013585834,1.0,0.0,0.0,0.0,1.0,0.0,0.0,1.0,1,0,1,0,1,1,1,0,0,0,0,0,0
-0.3875873109576722,0.14776814652229667,0.0,0.0,0.0,0.0,1.0,0.0,0.0,1.0,0,1,0,0,1,1,1,1,0,1,0,0,0
-1.4660935640654862,0.06632741908223598,0.0,0.0,1.0,0.0,0.0,0.0,0.0,1.0,1,0,1,0,0,0,0,0,0,0,0,1,0
-0.010359391919962149,1.6137012404433893,1.0,0.0,0.0,0.0,1.0,1.0,0.0,0.0,1,0,1,1,1,1,1,0,0,0,0,1,0
-1.3181936310507012,0.14776814652229667,1.0,0.0,1.0,0.0,1.0,1.0,0.0,0.0,1,0,1,1,0,0,0,0,0,0,0,1,0
0.3851482941195749,-1.2774445836787656,0.0,1.0,0.0,0.0,0.0,0.0,1.0,0.0,0,0,0,0,0,0,1,0,0,0,1,1,0
0.47820892612887816,-0.38159658183809786,0.0,1.0,0.0,0.0,0.0,0.0,1.0,0.0,0,0,0,1,0,1,0,0,0,1,1,1,0
0.6726391751483144,-0.015113308357824713,1.0,1.0,0.0,0.0,0.0,0.0,1.0,0.0,1,1,0,1,0,0,0,0,0,1,1,1,1
1.0099839661820376,1.5729808767233588,0.0,1.0,0.0,1.0,0.0,1.0,0.0,0.0,1,0,1,1,1,1,1,1,0,1,0,1,0
0.48485611412954227,-0.38159658183809786,0.0,1.0,0.0,0.0,0.0,0.0,0.0,1.0,0,0,0,1,0,0,1,0,0,1,0,1,1
1.0598378761870213,-0.62591876415828,1.0,1.0,0.0,1.0,0.0,0.0,0.0,0.0,1,1,0,0,0,0,1,0,1,1,0,1,0
0.356897745116751,-1.2774445836787656,1.0,0.0,0.0,0.0,0.0,0.0,1.0,0.0,0,1,0,0,0,0,1,1,1,1,0,1,0
-1.4976677070686424,-0.8295205827584317,1.0,0.0,1.0,0.0,1.0,0.0,0.0,1.0,1,0,1,0,0,0,0,0,0,0,0,1,0
-1.4710789550659844,1.6137012404433893,0.0,0.0,1.0,0.0,1.0,1.0,0.0,0.0,1,0,0,0,0,0,0,0,0,0,0,1,0
-1.5142856770703037,-1.2774445836787656,1.0,0.0,1.0,0.0,0.0,0.0,0.0,1.0,0,0,0,0,0,0,0,0,0,0,0,1,0
1.116338974192669,1.6137012404433893,1.0,1.0,0.0,0.0,1.0,0.0,0.0,0.0,1,1,0,1,0,1,0,0,1,0,0,1,1
0.31867641411292996,1.125056875803025,1.0,1.0,0.0,0.0,0.0,0.0,0.0,0.0,1,0,1,1,0,0,0,0,0,0,0,1,0
-0.44575020596348647,1.1657772395230555,0.0,0.0,0.0,0.0,1.0,1.0,0.0,0.0,1,0,1,0,0,1,1,1,1,0,0,0,0
-0.6351950639824246,-1.0738427650786138,0.0,0.0,0.0,0.0,0.0,0.0,0.0,1.0,1,0,0,0,0,0,0,0,0,0,0,1,0
0.682609957149311,-0.015113308357824713,1.0,1.0,0.0,0.0,0.0,0.0,1.0,0.0,1,1,0,1,0,0,0,0,0,0,1,1,1
0.7241548821534641,-0.055833672077855064,0.0,1.0,0.0,0.0,0.0,1.0,0.0,0.0,0,0,1,1,0,0,0,0,1,1,1,1,0
0.3020584441112687,-0.5444780367182193,1.0,1.0,0.0,0.0,0.0,1.0,0.0,0.0,0,0,0,0,0,1,0,0,0,1,1,1,0
-1.477726143066649,1.6137012404433893,1.0,0.0,1.0,0.0,1.0,0.0,0.0,0.0,1,0,1,0,0,0,0,0,0,0,0,1,0
-0.3510277769540174,-0.015113308357824713,0.0,0.0,0.0,0.0,0.0,0.0,1.0,0.0,0,0,0,1,0,1,0,0,0,1,0,1,0
0.8604222361670865,1.3286586944031769,1.0,1.0,0.0,0.0,0.0,0.0,1.0,0.0,1,1,0,1,0,1,0,0,0,1,0,1,0
-0.4607063789649817,0.5142514200025698,0.0,0.0,0.0,0.0,0.0,0.0,0.0,0.0,1,1,1,0,1,0,0,0,1,1,0,0,0
-1.3198554280508674,0.3920903288424788,1.0,0.0,1.0,1.0,0.0,0.0,1.0,0.0,0,0,0,1,0,0,0,0,0,0,0,1,0
0.33529438411459117,-0.9924020376385531,1.0,1.0,0.0,0.0,0.0,0.0,1.0,0.0,0,0,0,1,0,0,0,0,0,1,0,1,0
-1.4710789550659844,-0.015113308357824713,1.0,0.0,1.0,0.0,1.0,0.0,0.0,1.0,0,0,1,0,0,0,0,0,0,0,0,1,0
-0.04027173792295256,-0.4223169455581282,0.0,0.0,0.0,0.0,0.0,0.0,0.0,1.0,1,0,0,1,1,1,0,1,0,1,0,1,1
-0.6617838159850825,1.002895784642934,1.0,0.0,0.0,0.0,0.0,0.0,1.0,0.0,1,1,0,0,0,0,0,0,1,1,1,0,1
-0.5587524019747828,-1.2774445836787656,1.0,0.0,0.0,0.0,0.0,0.0,1.0,0.0,0,0,0,0,1,0,0,0,0,0,0,1,0
-0.6534748309842519,-1.2774445836787656,1.0,0.0,0.0,0.0,0.0,0.0,1.0,0.0,0,0,0,0,0,0,0,0,0,0,1,1,1
-0.6567984249845842,-1.2774445836787656,0.0,0.0,0.0,0.0,0.0,0.0,1.0,0.0,1,0,0,0,0,0,0,0,0,1,0,1,0
1.0382345151848615,-0.3408762181180675,1.0,1.0,0.0,0.0,0.0,0.0,1.0,0.0,0,1,0,0,0,0,0,1,1,1,1,1,0
-1.4860351280674797,-1.2774445836787656,1.0,0.0,1.0,0.0,0.0,0.0,0.0,0.0,0,0,0,0,0,0,0,0,0,0,1,1,0
0.8404806721650927,0.880734693482843,1.0,1.0,0.0,0.0,0.0,0.0,1.0,0.0,0,1,0,1,0,1,0,0,0,1,0,1,1
-1.3115464430500368,-1.1552834925186746,0.0,0.0,1.0,0.0,1.0,1.0,0.0,0.0,0,0,0,1,0,0,0,0,0,1,0,1,0
1.4586691562268908,1.3286586944031769,1.0,1.0,0.0,0.0,1.0,0.0,0.0,0.0,1,1,1,1,1,0,1,1,1,0,1,1,0
-1.3447823830533592,0.9621754209229036,0.0,0.0,1.0,1.0,0.0,0.0,1.0,0.0,1,0,0,1,0,0,0,0,0,0,0,1,0
0.3718539181182462,0.5142514200025698,1.0,0.0,0.0,0.0,0.0,0.0,1.0,0.0,0,1,0,0,1,0,1,0,1,1,0,1,0
-1.4976677070686424,1.5729808767233588,0.0,0.0,1.0,0.0,1.0,1.0,0.0,0.0,1,0,1,0,0,0,0,0,0,0,0,1,0
0.05445069108651675,1.0843365120829946,1.0,0.0,0.0,1.0,0.0,1.0,0.0,0.0,1,0,0,0,1,1,1,0,1,0,0,1,0
-0.9642308700153169,1.4915401492832983,1.0,0.0,0.0,1.0,0.0,0.0,0.0,0.0,0,0,0,0,0,1,1,0,0,1,0,0,0
-1.5275800530716328,-0.5444780367182193,1.0,0.0,1.0,1.0,0.0,0.0,0.0,1.0,0,0,0,0,0,0,0,0,0,0,0,1,0
-1.5076384890696393,0.9214550572028734,0.0,0.0,1.0,0.0,1.0,1.0,0.0,0.0,1,0,1,0,0,0,0,0,0,0,0,1,0
-1.5109620830699715,0.22920887396235737,0.0,0.0,1.0,1.0,0.0,0.0,0.0,1.0,0,0,0,0,0,0,0,0,0,0,0,1,0
-0.6385186579827569,-0.9109613101984924,1.0,0.0,0.0,0.0,0.0,0.0,1.0,0.0,0,0,0,0,0,0,0,0,0,1,1,1,0
0.08934842809000525,0.5956921474426305,0.0,0.0,0.0,0.0,0.0,1.0,0.0,0.0,1,0,0,1,1,1,1,0,0,1,0,1,1
-0.9858342310174765,-1.2367242199587352,0.0,0.0,0.0,0.0,0.0,0.0,1.0,0.0,1,1,0,0,0,0,0,0,0,1,1,0,0
-0.6169152969805971,-1.2774445836787656,1.0,0.0,0.0,0.0,0.0,1.0,0.0,0.0,0,0,0,0,0,0,0,0,0,0,1,1,0
-0.6518130339840859,-1.2774445836787656,0.0,0.0,0.0,0.0,0.0,0.0,1.0,0.0,0,0,0,0,0,0,0,0,0,0,1,1,0
-0.7132995229902325,-1.2774445836787656,1.0,0.0,0.0,0.0,0.0,0.0,1.0,0.0,0,1,0,0,0,1,1,0,0,1,1,0,1
-1.4843733310673135,0.5549717837226001,1.0,0.0,1.0,0.0,1.0,0.0,0.0,1.0,1,0,1,0,0,0,0,0,0,1,0,1,0
-0.2529817539442163,0.22920887396235737,0.0,0.0,0.0,0.0,0.0,1.0,0.0,0.0,0,0,0,0,1,1,0,0,0,1,1,1,1
-0.19481885893840195,1.3286586944031769,0.0,0.0,0.0,0.0,1.0,1.0,0.0,0.0,1,0,0,0,1,0,1,1,0,0,0,1,0
0.2804550831091094,-0.5444780367182193,0.0,1.0,0.0,0.0,0.0,0.0,1.0,0.0,1,0,0,0,1,0,0,0,0,1,1,1,0
0.684271754149477,0.7992939660427822,1.0,1.0,0.0,0.0,0.0,0.0,1.0,0.0,0,1,0,0,0,1,0,0,0,1,1,1,0
-1.505976692069473,1.5729808767233588,1.0,0.0,1.0,0.0,1.0,0.0,0.0,1.0,1,0,1,0,0,0,0,0,0,0,0,1,0
-0.6252242819814278,-1.2774445836787656,0.0,0.0,0.0,0.0,0.0,0.0,0.0,1.0,0,0,0,0,0,0,0,0,0,0,1,1,0
-0.4740007549663106,0.7992939660427822,0.0,0.0,0.0,0.0,0.0,0.0,1.0,0.0,0,0,0,0,0,1,1,1,1,1,0,0,1
-1.3181936310507012,-1.0738427650786138,1.0,0.0,1.0,1.0,0.0,0.0,0.0,1.0,1,0,0,1,0,0,0,0,0,0,0,1,0
-0.1349941669324214,-0.2594354906780068,0.0,0.0,0.0,1.0,0.0,0.0,0.0,1.0,1,1,0,0,0,0,1,0,0,0,0,1,1
1.1379423351948288,0.6364125111626608,1.0,1.0,0.0,1.0,0.0,0.0,1.0,0.0,0,1,0,1,0,1,0,0,1,1,0,1,1
1.3174164112127704,1.2879383306831464,0.0,1.0,0.0,1.0,0.0,0.0,0.0,0.0,1,1,1,1,1,0,0,1,1,1,0,1,0
0.6310942501441613,-1.1960038562387048,0.0,1.0,0.0,0.0,0.0,0.0,1.0,0.0,0,0,0,0,0,1,0,0,1,0,1,1,0
-0.6883725679877406,-1.2774445836787656,1.0,0.0,0.0,0.0,0.0,0.0,0.0,0.0,0,0,0,0,0,0,0,0,0,1,0,1,0
-1.3514295710540236,1.6137012404433893,1.0,0.0,1.0,0.0,1.0,1.0,0.0,0.0,1,0,1,1,0,0,0,0,0,0,0,1,0
-0.6385186579827569,-1.2774445836787656,1.0,0.0,0.0,0.0,0.0,0.0,0.0,1.0,0,0,0,0,0,0,0,0,0,1,0,1,0
0.9651154471775519,0.758573602322752,0.0,1.0,0.0,0.0,0.0,0.0,1.0,0.0,1,1,1,1,1,1,0,0,0,1,0,1,0
-1.4976677070686424,0.35136996512244845,0.0,0.0,1.0,0.0,1.0,0.0,0.0,0.0,1,0,1,0,0,0,0,0,0,0,0,1,0
0.19570343610063723,1.6137012404433893,0.0,0.0,0.0,0.0,1.0,1.0,0.0,0.0,1,0,1,0,1,1,1,0,1,1,0,1,0
0.720831288153132,0.43281069256250915,0.0,0.0,0.0,0.0,1.0,1.0,0.0,0.0,1,1,0,1,1,1,0,1,1,0,0,1,0
1.639805029244998,1.6137012404433893,1.0,1.0,0.0,0.0,1.0,1.0,0.0,0.0,1,1,0,1,1,1,1,1,1,1,0,1,0
1.0116457631822036,0.5956921474426305,1.0,1.0,0.0,1.0,0.0,1.0,0.0,0.0,1,1,0,1,0,0,0,0,1,1,0,1,0
0.7906267621601091,1.6137012404433893,1.0,0.0,0.0,0.0,1.0,1.0,0.0,0.0,0,1,0,1,1,1,1,1,1,0,0,1,0
-1.462769970065154,-1.1960038562387048,1.0,0.0,1.0,0.0,0.0,1.0,0.0,0.0,0,0,0,0,0,0,0,0,0,1,0,1,0
0.17576187209864347,-1.2774445836787656,1.0,1.0,0.0,0.0,0.0,0.0,1.0,0.0,0,0,0,0,0,0,0,0,0,1,1,1,0
0.7058751151516368,-1.2367242199587352,1.0,1.0,0.0,0.0,0.0,0.0,1.0,0.0,0,1,0,1,0,0,0,0,0,1,1,1,0
-0.6684310039857471,-0.2594354906780068,1.0,0.0,0.0,0.0,0.0,0.0,0.0,0.0,0,1,0,0,1,1,0,0,0,1,0,0,0
-0.15161213693408263,-0.13727439951791576,1.0,0.0,0.0,0.0,0.0,0.0,0.0,1.0,1,1,1,0,1,0,0,0,0,1,0,1,0
1.1877962451998125,0.10704778280226633,0.0,1.0,0.0,0.0,0.0,0.0,0.0,0.0,1,0,0,1,1,1,0,1,1,1,1,1,1
-0.3094828519498643,-0.21871512695797646,1.0,0.0,0.0,1.0,0.0,0.0,0.0,0.0,0,0,0,0,1,1,0,0,0,0,0,1,0
0.18407085709947407,-0.3408762181180675,1.0,0.0,0.0,0.0,0.0,1.0,0.0,0.0,1,1,1,0,1,1,0,1,0,1,0,1,0
-0.14496494893341827,1.4100994218432374,1.0,0.0,0.0,0.0,1.0,0.0,0.0,0.0,1,0,1,0,1,0,1,1,0,1,0,1,0
0.2621753161072821,-0.6666391278783103,0.0,1.0,0.0,0.0,0.0,0.0,1.0,0.0,0,0,0,1,0,0,0,0,0,0,1,1,0
-0.29785027294870164,-0.38159658183809786,0.0,0.0,0.0,1.0,0.0,0.0,0.0,0.0,0,0,0,0,0,1,1,0,0,0,0,1,0
-1.1187779910307663,-0.748079855318371,1.0,0.0,0.0,0.0,0.0,0.0,0.0,1.0,0,0,0,0,0,1,0,0,0,1,0,0,0
-1.4544609850643233,-1.2774445836787656,0.0,0.0,1.0,0.0,0.0,0.0,1.0,0.0,1,0,1,0,0,0,0,0,0,1,1,1,0
-0.6534748309842519,-1.2774445836787656,0.0,0.0,0.0,0.0,0.0,0.0,0.0,1.0,0,0,0,0,0,0,0,0,0,0,1,1,1
-0.4590445819648154,-1.1552834925186746,1.0,0.0,0.0,0.0,0.0,1.0,0.0,0.0,0,1,0,0,0,1,0,0,1,1,0,0,1
0.14418772909548702,-0.6666391278783103,1.0,0.0,0.0,0.0,0.0,0.0,1.0,0.0,0,1,1,1,1,1,0,0,0,1,0,1,0
-0.6916961619880726,0.5549717837226001,0.0,0.0,0.0,0.0,0.0,0.0,1.0,0.0,1,1,0,0,0,0,0,0,1,1,0,0,0
0.722493085153298,1.4508197855632678,1.0,0.0,0.0,0.0,1.0,0.0,0.0,0.0,0,1,1,1,1,1,0,1,1,1,0,1,0
0.1724382780983114,0.22920887396235737,1.0,0.0,0.0,0.0,0.0,0.0,1.0,0.0,0,0,0,1,1,1,1,1,0,0,0,1,0
-0.4773243489666429,-0.0965540357978854,1.0,0.0,0.0,0.0,0.0,0.0,0.0,0.0,1,0,0,0,0,1,0,0,0,1,1,1,1
0.47156173812821356,-1.1145631287986442,0.0,1.0,0.0,0.0,0.0,0.0,1.0,0.0,0,1,0,0,0,0,0,0,0,0,1,1,1
0.8703930181680831,-0.62591876415828,1.0,1.0,0.0,0.0,0.0,1.0,0.0,0.0,0,1,0,0,0,1,1,0,0,1,0,1,0
-1.491020519067978,-1.1552834925186746,1.0,0.0,1.0,0.0,1.0,0.0,0.0,1.0,1,0,1,0,0,0,0,0,0,0,0,1,0
-1.4827115340671475,-0.8295205827584317,0.0,0.0,1.0,1.0,0.0,0.0,1.0,0.0,0,0,0,0,0,0,0,0,0,0,0,1,0
0.85876043916692,1.6137012404433893,1.0,0.0,0.0,0.0,1.0,1.0,0.0,0.0,1,1,1,1,1,1,1,1,1,1,0,1,0
0.9052907551715716,-1.1960038562387048,1.0,1.0,0.0,0.0,0.0,0.0,1.0,0.0,0,1,0,0,0,0,0,0,1,1,0,1,0
0.9867188081797118,0.9621754209229036,1.0,1.0,0.0,0.0,0.0,0.0,1.0,0.0,0,1,0,1,0,1,0,1,0,1,1,1,0
-1.3265026160515319,0.35136996512244845,0.0,0.0,1.0,1.0,0.0,0.0,0.0,1.0,0,0,0,1,0,0,0,0,0,1,0,1,0
-0.9559218850144864,0.3106496014024181,1.0,0.0,0.0,1.0,0.0,1.0,0.0,0.0,0,0,0,0,0,1,0,1,0,0,0,0,0
0.45660556512671835,-1.0331224013585834,0.0,0.0,0.0,0.0,0.0,0.0,1.0,0.0,0,1,0,0,1,1,0,1,1,1,0,1,0
-1.4893587220678117,1.4915401492832983,1.0,0.0,1.0,0.0,1.0,1.0,0.0,0.0,0,0,0,0,0,0,0,0,0,0,0,1,0
-1.4660935640654862,-1.0331224013585834,1.0,0.0,1.0,1.0,0.0,0.0,0.0,1.0,1,0,1,0,0,0,0,0,0,0,0,1,0
-1.1387195550327598,-1.1145631287986442,0.0,0.0,0.0,0.0,0.0,0.0,1.0,0.0,1,0,1,0,0,1,0,0,0,1,0,0,0
1.3739175092184182,1.6137012404433893,0.0,1.0,0.0,0.0,1.0,1.0,0.0,0.0,1,0,1,1,1,1,1,1,1,0,0,1,0
-1.4710789550659844,0.47353105628253944,1.0,0.0,1.0,1.0,0.0,0.0,0.0,0.0,1,0,1,0,0,0,0,0,0,1,0,1,0
1.0216165451832002,1.3286586944031769,0.0,1.0,0.0,1.0,0.0,0.0,1.0,0.0,0,0,0,1,0,1,1,0,1,1,0,1,0
-0.005374000919464063,-1.1960038562387048,0.0,0.0,0.0,0.0,0.0,0.0,1.0,0.0,0,0,0,1,0,0,0,1,1,0,0,1,0
-0.45405919096431707,-0.3408762181180675,1.0,0.0,0.0,0.0,0.0,1.0,0.0,0.0,0,0,0,0,0,0,0,1,0,1,0,1,0
0.6659919871476498,0.47353105628253944,0.0,1.0,0.0,0.0,0.0,0.0,0.0,0.0,0,0,0,1,0,1,1,0,0,1,1,1,0
0.8089065291619363,1.6137012404433893,0.0,0.0,0.0,0.0,1.0,1.0,0.0,0.0,1,1,0,1,1,1,1,1,1,0,0,1,1
-0.32610082195152557,-0.3408762181180675,1.0,0.0,0.0,0.0,0.0,0.0,1.0,0.0,0,0,0,0,1,0,0,1,0,0,0,1,0
-0.4607063789649817,-1.2774445836787656,1.0,0.0,0.0,0.0,0.0,0.0,0.0,1.0,0,0,0,0,0,0,1,0,0,0,1,1,0
-1.4727407520661506,-0.4223169455581282,1.0,0.0,1.0,0.0,0.0,0.0,0.0,0.0,1,0,0,0,0,0,0,0,0,1,0,1,0
0.7042133181514708,1.5322605130033284,1.0,0.0,0.0,0.0,1.0,1.0,0.0,0.0,1,1,1,1,0,1,1,1,1,1,0,1,0
-0.1466267459335843,-0.30015585439803716,1.0,0.0,0.0,0.0,0.0,0.0,1.0,0.0,1,0,1,1,0,0,0,0,1,0,0,1,0
-1.4943441130683104,0.18848851024232702,1.0,0.0,1.0,0.0,1.0,0.0,0.0,0.0,1,0,1,0,0,0,0,0,0,0,0,1,0
0.684271754149477,-0.4223169455581282,0.0,1.0,0.0,0.0,0.0,0.0,0.0,0.0,1,0,1,1,0,0,0,0,1,0,0,1,1
0.2438955491054544,1.0843365120829946,0.0,0.0,0.0,0.0,1.0,0.0,0.0,0.0,1,0,1,1,0,0,1,1,1,1,0,1,0
1.1645310871974868,0.6771328748826912,1.0,1.0,0.0,0.0,0.0,0.0,1.0,0.0,1,1,1,1,0,0,1,0,1,1,1,1,0
1.4154624342225712,0.5956921474426305,1.0,1.0,0.0,0.0,0.0,0.0,0.0,0.0,1,1,1,1,0,0,1,1,1,1,1,1,0
-1.502653098069141,-0.055833672077855064,0.0,0.0,1.0,0.0,0.0,0.0,0.0,1.0,1,0,1,0,0,0,0,0,0,1,1,1,0
0.5413572121351905,-1.2774445836787656,1.0,1.0,0.0,0.0,0.0,0.0,1.0,0.0,1,1,1,0,0,0,0,0,0,1,0,1,0
-1.4710789550659844,-1.1960038562387048,1.0,0.0,1.0,0.0,0.0,0.0,1.0,0.0,0,0,0,0,0,0,0,0,0,1,0,1,0
1.5633623672373562,0.8400143297628127,0.0,1.0,0.0,1.0,0.0,0.0,0.0,0.0,1,1,0,1,0,1,1,1,1,1,0,1,0
-1.481049737066981,-1.2774445836787656,1.0,0.0,1.0,0.0,0.0,0.0,0.0,1.0,0,0,0,0,0,0,0,0,0,0,0,1,0
-1.4976677070686424,-0.5037576729981889,1.0,0.0,1.0,1.0,0.0,0.0,0.0,1.0,0,0,0,0,0,0,0,0,0,1,0,1,0
0.47654712912871167,-1.1960038562387048,0.0,1.0,0.0,0.0,0.0,0.0,1.0,0.0,0,0,0,0,1,1,0,0,0,1,1,1,0
-1.4926823160681442,0.758573602322752,0.0,0.0,1.0,1.0,0.0,0.0,0.0,0.0,0,0,0,0,0,0,0,0,0,1,0,1,0
-0.14164135493308597,0.758573602322752,0.0,0.0,0.0,1.0,0.0,0.0,0.0,0.0,1,0,0,0,1,1,0,1,0,1,0,1,0
-1.502653098069141,-0.7888002190384014,0.0,0.0,1.0,0.0,1.0,0.0,0.0,1.0,1,0,1,0,0,0,0,0,0,0,0,1,0
-1.4577845790646555,-1.2774445836787656,0.0,0.0,1.0,0.0,0.0,0.0,0.0,1.0,0,0,0,0,0,0,0,0,0,0,0,1,0
-1.4527991880641573,-1.2774445836787656,1.0,0.0,1.0,0.0,0.0,0.0,0.0,1.0,0,0,1,0,0,0,0,0,0,1,0,1,0
0.22395398510346112,1.247217966963116,1.0,0.0,0.0,1.0,0.0,0.0,1.0,0.0,0,0,0,1,1,1,1,1,0,0,0,1,0
-0.33607160395252245,-1.1960038562387048,1.0,0.0,0.0,0.0,0.0,0.0,0.0,1.0,0,1,0,0,0,0,0,0,0,0,0,1,0
-1.5142856770703037,0.5549717837226001,1.0,0.0,1.0,0.0,1.0,1.0,0.0,0.0,0,0,0,0,0,0,0,0,0,0,0,1,0
-0.4972659129686364,-1.2774445836787656,1.0,0.0,0.0,0.0,0.0,1.0,0.0,0.0,0,0,0,1,0,0,0,0,0,1,0,1,0
-1.304899255049372,-0.9924020376385531,1.0,0.0,0.0,0.0,0.0,0.0,0.0,1.0,0,0,1,0,0,0,0,0,0,0,1,0,0
-1.4710789550659844,1.5729808767233588,0.0,0.0,1.0,0.0,1.0,0.0,0.0,0.0,1,0,1,0,0,0,0,0,0,0,0,1,0
0.8521132511662559,0.9214550572028734,1.0,1.0,0.0,0.0,0.0,1.0,0.0,0.0,1,0,1,1,0,0,1,0,1,1,0,1,0
0.8471278601657574,1.5322605130033284,0.0,1.0,0.0,1.0,0.0,0.0,0.0,0.0,0,0,0,1,0,1,1,1,0,1,0,1,0
0.531386430134194,-1.2367242199587352,0.0,1.0,0.0,0.0,0.0,0.0,1.0,0.0,0,1,0,0,0,0,0,0,0,0,1,1,0
1.3240635992134344,1.4100994218432374,1.0,1.0,0.0,0.0,1.0,0.0,0.0,0.0,1,1,1,1,1,0,0,1,1,0,0,1,0
0.9003053641710731,1.3286586944031769,1.0,1.0,0.0,0.0,0.0,0.0,0.0,0.0,1,0,0,1,0,1,0,0,1,1,1,1,0
-0.48397153696730727,-0.748079855318371,1.0,0.0,0.0,0.0,0.0,1.0,0.0,0.0,1,0,0,0,0,0,1,0,0,0,0,1,0
1.0216165451832002,-0.5037576729981889,0.0,1.0,0.0,0.0,0.0,0.0,0.0,0.0,1,1,1,1,0,0,1,1,0,1,0,1,0
0.35191235411625243,-1.2774445836787656,1.0,1.0,0.0,0.0,0.0,0.0,1.0,0.0,0,0,1,0,0,1,0,0,0,1,1,1,0
0.35523594811658493,-1.2774445836787656,1.0,1.0,0.0,0.0,0.0,0.0,1.0,0.0,0,0,0,1,0,0,0,0,0,1,1,1,0
1.0182929511828682,0.6771328748826912,0.0,1.0,0.0,0.0,0.0,0.0,0.0,0.0,1,1,1,1,0,0,0,0,1,1,0,1,0
1.2143849972024705,1.6137012404433893,0.0,1.0,0.0,0.0,1.0,0.0,0.0,0.0,0,0,0,1,1,1,1,0,1,1,0,1,0
-0.3875873109576722,0.5549717837226001,0.0,0.0,0.0,0.0,0.0,0.0,1.0,0.0,1,0,0,1,1,0,0,0,0,0,0,1,0
0.6676537841478158,-0.3408762181180675,1.0,1.0,0.0,0.0,0.0,0.0,0.0,0.0,0,0,0,1,0,1,1,0,0,1,0,1,0
-1.0140847800203006,-1.1145631287986442,0.0,0.0,0.0,0.0,0.0,0.0,1.0,0.0,1,0,1,0,0,1,0,1,0,0,0,0,0
0.7922885591602751,0.025607055362205634,0.0,1.0,0.0,0.0,0.0,1.0,0.0,0.0,1,0,1,1,0,1,1,1,0,0,0,1,0
-0.15327393393424887,0.3920903288424788,0.0,0.0,0.0,1.0,0.0,0.0,0.0,0.0,0,0,0,1,1,1,0,0,0,1,0,1,0
1.1695164781979852,-0.38159658183809786,1.0,1.0,0.0,1.0,0.0,1.0,0.0,0.0,0,1,0,0,1,0,1,0,1,1,0,1,0
0.19736523310080326,-0.9924020376385531,1.0,1.0,0.0,0.0,0.0,0.0,0.0,0.0,0,0,0,0,0,0,0,0,0,0,0,1,0
-0.3310862129520241,1.369379058123207,1.0,0.0,0.0,1.0,0.0,0.0,0.0,1.0,0,0,0,0,1,1,0,0,0,1,0,1,0
-0.5055748979694671,-0.3408762181180675,1.0,0.0,0.0,0.0,0.0,0.0,0.0,0.0,0,0,0,0,1,0,0,0,0,1,1,1,0
-0.3310862129520241,-0.3408762181180675,1.0,0.0,0.0,0.0,0.0,1.0,0.0,0.0,0,0,0,1,0,1,0,0,0,0,0,1,1
0.4599291591270504,1.4915401492832983,1.0,0.0,0.0,1.0,0.0,1.0,0.0,0.0,0,1,0,1,1,1,1,1,0,1,1,1,0
1.1811490571991479,0.8400143297628127,0.0,1.0,0.0,1.0,0.0,0.0,0.0,1.0,0,1,0,0,0,1,1,0,1,1,0,1,0
-0.3709693409560109,1.125056875803025,0.0,0.0,0.0,0.0,1.0,0.0,1.0,0.0,0,1,0,0,1,0,1,0,1,0,0,0,0
0.5430190091353566,-1.0331224013585834,0.0,1.0,0.0,0.0,0.0,0.0,1.0,0.0,1,0,0,0,0,0,0,0,1,1,1,1,0
-1.5093002860698053,-0.5037576729981889,0.0,0.0,1.0,1.0,0.0,1.0,0.0,0.0,0,0,0,0,0,0,0,0,0,1,0,1,0
0.6925807391503077,-0.38159658183809786,0.0,1.0,0.0,0.0,0.0,0.0,1.0,0.0,1,1,1,1,0,0,0,0,0,0,0,1,0
0.53304822713436,1.6137012404433893,1.0,0.0,0.0,0.0,1.0,0.0,1.0,0.0,1,1,1,0,1,0,1,1,1,1,0,1,0
0.3386179781149237,-0.8702409464784621,1.0,1.0,0.0,0.0,0.0,0.0,1.0,0.0,1,0,0,1,0,0,0,0,0,1,1,1,0
-1.5009913010689746,-0.46303730927815856,1.0,0.0,1.0,0.0,1.0,0.0,0.0,1.0,0,0,0,0,0,0,0,0,0,0,0,1,0
0.9568064621767214,-1.2774445836787656,1.0,1.0,0.0,0.0,0.0,0.0,1.0,0.0,0,1,0,1,0,0,0,0,1,1,1,1,1
0.8620840331672525,-0.055833672077855064,1.0,1.0,0.0,0.0,0.0,0.0,1.0,0.0,0,0,0,1,0,1,0,0,1,1,0,1,1
0.1657910900976468,1.002895784642934,0.0,0.0,0.0,0.0,1.0,0.0,0.0,1.0,0,0,0,0,0,1,1,1,1,0,0,1,0
-1.4876969250676457,0.5142514200025698,0.0,0.0,1.0,0.0,1.0,0.0,0.0,0.0,1,0,1,0,0,0,0,0,0,1,0,1,0
1.0133075601823696,-0.9109613101984924,1.0,1.0,0.0,0.0,0.0,0.0,1.0,0.0,0,1,0,1,0,1,1,0,0,1,0,1,0
1.2409737492051283,1.0436161483629645,0.0,1.0,0.0,0.0,0.0,1.0,0.0,0.0,1,1,0,1,0,0,1,1,1,1,1,1,0
-1.4893587220678117,-0.748079855318371,1.0,0.0,1.0,0.0,0.0,0.0,0.0,1.0,0,0,1,0,0,0,0,0,0,0,0,1,0
0.534710024134526,-0.21871512695797646,1.0,0.0,0.0,1.0,0.0,0.0,0.0,1.0,1,1,0,1,1,0,0,1,1,0,0,1,0
0.8687312211679171,-0.748079855318371,0.0,1.0,0.0,0.0,0.0,0.0,0.0,0.0,1,1,1,1,0,1,0,0,0,1,1,1,0
-1.181926277037079,-0.8295205827584317,0.0,0.0,0.0,0.0,0.0,0.0,0.0,1.0,1,0,1,0,0,1,0,0,0,0,1,0,0
0.9484974771758907,1.4915401492832983,0.0,1.0,0.0,0.0,1.0,0.0,0.0,0.0,1,1,1,1,0,1,0,1,0,1,0,1,0
0.8105683261621028,-0.30015585439803716,0.0,1.0,0.0,0.0,0.0,0.0,0.0,0.0,1,0,1,0,0,1,1,0,1,1,1,1,0
1.465316344227555,1.0436161483629645,1.0,1.0,0.0,1.0,0.0,0.0,1.0,0.0,1,1,0,1,1,1,1,0,1,1,1,1,1
-0.6119299059800988,0.10704778280226633,0.0,0.0,0.0,0.0,1.0,1.0,0.0,0.0,1,0,1,0,1,0,0,1,1,1,0,0,0
0.6643301901474837,-0.6666391278783103,0.0,1.0,0.0,0.0,0.0,0.0,1.0,0.0,0,0,0,1,0,0,0,0,1,1,1,1,1
0.464914550127549,0.5142514200025698,1.0,0.0,0.0,1.0,0.0,1.0,0.0,0.0,1,1,1,1,0,1,1,0,1,0,0,1,0
0.6244470621434968,-0.62591876415828,0.0,1.0,0.0,0.0,0.0,0.0,1.0,0.0,0,0,0,0,0,1,0,0,1,1,0,1,0
-0.6335332669822583,-1.2774445836787656,0.0,0.0,0.0,0.0,0.0,0.0,1.0,0.0,1,0,1,0,0,0,0,0,0,1,1,1,0
-1.5009913010689746,-0.4223169455581282,1.0,0.0,1.0,1.0,0.0,0.0,0.0,1.0,0,0,0,0,0,0,0,0,0,0,0,1,0
0.1724382780983114,-1.2774445836787656,0.0,1.0,0.0,0.0,0.0,0.0,1.0,0.0,0,0,0,0,0,0,0,0,0,1,1,1,1
0.10264280409133394,1.4100994218432374,1.0,0.0,0.0,0.0,1.0,0.0,0.0,1.0,1,1,1,0,1,0,1,1,0,0,0,1,0
1.3589613362169235,1.4100994218432374,0.0,1.0,0.0,0.0,1.0,0.0,0.0,0.0,1,1,1,1,0,0,1,1,1,1,0,1,0
-0.6700928009859131,-1.2367242199587352,0.0,0.0,0.0,0.0,0.0,0.0,1.0,0.0,1,1,0,0,0,0,0,0,1,0,1,0,0
0.3386179781149237,-0.38159658183809786,1.0,1.0,0.0,0.0,0.0,0.0,1.0,0.0,0,0,0,1,0,0,0,0,0,1,1,1,0
0.356897745116751,-0.9516816739185228,0.0,1.0,0.0,0.0,0.0,1.0,0.0,0.0,0,0,0,0,0,0,1,0,0,0,0,1,1
-1.4827115340671475,-1.1145631287986442,0.0,0.0,1.0,0.0,0.0,0.0,0.0,1.0,0,0,0,0,0,0,0,0,0,0,0,1,0
-0.6501512369839195,0.880734693482843,1.0,0.0,0.0,0.0,1.0,1.0,0.0,0.0,0,0,0,0,1,0,0,1,1,0,0,0,0
1.0133075601823696,1.002895784642934,0.0,1.0,0.0,0.0,1.0,0.0,1.0,0.0,0,1,0,0,0,0,1,0,1,1,1,1,0
0.8338334841644282,-0.3408762181180675,1.0,1.0,0.0,0.0,0.0,0.0,0.0,1.0,0,0,0,1,0,0,1,0,1,1,1,1,0
1.1861344481996465,0.6771328748826912,0.0,1.0,0.0,1.0,0.0,0.0,0.0,1.0,1,1,1,1,0,1,0,0,1,0,1,1,0
-0.5853411539774409,-1.1145631287986442,1.0,0.0,0.0,0.0,0.0,0.0,1.0,0.0,0,0,0,1,0,0,0,0,0,0,1,1,0
0.5131066631323666,-1.2367242199587352,1.0,1.0,0.0,0.0,0.0,0.0,1.0,0.0,0,1,0,0,0,0,0,0,0,1,1,1,0
0.7424346491552913,-1.1552834925186746,0.0,1.0,0.0,0.0,0.0,0.0,0.0,1.0,0,0,1,1,0,0,1,1,0,1,1,1,0
0.4815325201292102,1.5322605130033284,1.0,0.0,0.0,0.0,1.0,0.0,0.0,0.0,1,0,1,1,1,1,1,1,1,1,0,1,0
0.37019212111808014,-1.1145631287986442,1.0,1.0,0.0,0.0,0.0,0.0,0.0,0.0,0,0,0,1,0,0,0,0,0,1,1,1,0
0.6959043331506402,0.8400143297628127,1.0,0.0,0.0,0.0,0.0,0.0,1.0,0.0,1,1,1,1,1,0,1,1,1,0,0,1,0
1.1296333501939984,0.5956921474426305,0.0,1.0,0.0,0.0,0.0,0.0,1.0,0.0,1,0,0,1,1,1,1,0,1,1,1,1,0
-1.4843733310673135,-0.055833672077855064,0.0,0.0,1.0,1.0,0.0,1.0,0.0,0.0,0,0,1,0,0,0,0,0,0,0,0,1,0
-0.09843463292876686,-0.7888002190384014,1.0,0.0,0.0,0.0,0.0,0.0,0.0,0.0,1,0,1,0,0,1,1,1,0,0,0,1,0
-0.49394231896830415,-0.1779947632379461,0.0,0.0,0.0,0.0,0.0,0.0,0.0,1.0,1,0,1,1,0,0,0,0,0,0,0,1,0
0.720831288153132,-0.9109613101984924,0.0,1.0,0.0,0.0,0.0,0.0,1.0,0.0,0,1,0,1,0,0,0,0,0,0,1,1,0
-1.4744025490663168,0.22920887396235737,1.0,0.0,1.0,0.0,1.0,0.0,0.0,0.0,1,0,0,0,0,0,0,0,0,0,0,1,0
-0.6468276429835875,-1.2774445836787656,0.0,0.0,0.0,0.0,0.0,0.0,0.0,1.0,0,0,0,0,0,0,0,0,0,1,1,1,0
1.3074456292117733,1.4100994218432374,1.0,1.0,0.0,1.0,0.0,0.0,1.0,0.0,1,1,0,1,0,1,1,0,1,0,1,1,0
0.35357415111641893,0.7992939660427822,1.0,0.0,0.0,1.0,0.0,0.0,0.0,1.0,1,1,0,0,1,1,0,0,1,1,0,1,0
1.4420511862252297,1.2064976032430856,1.0,1.0,0.0,0.0,1.0,0.0,0.0,1.0,1,1,1,0,1,1,1,1,1,0,0,1,0
0.7141841001524675,-0.6666391278783103,0.0,1.0,0.0,0.0,0.0,0.0,1.0,0.0,0,1,0,0,0,1,0,0,0,1,0,1,0
0.5396954151350245,-1.1145631287986442,0.0,1.0,0.0,0.0,0.0,0.0,1.0,0.0,1,0,0,1,0,1,0,0,0,1,1,1,1
1.0282637331838649,-0.8295205827584317,1.0,1.0,0.0,1.0,0.0,0.0,1.0,0.0,0,1,0,0,0,0,1,0,1,0,0,1,0
1.7312038642541347,1.6137012404433893,0.0,1.0,0.0,0.0,1.0,0.0,0.0,0.0,1,1,1,1,1,1,1,1,1,1,0,1,0
1.3622849302172555,1.5729808767233588,1.0,1.0,0.0,1.0,0.0,0.0,0.0,0.0,0,1,0,1,0,1,0,1,1,0,0,1,1
-1.4827115340671475,-0.3408762181180675,0.0,0.0,1.0,1.0,0.0,0.0,0.0,1.0,1,0,0,0,0,0,0,0,0,0,0,1,0
-1.5009913010689746,-0.7073594915983407,0.0,0.0,1.0,0.0,1.0,0.0,0.0,1.0,0,0,0,0,0,0,0,0,0,0,0,1,0
0.85876043916692,1.4100994218432374,1.0,1.0,0.0,1.0,0.0,1.0,0.0,0.0,1,1,0,0,1,1,0,0,0,1,1,1,0
-0.12668518193159078,-1.2367242199587352,1.0,0.0,0.0,0.0,0.0,0.0,0.0,0.0,0,0,1,1,1,1,0,0,0,0,0,1,0
-1.3198554280508674,-1.1145631287986442,0.0,0.0,0.0,0.0,0.0,0.0,0.0,1.0,1,0,1,0,0,0,0,0,0,0,0,0,0
0.7773323861587803,-0.7073594915983407,0.0,1.0,0.0,0.0,0.0,0.0,1.0,0.0,1,1,0,0,0,0,0,0,1,0,1,1,0
-1.481049737066981,-1.2774445836787656,1.0,0.0,1.0,0.0,0.0,0.0,0.0,1.0,0,0,0,0,0,0,0,0,0,1,1,1,0
-0.14828854293375057,0.35136996512244845,1.0,0.0,0.0,1.0,0.0,0.0,0.0,0.0,1,0,1,0,1,1,1,0,0,1,0,1,0
-0.02697736192162338,0.43281069256250915,0.0,0.0,0.0,0.0,0.0,0.0,1.0,0.0,0,1,1,0,1,1,0,0,0,1,0,1,0
0.3170146171127639,-1.2774445836787656,1.0,1.0,0.0,0.0,0.0,0.0,1.0,0.0,1,0,0,1,0,0,0,0,0,0,0,1,1
0.19404163910047073,-1.2774445836787656,0.0,1.0,0.0,0.0,0.0,0.0,0.0,1.0,0,0,0,0,0,0,0,0,0,1,0,1,1
0.8654076271675846,-0.2594354906780068,0.0,1.0,0.0,0.0,0.0,0.0,1.0,0.0,1,1,1,0,0,0,0,0,1,1,1,1,0
0.48485611412954227,-0.4223169455581282,1.0,1.0,0.0,0.0,0.0,0.0,1.0,0.0,0,0,0,1,0,1,0,0,0,1,1,1,0
0.8570986421667539,1.5729808767233588,1.0,0.0,0.0,0.0,1.0,0.0,0.0,0.0,1,1,0,1,1,1,1,1,1,0,0,1,0
-1.505976692069473,-1.0331224013585834,1.0,0.0,1.0,0.0,1.0,0.0,0.0,1.0,0,0,0,0,0,0,0,0,0,0,0,1,0
-0.010359391919962149,-0.1779947632379461,0.0,0.0,0.0,0.0,0.0,0.0,0.0,0.0,0,0,0,1,0,1,1,1,0,0,0,1,1
0.16246749609731476,-0.6666391278783103,1.0,1.0,0.0,0.0,0.0,0.0,1.0,0.0,0,0,0,0,0,0,0,0,0,0,0,1,1
-1.504314895069307,-1.0331224013585834,1.0,0.0,1.0,1.0,0.0,0.0,0.0,1.0,0,0,0,0,0,0,0,0,0,0,0,1,0
1.5201556452330371,1.4915401492832983,0.0,1.0,0.0,0.0,1.0,0.0,0.0,0.0,0,1,0,1,0,1,1,1,1,1,0,1,0
-1.33148800705203,-1.2774445836787656,0.0,0.0,0.0,0.0,0.0,0.0,0.0,1.0,0,0,1,0,0,0,0,0,0,0,0,0,0
0.4200460311230638,-1.1960038562387048,1.0,0.0,0.0,0.0,0.0,0.0,1.0,0.0,0,1,0,0,1,0,1,0,1,1,0,1,0
1.0648232671875193,-0.46303730927815856,1.0,1.0,0.0,0.0,0.0,0.0,0.0,0.0,0,1,0,0,0,0,1,0,1,1,1,1,1
0.6859335511496436,1.4915401492832983,0.0,1.0,0.0,0.0,0.0,0.0,0.0,0.0,1,0,0,1,0,1,1,0,0,1,0,1,0
-0.5703849809759457,1.5729808767233588,0.0,0.0,0.0,0.0,1.0,0.0,0.0,0.0,1,0,0,0,1,1,1,1,0,1,0,0,0
-1.5076384890696393,1.4915401492832983,0.0,0.0,1.0,0.0,1.0,0.0,0.0,1.0,1,0,1,0,0,0,0,0,0,0,0,1,0
1.2991366442109427,0.6364125111626608,0.0,1.0,0.0,0.0,0.0,0.0,1.0,0.0,0,1,0,1,0,0,1,1,1,1,0,1,0
0.6177998741428321,0.5956921474426305,1.0,1.0,0.0,0.0,0.0,0.0,0.0,0.0,1,0,0,1,0,1,1,0,0,1,1,1,0
-0.5105602889699654,-1.2367242199587352,0.0,0.0,0.0,0.0,0.0,0.0,1.0,0.0,0,0,0,1,0,0,0,0,0,1,1,1,0
1.4520219682262263,0.5142514200025698,1.0,1.0,0.0,0.0,0.0,1.0,0.0,0.0,0,1,0,1,1,0,1,1,1,1,0,1,0
0.5396954151350245,0.758573602322752,1.0,1.0,0.0,0.0,0.0,0.0,0.0,0.0,0,0,0,1,0,1,0,0,0,0,0,1,0
0.47987072312904416,-0.4223169455581282,0.0,0.0,0.0,0.0,0.0,0.0,1.0,0.0,1,1,0,1,1,0,0,1,1,1,1,1,0
0.7274784761537967,1.6137012404433893,1.0,0.0,0.0,0.0,1.0,0.0,0.0,0.0,0,1,0,1,1,1,1,1,1,0,0,1,0
0.9368648981747281,0.18848851024232702,1.0,1.0,0.0,0.0,0.0,0.0,1.0,0.0,1,0,1,1,0,1,1,0,1,1,0,1,0
0.8504514541660894,1.5729808767233588,1.0,0.0,0.0,0.0,1.0,0.0,1.0,0.0,1,1,1,1,1,1,1,1,1,0,0,1,0
-0.533825446972291,-1.0331224013585834,1.0,0.0,0.0,0.0,0.0,0.0,1.0,0.0,1,0,1,0,0,0,1,0,0,0,1,1,0
-1.3165318340505352,1.369379058123207,0.0,0.0,1.0,0.0,1.0,1.0,0.0,0.0,0,0,0,1,0,0,0,0,0,1,0,1,0
0.3868100911197414,0.758573602322752,1.0,0.0,0.0,1.0,0.0,0.0,0.0,0.0,1,1,1,0,1,0,0,1,1,1,0,1,0
-1.502653098069141,-0.0965540357978854,0.0,0.0,1.0,1.0,0.0,0.0,0.0,0.0,1,0,1,0,0,0,0,0,0,0,0,1,0
0.684271754149477,0.06632741908223598,0.0,1.0,0.0,0.0,0.0,0.0,1.0,0.0,0,0,0,1,0,0,0,0,1,0,0,1,0
-1.328164413051698,1.2879383306831464,1.0,0.0,1.0,0.0,1.0,0.0,0.0,1.0,1,0,1,1,0,0,0,0,0,1,0,1,0
1.2758714862086173,1.3286586944031769,1.0,1.0,0.0,1.0,0.0,0.0,0.0,0.0,1,1,0,1,0,1,1,0,1,1,0,1,1
1.1961052302006432,0.5956921474426305,1.0,1.0,0.0,0.0,0.0,0.0,0.0,1.0,0,0,0,1,1,1,0,1,1,0,0,1,0
1.0249401391835322,-1.2774445836787656,0.0,1.0,0.0,0.0,0.0,0.0,1.0,0.0,0,1,0,0,1,0,0,0,1,1,1,1,0
-0.16656830993557784,0.6771328748826912,0.0,0.0,0.0,0.0,0.0,1.0,0.0,0.0,0,0,0,1,1,1,0,0,0,1,1,1,0
0.9750862291785486,1.4100994218432374,0.0,1.0,0.0,0.0,1.0,1.0,0.0,0.0,1,0,1,1,0,1,0,1,1,0,0,1,0
-1.5093002860698053,0.26992923768238775,1.0,0.0,1.0,1.0,0.0,0.0,0.0,0.0,0,0,1,0,0,0,0,0,0,0,0,1,0
-1.491020519067978,-0.748079855318371,1.0,0.0,1.0,0.0,0.0,0.0,0.0,1.0,0,0,0,0,0,0,0,0,0,0,0,1,0
1.4420511862252297,0.43281069256250915,0.0,1.0,0.0,0.0,0.0,1.0,0.0,0.0,0,1,0,0,1,1,0,1,1,1,1,1,1
1.2060760122016398,0.9621754209229036,1.0,1.0,0.0,0.0,0.0,0.0,1.0,0.0,0,1,0,1,0,0,1,0,1,1,0,1,1
-0.18817167093773737,-0.748079855318371,0.0,0.0,0.0,1.0,0.0,1.0,0.0,0.0,0,1,0,0,0,0,0,1,0,0,0,1,0
0.21896859410296257,-1.2774445836787656,0.0,1.0,0.0,0.0,0.0,0.0,1.0,0.0,0,0,0,0,0,0,0,0,0,0,1,1,0
-0.29618847594853537,-0.6666391278783103,1.0,0.0,0.0,1.0,0.0,0.0,0.0,1.0,1,0,1,0,1,1,0,0,0,1,0,1,0
1.3722557122182522,1.5322605130033284,1.0,1.0,0.0,0.0,0.0,0.0,1.0,0.0,1,1,1,1,1,1,0,0,1,1,0,1,0
0.642726829145324,1.6137012404433893,1.0,0.0,0.0,0.0,1.0,1.0,0.0,0.0,1,1,0,1,1,1,1,0,1,1,0,1,1
0.3502505571160864,-0.38159658183809786,0.0,1.0,0.0,0.0,0.0,1.0,0.0,0.0,1,0,1,0,0,0,1,0,0,1,0,1,0
-1.33148800705203,-0.46303730927815856,1.0,0.0,1.0,0.0,0.0,0.0,0.0,1.0,0,0,1,1,0,0,0,0,0,0,0,1,0
-1.4827115340671475,-1.2774445836787656,0.0,0.0,1.0,0.0,0.0,0.0,0.0,1.0,0,0,0,0,0,0,0,0,0,1,1,1,0
0.1657910900976468,-1.2774445836787656,1.0,1.0,0.0,0.0,0.0,0.0,0.0,0.0,0,0,1,0,0,0,0,0,0,0,1,1,0
0.9451738831755587,-0.015113308357824713,0.0,1.0,0.0,0.0,0.0,0.0,1.0,0.0,1,1,0,1,0,0,0,0,1,1,1,1,1
0.534710024134526,-0.62591876415828,1.0,1.0,0.0,0.0,0.0,0.0,1.0,0.0,1,0,1,0,0,0,0,0,1,0,1,1,0
-1.034026344022294,-1.1552834925186746,0.0,0.0,0.0,0.0,0.0,0.0,1.0,0.0,0,0,0,0,1,1,0,0,0,1,1,0,0
-0.29785027294870164,0.14776814652229667,0.0,0.0,0.0,1.0,0.0,0.0,1.0,0.0,0,0,0,1,0,0,1,0,0,0,0,1,0
-0.8329489070021932,0.7178532386027215,0.0,0.0,0.0,0.0,1.0,1.0,0.0,0.0,0,0,0,0,0,1,1,1,0,0,0,0,0
-1.1719554950360824,0.6364125111626608,0.0,0.0,0.0,0.0,0.0,1.0,0.0,0.0,1,0,1,0,0,0,0,1,0,1,0,0,0
-1.4827115340671475,0.7178532386027215,0.0,0.0,1.0,0.0,1.0,1.0,0.0,0.0,0,0,1,0,0,0,0,0,0,0,0,1,0
0.4915033021302069,1.6137012404433893,1.0,0.0,0.0,0.0,1.0,1.0,0.0,0.0,1,1,0,1,1,1,1,1,0,0,0,1,0
-1.328164413051698,-0.9109613101984924,1.0,0.0,1.0,0.0,0.0,1.0,0.0,0.0,0,0,1,1,0,0,0,0,0,0,0,1,0
-1.4993295040688086,-0.5851984004382496,0.0,0.0,1.0,0.0,0.0,0.0,0.0,1.0,0,0,0,0,0,0,0,0,0,0,0,1,0
0.5047976781315361,-1.2774445836787656,1.0,1.0,0.0,0.0,0.0,0.0,1.0,0.0,0,0,0,0,0,0,0,0,1,1,1,1,0
-1.5109620830699715,-1.2774445836787656,0.0,0.0,1.0,0.0,0.0,0.0,1.0,0.0,0,0,0,0,0,0,0,0,0,0,1,1,0
0.9734244321783826,-0.9516816739185228,1.0,1.0,0.0,0.0,0.0,0.0,1.0,0.0,0,1,0,0,0,0,1,0,1,1,0,1,0
0.8637458301674186,-1.2367242199587352,1.0,1.0,0.0,0.0,0.0,0.0,0.0,1.0,0,1,0,1,1,0,0,0,0,0,0,1,0
0.46823814412788106,0.3106496014024181,0.0,1.0,0.0,0.0,0.0,1.0,0.0,0.0,1,0,0,1,0,0,0,1,0,1,0,1,0
1.15456030519649,1.4915401492832983,1.0,1.0,0.0,1.0,0.0,0.0,0.0,0.0,1,1,0,1,0,0,1,0,1,0,0,1,0
1.1445895231954935,0.18848851024232702,0.0,1.0,0.0,1.0,0.0,0.0,1.0,0.0,1,1,0,1,1,0,1,1,0,1,1,1,0
0.5247392421335293,-0.5851984004382496,1.0,1.0,0.0,0.0,0.0,1.0,0.0,0.0,0,0,1,1,0,0,1,0,0,1,0,1,0
0.18074726309914202,-0.8702409464784621,1.0,1.0,0.0,0.0,0.0,0.0,1.0,0.0,1,0,0,0,0,0,0,0,0,1,0,1,1
0.6792863631489789,-0.9924020376385531,0.0,1.0,0.0,0.0,0.0,1.0,0.0,0.0,1,1,0,1,0,0,0,0,0,1,1,1,0
0.3485887601159204,-1.1960038562387048,0.0,1.0,0.0,0.0,0.0,0.0,1.0,0.0,0,0,0,1,0,0,0,0,0,0,1,1,0
-0.17653909193657447,0.9214550572028734,1.0,0.0,0.0,1.0,0.0,1.0,0.0,0.0,1,1,1,0,1,0,0,0,0,0,0,1,0
0.9501592741760567,0.025607055362205634,1.0,1.0,0.0,0.0,0.0,0.0,1.0,0.0,1,1,0,1,0,1,1,0,0,1,0,1,0
-0.6584602219847502,0.5549717837226001,0.0,0.0,0.0,0.0,0.0,0.0,0.0,0.0,0,0,0,0,0,0,0,0,0,0,0,1,0
-1.2849576910473786,0.06632741908223598,1.0,0.0,1.0,0.0,1.0,0.0,0.0,0.0,0,0,0,1,0,0,0,0,0,0,0,1,0
-1.481049737066981,-1.1960038562387048,0.0,0.0,1.0,0.0,0.0,0.0,1.0,0.0,0,0,0,0,0,0,0,0,0,0,0,1,0
-1.4461520000634926,-0.0965540357978854,1.0,0.0,1.0,0.0,1.0,0.0,0.0,1.0,1,0,1,0,0,0,0,0,0,0,0,1,0
-0.17820088893674074,0.025607055362205634,0.0,0.0,0.0,1.0,0.0,0.0,1.0,0.0,0,0,0,1,1,0,0,1,0,0,0,1,0
1.0049985751815391,0.5142514200025698,1.0,1.0,0.0,1.0,0.0,1.0,0.0,0.0,1,1,1,1,0,1,1,0,0,1,0,1,0
-0.09511103892843457,0.3106496014024181,1.0,0.0,0.0,0.0,0.0,0.0,0.0,1.0,0,0,0,0,1,1,0,1,0,1,0,1,0
1.7910285562601154,1.5729808767233588,0.0,1.0,0.0,0.0,1.0,0.0,1.0,0.0,0,1,0,1,1,1,1,1,1,1,0,1,0
-0.34604238595351905,-1.2774445836787656,1.0,0.0,0.0,0.0,0.0,0.0,1.0,0.0,0,0,0,1,0,0,1,0,0,0,1,1,0
-0.010359391919962149,1.6137012404433893,0.0,0.0,0.0,0.0,1.0,0.0,0.0,0.0,1,1,1,0,1,1,1,1,1,0,0,0,0
0.5114448661322006,-0.4223169455581282,0.0,1.0,0.0,0.0,0.0,0.0,1.0,0.0,1,1,1,0,0,0,0,0,0,1,0,1,0
-1.481049737066981,0.5549717837226001,1.0,0.0,1.0,1.0,0.0,0.0,0.0,0.0,1,0,1,0,0,0,0,0,0,1,0,1,0
-1.4544609850643233,0.9214550572028734,0.0,0.0,1.0,0.0,1.0,0.0,0.0,1.0,1,0,1,0,0,0,0,0,0,0,0,1,0
-1.4727407520661506,-1.2774445836787656,1.0,0.0,1.0,0.0,0.0,0.0,0.0,1.0,0,0,0,0,0,0,0,0,0,0,0,1,0
0.36853032411791364,-0.8295205827584317,0.0,0.0,0.0,1.0,0.0,0.0,0.0,1.0,0,1,0,1,0,0,0,1,1,1,0,1,0
0.5214156481331973,-0.055833672077855064,1.0,1.0,0.0,0.0,0.0,0.0,1.0,0.0,0,0,0,1,0,1,0,0,0,1,0,1,0
-1.3231790220511994,-1.1145631287986442,1.0,0.0,0.0,0.0,0.0,0.0,1.0,0.0,1,0,0,0,0,0,0,0,0,1,1,0,0
0.356897745116751,1.4100994218432374,0.0,0.0,0.0,0.0,1.0,0.0,1.0,0.0,1,1,1,1,1,0,0,0,1,1,0,1,0
-0.6750781919864114,-1.2774445836787656,1.0,0.0,0.0,0.0,0.0,0.0,0.0,1.0,0,0,0,0,0,0,0,0,0,0,0,1,0
-0.7448736659933887,0.3106496014024181,1.0,0.0,0.0,1.0,0.0,0.0,1.0,0.0,1,0,0,0,1,1,1,0,0,1,1,0,0
0.32532360211359457,0.35136996512244845,1.0,0.0,0.0,0.0,0.0,1.0,0.0,0.0,1,0,1,1,1,1,1,0,1,1,0,1,0
0.3502505571160864,-1.2774445836787656,1.0,1.0,0.0,0.0,0.0,0.0,1.0,0.0,0,0,0,1,0,0,0,0,0,1,1,1,0
0.9983513871808745,0.758573602322752,1.0,1.0,0.0,1.0,0.0,0.0,1.0,0.0,0,0,0,1,1,1,0,0,1,1,1,1,0
-0.5521052139741185,0.3920903288424788,1.0,0.0,0.0,0.0,1.0,1.0,0.0,0.0,1,0,1,0,1,0,1,1,1,0,0,0,0
-1.4993295040688086,-0.38159658183809786,1.0,0.0,1.0,1.0,0.0,0.0,0.0,1.0,1,0,1,0,0,0,0,0,0,0,0,1,0
0.19237984210030468,-1.2774445836787656,0.0,1.0,0.0,0.0,0.0,0.0,1.0,0.0,0,0,0,0,0,0,0,0,0,1,1,1,1
-1.4827115340671475,-1.2774445836787656,0.0,0.0,1.0,0.0,0.0,0.0,0.0,1.0,0,0,0,0,0,0,0,0,0,0,0,1,0
1.3905354792200795,0.9621754209229036,0.0,1.0,0.0,0.0,0.0,1.0,0.0,0.0,0,1,0,1,1,1,0,0,1,1,0,1,0
0.8720548151682491,-0.7073594915983407,1.0,1.0,0.0,0.0,0.0,0.0,1.0,0.0,0,0,1,1,0,1,0,0,1,1,0,1,0
-1.3082228490497045,-0.8295205827584317,1.0,0.0,1.0,0.0,1.0,0.0,0.0,0.0,1,0,1,1,0,0,0,0,0,1,0,1,0
0.1724382780983114,0.880734693482843,0.0,0.0,0.0,0.0,1.0,0.0,0.0,0.0,1,1,1,0,1,0,1,1,0,0,0,1,0
0.06940686408801149,-1.0331224013585834,0.0,0.0,0.0,0.0,0.0,0.0,1.0,0.0,0,1,0,0,0,0,0,0,1,1,0,1,0
0.7108605061521354,0.025607055362205634,0.0,1.0,0.0,0.0,0.0,1.0,0.0,0.0,1,1,1,1,0,0,0,0,0,0,1,1,0
-1.4827115340671475,-0.6666391278783103,1.0,0.0,1.0,0.0,0.0,0.0,1.0,0.0,1,0,1,0,0,0,0,0,0,0,0,1,0
0.0029349840813665527,-0.46303730927815856,0.0,0.0,0.0,1.0,0.0,0.0,0.0,1.0,0,1,1,0,1,0,1,0,0,0,0,1,0
0.33529438411459117,-0.0965540357978854,1.0,0.0,0.0,0.0,1.0,0.0,1.0,0.0,1,1,0,1,0,0,1,0,1,0,0,1,1
-0.4740007549663106,-1.1960038562387048,1.0,0.0,0.0,0.0,0.0,0.0,0.0,1.0,0,0,0,0,0,0,0,1,0,1,0,1,0
0.2704843011081128,-0.8702409464784621,1.0,1.0,0.0,0.0,0.0,0.0,1.0,0.0,0,0,0,0,0,0,1,0,0,0,0,1,0
1.6713791722481544,1.2064976032430856,0.0,1.0,0.0,1.0,0.0,1.0,0.0,0.0,0,1,0,1,1,1,1,1,1,1,0,1,0
-1.5209328650709681,-0.5851984004382496,1.0,0.0,1.0,0.0,0.0,0.0,1.0,0.0,0,0,0,0,0,0,0,0,0,0,0,1,0
-1.502653098069141,-1.0738427650786138,1.0,0.0,1.0,0.0,0.0,0.0,0.0,1.0,0,0,1,0,0,0,0,0,0,0,0,1,0
1.2077378092018058,0.5549717837226001,0.0,1.0,0.0,1.0,0.0,0.0,1.0,0.0,0,1,0,1,0,0,1,0,1,1,0,1,0
0.642726829145324,-0.46303730927815856,1.0,1.0,0.0,0.0,0.0,0.0,1.0,0.0,0,1,0,1,0,0,0,0,0,1,0,1,0
-1.3497677740538576,1.4508197855632678,1.0,0.0,1.0,0.0,1.0,0.0,0.0,0.0,0,0,0,1,0,0,0,0,0,1,0,1,0
-0.48729513096763954,-1.2774445836787656,0.0,0.0,0.0,0.0,0.0,0.0,1.0,0.0,0,0,0,1,0,0,0,0,0,1,0,1,0
0.32698539911376057,-0.30015585439803716,0.0,1.0,0.0,0.0,0.0,0.0,1.0,0.0,1,0,0,0,0,0,1,0,0,1,0,1,0
-1.4960059100684764,-0.3408762181180675,0.0,0.0,1.0,0.0,1.0,0.0,0.0,1.0,0,0,1,0,0,0,0,0,0,0,0,1,0
0.6726391751483144,-0.0965540357978854,0.0,1.0,0.0,0.0,0.0,0.0,1.0,0.0,1,1,0,1,0,0,0,0,0,1,1,1,0
0.5247392421335293,-1.2367242199587352,0.0,1.0,0.0,0.0,0.0,0.0,1.0,0.0,0,1,0,0,0,0,0,0,0,0,1,1,0
1.397182667220744,0.758573602322752,1.0,1.0,0.0,1.0,0.0,0.0,0.0,0.0,1,1,0,1,0,1,1,0,1,1,0,1,0
0.6560212051466532,1.002895784642934,0.0,0.0,0.0,0.0,1.0,0.0,1.0,0.0,1,1,1,1,1,0,1,1,1,1,0,1,0
-1.3198554280508674,-0.7073594915983407,0.0,0.0,1.0,0.0,1.0,0.0,0.0,0.0,0,0,0,1,0,0,0,0,0,0,0,1,0
0.6294324531439953,1.6137012404433893,0.0,0.0,0.0,0.0,1.0,0.0,0.0,0.0,1,1,1,0,1,1,1,1,1,1,0,1,0
0.36686852711774764,-1.2367242199587352,0.0,1.0,0.0,0.0,0.0,0.0,1.0,0.0,0,0,0,0,0,0,1,0,0,1,1,1,0
1.0581760791868549,-0.1779947632379461,1.0,1.0,0.0,0.0,0.0,1.0,0.0,0.0,1,0,0,1,0,1,1,0,1,0,0,1,0
1.1213243651931677,-0.13727439951791576,1.0,1.0,0.0,0.0,0.0,0.0,1.0,0.0,1,1,0,1,0,0,1,0,1,1,1,1,1
1.2077378092018058,1.5322605130033284,1.0,1.0,0.0,0.0,1.0,1.0,0.0,0.0,1,0,1,0,1,1,1,1,1,1,0,1,0
-1.481049737066981,-0.7888002190384014,0.0,0.0,1.0,1.0,0.0,0.0,0.0,1.0,0,0,0,0,0,0,0,0,0,0,0,1,0
0.9734244321783826,1.0843365120829946,0.0,1.0,0.0,1.0,0.0,0.0,1.0,0.0,1,0,0,1,1,1,1,1,0,1,0,1,1
1.0133075601823696,-0.7888002190384014,1.0,1.0,0.0,0.0,0.0,0.0,1.0,0.0,1,1,0,1,0,0,0,0,1,1,1,1,1
0.32033821111309646,-1.0331224013585834,1.0,1.0,0.0,0.0,0.0,0.0,0.0,1.0,1,0,0,1,0,0,0,0,0,1,1,1,1
0.5396954151350245,1.2064976032430856,0.0,0.0,0.0,0.0,1.0,0.0,0.0,1.0,1,1,0,0,1,0,1,1,1,0,0,1,0
-0.1499503399339166,-0.46303730927815856,0.0,0.0,0.0,1.0,0.0,0.0,1.0,0.0,0,0,0,0,1,0,1,1,0,1,0,1,0
-0.13000877593192306,-1.2367242199587352,0.0,0.0,0.0,0.0,0.0,0.0,1.0,0.0,0,1,0,0,0,0,1,0,0,0,0,1,0
-0.6916961619880726,-1.2774445836787656,0.0,0.0,0.0,0.0,0.0,1.0,0.0,0.0,0,0,0,0,0,0,0,0,0,0,0,1,0
0.7075369121518029,-1.1552834925186746,1.0,1.0,0.0,0.0,0.0,0.0,1.0,0.0,0,1,0,0,0,0,1,0,0,0,0,1,0
-1.479387940066815,-0.5444780367182193,0.0,0.0,1.0,1.0,0.0,1.0,0.0,0.0,0,0,0,0,0,0,0,0,0,0,0,1,0
0.677624566148813,-0.0965540357978854,0.0,1.0,0.0,0.0,0.0,0.0,1.0,0.0,0,0,0,0,0,0,0,1,1,0,1,1,0
-1.5076384890696393,1.4100994218432374,1.0,0.0,1.0,0.0,1.0,1.0,0.0,0.0,1,0,1,0,0,0,0,0,0,1,0,1,0
1.259253516206956,1.6137012404433893,1.0,1.0,0.0,0.0,1.0,1.0,0.0,0.0,1,1,0,1,1,1,1,0,0,1,0,1,1
-1.491020519067978,0.8400143297628127,1.0,0.0,1.0,0.0,1.0,1.0,0.0,0.0,1,0,0,0,0,0,0,0,0,0,0,1,0
-1.502653098069141,-1.1145631287986442,0.0,0.0,1.0,1.0,0.0,0.0,1.0,0.0,0,0,0,0,0,0,0,0,0,0,0,1,0
1.0216165451832002,1.5729808767233588,1.0,1.0,0.0,0.0,1.0,1.0,0.0,0.0,1,1,0,0,0,1,1,1,0,1,0,1,1
0.6443886261454905,0.7178532386027215,0.0,0.0,0.0,1.0,0.0,1.0,0.0,0.0,1,1,1,1,0,1,1,1,1,1,0,1,0
1.2775332832087833,0.9621754209229036,1.0,1.0,0.0,0.0,1.0,0.0,1.0,0.0,1,1,1,1,0,0,1,1,1,1,0,1,0
-0.48397153696730727,-1.2367242199587352,1.0,0.0,0.0,0.0,0.0,1.0,0.0,0.0,0,0,0,0,0,0,0,1,0,1,0,1,0
0.7906267621601091,-1.2367242199587352,0.0,1.0,0.0,0.0,0.0,0.0,1.0,0.0,0,1,0,1,0,0,1,0,0,1,1,1,1
-0.3327480099521901,-0.3408762181180675,1.0,0.0,0.0,0.0,0.0,0.0,1.0,0.0,1,0,1,1,1,0,0,0,0,0,1,1,0
-1.4893587220678117,0.5549717837226001,1.0,0.0,1.0,0.0,1.0,1.0,0.0,0.0,1,0,1,0,0,0,0,0,0,0,0,1,0
1.7112623002521414,1.5729808767233588,1.0,1.0,0.0,0.0,1.0,0.0,1.0,0.0,1,1,0,1,1,1,1,1,1,1,0,1,0
-1.115454397030434,-0.13727439951791576,0.0,0.0,0.0,0.0,0.0,0.0,1.0,0.0,0,0,0,0,0,0,0,1,0,1,0,0,0
-1.3397969920528607,1.4915401492832983,1.0,0.0,1.0,0.0,1.0,0.0,0.0,0.0,1,0,1,1,0,0,0,0,0,0,0,1,0
0.6460504231456565,1.5729808767233588,1.0,0.0,0.0,0.0,1.0,1.0,0.0,0.0,1,1,0,1,0,1,1,1,1,0,0,1,0
0.8820255971692458,-1.2774445836787656,0.0,1.0,0.0,0.0,0.0,0.0,1.0,0.0,0,1,0,0,0,0,0,0,1,1,1,1,1
0.6942425361504742,0.9621754209229036,1.0,0.0,0.0,0.0,1.0,0.0,0.0,0.0,1,1,0,0,1,1,1,1,1,1,0,1,1
-1.4478137970636586,0.9621754209229036,1.0,0.0,1.0,1.0,0.0,0.0,0.0,1.0,0,0,1,0,0,0,0,0,0,1,0,1,0
0.4898415051300408,-1.2774445836787656,1.0,1.0,0.0,0.0,0.0,0.0,1.0,0.0,0,0,0,0,0,0,0,0,1,1,1,1,0
-1.303237458049206,-0.1779947632379461,0.0,0.0,1.0,1.0,0.0,0.0,0.0,1.0,1,0,0,1,0,0,0,0,0,0,0,1,0
-1.481049737066981,-0.5444780367182193,0.0,0.0,1.0,0.0,0.0,0.0,0.0,1.0,1,0,1,0,0,0,0,0,0,0,0,1,0
-0.030300955921955676,1.369379058123207,1.0,0.0,0.0,0.0,0.0,0.0,1.0,0.0,1,1,0,1,0,0,0,1,0,0,0,1,0
-0.09344924192826831,-0.62591876415828,0.0,0.0,0.0,1.0,0.0,0.0,0.0,1.0,1,0,1,1,0,0,1,1,0,1,0,1,0
-1.2965902700485417,0.7992939660427822,1.0,0.0,1.0,0.0,1.0,0.0,0.0,1.0,1,0,1,1,0,0,0,0,0,0,0,1,0
-0.21808401694072754,-0.5444780367182193,0.0,0.0,0.0,1.0,0.0,0.0,1.0,0.0,0,0,0,0,0,1,0,0,1,0,0,1,0
0.7008897241511383,0.14776814652229667,0.0,0.0,0.0,1.0,0.0,0.0,0.0,0.0,0,1,0,0,1,1,1,1,1,0,0,1,0
0.1774236690988095,-1.0331224013585834,1.0,1.0,0.0,0.0,0.0,0.0,0.0,1.0,1,0,0,0,0,0,0,0,0,1,1,1,1
1.3340343812144315,1.6137012404433893,1.0,1.0,0.0,1.0,0.0,1.0,0.0,0.0,1,1,1,1,1,1,1,1,0,1,0,1,0
1.5467443972356951,1.4100994218432374,1.0,1.0,0.0,1.0,0.0,0.0,1.0,0.0,1,1,1,1,1,1,1,0,1,1,1,1,0
1.1661928841976528,0.06632741908223598,1.0,1.0,0.0,1.0,0.0,0.0,1.0,0.0,0,1,0,0,0,1,1,0,1,1,0,1,1
1.0133075601823696,1.002895784642934,1.0,1.0,0.0,0.0,0.0,0.0,0.0,0.0,1,1,0,1,0,1,1,0,0,1,1,1,1
0.7141841001524675,-1.0331224013585834,0.0,1.0,0.0,0.0,0.0,0.0,1.0,0.0,1,0,0,0,0,0,1,0,1,1,1,1,0
1.1977670272008092,-1.2774445836787656,0.0,1.0,0.0,0.0,0.0,0.0,1.0,0.0,1,1,0,1,0,0,1,0,1,1,1,1,1
-1.502653098069141,-0.9924020376385531,1.0,0.0,1.0,0.0,0.0,0.0,0.0,0.0,1,0,0,0,0,0,0,0,0,1,0,1,0
1.304122035211441,1.4915401492832983,0.0,1.0,0.0,0.0,1.0,0.0,1.0,0.0,0,1,0,1,0,0,1,1,1,0,0,1,0
1.3174164112127704,0.7178532386027215,0.0,1.0,0.0,1.0,0.0,0.0,0.0,1.0,1,1,0,1,1,0,1,0,1,1,0,1,0
-1.504314895069307,-0.9109613101984924,1.0,0.0,1.0,1.0,0.0,0.0,0.0,1.0,0,0,0,0,0,0,0,0,0,0,0,1,0
-1.3132082400502028,-0.8295205827584317,0.0,0.0,1.0,0.0,1.0,1.0,0.0,0.0,1,0,1,1,0,0,0,0,0,0,0,1,0
0.7158458971526335,-0.748079855318371,0.0,1.0,0.0,0.0,0.0,0.0,1.0,0.0,0,1,0,0,0,1,0,0,0,1,1,1,0
-0.49560411596847015,1.5322605130033284,0.0,0.0,0.0,0.0,1.0,0.0,0.0,0.0,1,1,0,0,1,0,1,1,0,1,0,0,0
1.4686399382278874,1.2879383306831464,0.0,1.0,0.0,0.0,0.0,0.0,0.0,0.0,0,1,0,1,1,0,1,1,1,1,0,1,1
0.8354952811645946,1.369379058123207,0.0,0.0,0.0,0.0,1.0,1.0,0.0,0.0,1,1,1,1,1,1,1,1,1,0,0,1,0
0.572931355138347,1.5729808767233588,0.0,0.0,0.0,0.0,1.0,1.0,0.0,0.0,1,1,1,0,1,0,1,1,1,1,0,1,0
0.8371570781647607,-0.5037576729981889,1.0,1.0,0.0,0.0,0.0,0.0,1.0,0.0,0,1,0,0,0,0,0,0,1,0,0,1,1
0.48485611412954227,1.6137012404433893,1.0,0.0,0.0,0.0,1.0,0.0,0.0,0.0,1,1,0,0,1,1,0,1,1,1,0,1,0
-0.023653767921291324,1.5729808767233588,0.0,0.0,0.0,0.0,1.0,1.0,0.0,0.0,1,0,1,0,1,1,1,1,0,0,0,1,0
1.2093996062019723,0.22920887396235737,1.0,1.0,0.0,0.0,0.0,1.0,0.0,0.0,1,1,1,1,0,0,1,0,1,1,0,1,0
0.8371570781647607,-0.1779947632379461,0.0,1.0,0.0,0.0,0.0,0.0,1.0,0.0,0,1,0,1,0,1,0,0,0,1,1,1,0
0.3884718881199074,-0.62591876415828,1.0,1.0,0.0,0.0,0.0,0.0,1.0,0.0,1,0,0,0,0,1,0,0,0,1,1,1,1
-0.8528904710041867,0.025607055362205634,1.0,0.0,0.0,1.0,0.0,0.0,1.0,0.0,0,0,0,0,0,1,0,0,1,1,0,0,0
-1.0024522010191377,-0.38159658183809786,0.0,0.0,0.0,0.0,1.0,0.0,0.0,1.0,1,0,1,0,1,0,0,1,0,0,0,0,0
-1.502653098069141,1.0436161483629645,1.0,0.0,1.0,1.0,0.0,0.0,1.0,0.0,1,0,1,0,0,0,0,0,0,1,0,1,0
1.3190782082129364,1.5322605130033284,0.0,1.0,0.0,0.0,1.0,0.0,0.0,0.0,1,1,0,1,0,1,0,1,1,1,0,1,1
0.19071804510013865,-1.1552834925186746,1.0,1.0,0.0,0.0,0.0,0.0,1.0,0.0,1,0,0,0,0,0,0,0,0,0,0,1,0
-1.4760643460664828,0.5142514200025698,1.0,0.0,1.0,0.0,1.0,0.0,0.0,1.0,1,0,1,0,0,0,0,0,0,0,0,1,0
0.17410007509847744,-0.9109613101984924,1.0,1.0,0.0,0.0,0.0,0.0,1.0,0.0,0,0,0,0,0,0,0,0,0,1,1,1,0
-1.505976692069473,0.14776814652229667,1.0,0.0,1.0,0.0,1.0,1.0,0.0,0.0,1,0,1,0,0,0,0,0,0,0,0,1,0
0.17077648109814536,0.880734693482843,1.0,0.0,0.0,0.0,0.0,0.0,0.0,1.0,0,0,0,0,1,1,0,1,1,1,0,1,0
-0.16823010693574386,-0.38159658183809786,1.0,0.0,0.0,0.0,1.0,0.0,0.0,1.0,1,0,1,1,0,1,0,1,0,0,0,1,0
0.4516201741262198,0.35136996512244845,0.0,0.0,0.0,1.0,0.0,1.0,0.0,0.0,1,0,1,1,1,1,1,0,1,1,0,1,0
0.2222921881032951,-1.1145631287986442,1.0,1.0,0.0,0.0,0.0,0.0,0.0,1.0,0,0,0,0,0,0,0,0,0,1,0,1,1
-0.62854787598176,-0.21871512695797646,1.0,0.0,0.0,1.0,0.0,1.0,0.0,0.0,1,1,1,0,0,1,1,0,0,1,0,0,0
1.0332491241843629,-1.2774445836787656,0.0,1.0,0.0,0.0,0.0,0.0,1.0,0.0,0,1,0,0,0,0,0,1,1,1,0,1,0
-0.9658926670154829,1.4100994218432374,0.0,0.0,0.0,0.0,1.0,1.0,0.0,0.0,1,0,1,0,1,0,0,1,0,0,0,0,0
0.8238627021634315,1.6137012404433893,0.0,0.0,0.0,0.0,1.0,1.0,0.0,0.0,1,1,1,1,1,1,1,1,1,1,0,1,1
-1.3231790220511994,0.9621754209229036,0.0,0.0,1.0,0.0,1.0,1.0,0.0,0.0,1,0,1,1,0,0,0,0,0,1,0,1,0
-1.3265026160515319,0.47353105628253944,1.0,0.0,1.0,1.0,0.0,0.0,1.0,0.0,1,0,1,1,0,0,0,0,0,0,0,1,0
1.1977670272008092,1.369379058123207,0.0,1.0,0.0,0.0,0.0,0.0,1.0,0.0,1,1,0,1,0,1,0,0,1,1,0,1,1
-0.012021188920128179,0.06632741908223598,0.0,0.0,0.0,1.0,0.0,0.0,0.0,1.0,0,0,0,1,1,1,0,1,0,1,1,1,0
1.3489905542159264,1.4915401492832983,0.0,1.0,0.0,0.0,1.0,0.0,0.0,0.0,1,1,0,1,0,0,1,1,1,0,0,1,0
1.2526063282062914,-1.2774445836787656,0.0,1.0,0.0,0.0,0.0,0.0,1.0,0.0,1,1,1,1,1,0,1,0,1,1,1,1,0
-1.4993295040688086,0.3106496014024181,0.0,0.0,1.0,0.0,1.0,1.0,0.0,0.0,0,0,0,0,0,0,0,0,0,0,0,1,0
-0.3427187919531868,-0.0965540357978854,1.0,0.0,0.0,0.0,0.0,0.0,0.0,0.0,1,0,1,1,1,0,0,0,0,1,0,1,0
0.19071804510013865,-0.8702409464784621,0.0,0.0,0.0,0.0,0.0,0.0,0.0,1.0,0,1,0,0,0,0,0,1,1,0,0,1,0
-1.4843733310673135,-0.7073594915983407,0.0,0.0,1.0,1.0,0.0,1.0,0.0,0.0,0,0,0,0,0,0,0,0,0,0,0,1,0
0.15249671409631763,-0.8702409464784621,1.0,0.0,0.0,0.0,0.0,0.0,1.0,0.0,0,1,0,0,0,0,1,0,1,1,0,1,0
-1.4943441130683104,1.2879383306831464,0.0,0.0,1.0,1.0,0.0,0.0,0.0,0.0,1,0,1,0,0,0,0,0,0,0,0,1,0
0.32033821111309646,1.6137012404433893,1.0,0.0,0.0,0.0,1.0,0.0,0.0,0.0,1,0,0,0,1,1,1,1,1,0,0,1,1
0.9401884921750601,1.6137012404433893,1.0,1.0,0.0,0.0,1.0,0.0,0.0,0.0,1,0,0,1,1,1,1,1,0,1,0,1,1
-0.4507355969639848,-1.2774445836787656,0.0,0.0,0.0,0.0,0.0,0.0,0.0,1.0,0,0,1,0,1,0,0,0,0,0,0,1,0
0.0278619390838584,-0.7073594915983407,0.0,0.0,0.0,1.0,0.0,1.0,0.0,0.0,0,0,1,0,1,1,1,1,0,0,0,1,0
0.5247392421335293,1.125056875803025,0.0,0.0,0.0,1.0,0.0,1.0,0.0,0.0,0,1,0,1,0,0,1,1,1,0,0,1,0
-0.4008816869590011,0.9621754209229036,1.0,0.0,0.0,1.0,0.0,0.0,0.0,1.0,0,0,0,0,1,0,1,0,0,0,0,1,0
-1.4594463760648215,-0.9924020376385531,0.0,0.0,1.0,0.0,1.0,0.0,0.0,1.0,0,0,0,0,0,0,0,0,0,0,0,1,0
0.5097830691320341,-1.1960038562387048,0.0,1.0,0.0,0.0,0.0,1.0,0.0,0.0,0,0,0,0,0,0,1,1,0,0,1,1,0
-0.4191614539608286,0.6771328748826912,0.0,0.0,0.0,0.0,0.0,1.0,0.0,0.0,1,0,0,1,0,0,0,0,0,1,0,1,0
0.5131066631323666,-1.2367242199587352,0.0,1.0,0.0,0.0,0.0,0.0,1.0,0.0,0,0,0,0,0,0,0,0,1,1,1,1,0
1.109691786192005,-1.0738427650786138,0.0,1.0,0.0,0.0,0.0,0.0,0.0,0.0,0,1,0,0,1,1,1,1,0,1,1,1,0
1.6680555782478224,1.5322605130033284,1.0,1.0,0.0,0.0,1.0,0.0,0.0,0.0,0,1,0,1,1,1,1,1,1,1,0,1,0
1.6015836982411773,-0.8295205827584317,1.0,1.0,0.0,0.0,0.0,0.0,0.0,1.0,0,1,0,1,0,1,1,1,1,1,1,1,0
1.3190782082129364,0.7992939660427822,1.0,1.0,0.0,1.0,0.0,0.0,0.0,0.0,1,1,0,0,1,0,1,1,1,1,0,1,1
1.624848856243503,1.6137012404433893,0.0,1.0,0.0,0.0,1.0,1.0,0.0,0.0,1,1,0,1,1,1,1,1,1,1,0,1,0
-1.4677553610656522,0.3106496014024181,0.0,0.0,1.0,0.0,1.0,0.0,0.0,0.0,0,0,0,0,0,0,0,0,0,1,0,1,0
0.20401242110146783,-1.2774445836787656,0.0,1.0,0.0,0.0,0.0,0.0,0.0,1.0,0,0,0,0,0,0,0,0,0,0,1,1,0
0.7341256641544608,-1.1960038562387048,0.0,1.0,0.0,0.0,0.0,0.0,1.0,0.0,0,0,0,0,0,0,1,0,1,1,1,1,1
0.8903345821700764,0.3106496014024181,0.0,1.0,0.0,0.0,0.0,0.0,1.0,0.0,0,1,0,0,0,0,0,0,1,1,0,1,1
-0.49560411596847015,-1.2774445836787656,1.0,0.0,0.0,0.0,0.0,0.0,1.0,0.0,0,0,1,0,0,0,1,0,0,1,0,1,0
-1.4943441130683104,-0.0965540357978854,1.0,0.0,1.0,1.0,0.0,1.0,0.0,0.0,1,0,0,0,0,0,0,0,0,0,0,1,0
1.1661928841976528,-0.38159658183809786,1.0,1.0,0.0,0.0,0.0,0.0,1.0,0.0,1,1,1,0,1,0,0,1,1,1,1,1,0
0.3236618051134285,-1.2774445836787656,1.0,1.0,0.0,0.0,0.0,0.0,1.0,0.0,1,0,1,1,0,0,0,0,0,1,1,1,0
1.3091074262119398,0.47353105628253944,0.0,1.0,0.0,0.0,0.0,0.0,1.0,0.0,1,1,0,1,0,0,1,1,1,0,0,1,1
1.475287126228552,1.3286586944031769,1.0,1.0,0.0,0.0,0.0,0.0,1.0,0.0,0,1,0,1,0,1,1,1,1,1,1,1,0
-0.5504434169739522,-1.0331224013585834,0.0,0.0,0.0,0.0,0.0,0.0,1.0,0.0,0,0,0,0,1,0,0,0,0,1,0,1,1
-1.3181936310507012,1.6137012404433893,1.0,0.0,1.0,0.0,1.0,1.0,0.0,0.0,0,0,0,1,0,0,0,0,0,1,0,1,1
1.1761636661986499,-0.9924020376385531,0.0,1.0,0.0,0.0,0.0,1.0,0.0,0.0,0,1,0,1,0,0,0,1,1,1,0,1,1
0.014567563082529699,-0.6666391278783103,0.0,0.0,0.0,0.0,0.0,1.0,0.0,0.0,0,1,0,1,0,0,1,0,0,1,1,1,0
1.15456030519649,1.369379058123207,1.0,1.0,0.0,0.0,0.0,1.0,0.0,0.0,1,1,1,1,0,0,1,0,1,1,1,1,1
0.22561578210362715,-1.2774445836787656,1.0,1.0,0.0,0.0,0.0,0.0,0.0,1.0,0,0,0,0,0,0,0,0,0,1,1,1,0
-0.29452667894836937,-1.1960038562387048,1.0,0.0,0.0,0.0,0.0,0.0,0.0,1.0,0,0,1,0,1,0,1,0,0,0,0,1,0
0.9684390411778845,0.8400143297628127,1.0,1.0,0.0,0.0,0.0,0.0,1.0,0.0,1,1,0,1,1,0,1,0,0,0,1,1,0
-0.012021188920128179,-0.9924020376385531,1.0,0.0,0.0,0.0,0.0,1.0,0.0,0.0,1,1,0,0,0,0,1,1,0,1,0,1,1
1.4503601712260603,1.4915401492832983,1.0,1.0,0.0,0.0,1.0,0.0,0.0,0.0,1,1,0,1,0,1,1,1,1,1,1,1,1
0.682609957149311,-1.1145631287986442,0.0,1.0,0.0,0.0,0.0,0.0,0.0,1.0,0,0,0,0,0,1,0,0,1,1,0,1,0
1.4187860282229037,1.6137012404433893,0.0,1.0,0.0,0.0,1.0,0.0,0.0,1.0,1,1,1,1,1,0,1,1,1,0,0,1,0
-0.532163649972125,-0.7888002190384014,0.0,0.0,0.0,0.0,0.0,0.0,0.0,0.0,1,1,0,0,0,0,1,0,1,1,1,0,0
0.6942425361504742,-1.1552834925186746,0.0,1.0,0.0,0.0,0.0,0.0,1.0,0.0,0,0,0,1,0,0,0,0,1,1,1,1,0
0.8820255971692458,0.880734693482843,0.0,0.0,0.0,0.0,1.0,1.0,0.0,0.0,1,1,1,1,1,1,1,1,1,0,0,1,0
0.7042133181514708,1.6137012404433893,1.0,0.0,0.0,0.0,1.0,0.0,0.0,0.0,1,1,0,1,0,1,1,1,1,0,0,1,0
1.393859073220412,-0.8295205827584317,1.0,1.0,0.0,0.0,0.0,0.0,1.0,0.0,0,1,0,1,0,1,1,0,1,1,1,1,0
-1.3165318340505352,-1.2774445836787656,1.0,0.0,0.0,0.0,0.0,0.0,1.0,0.0,0,0,0,0,0,0,0,0,0,1,1,0,0
-0.6501512369839195,-1.2774445836787656,1.0,0.0,0.0,0.0,0.0,0.0,1.0,0.0,0,0,0,0,0,0,0,0,0,0,0,1,1
1.5151702542325387,0.880734693482843,0.0,1.0,0.0,1.0,0.0,0.0,1.0,0.0,1,1,0,1,0,1,1,1,1,0,1,1,0
0.47987072312904416,1.4915401492832983,1.0,1.0,0.0,0.0,1.0,1.0,0.0,0.0,1,0,1,1,0,0,1,0,0,1,0,1,0
-0.3078210549496983,0.6364125111626608,0.0,0.0,0.0,0.0,1.0,1.0,0.0,0.0,0,0,0,0,1,1,0,0,0,0,0,1,0
1.2791950802089493,0.6364125111626608,0.0,1.0,0.0,1.0,0.0,1.0,0.0,0.0,1,1,1,1,1,1,0,0,1,1,1,1,0
0.8471278601657574,-0.9924020376385531,0.0,1.0,0.0,0.0,0.0,0.0,1.0,0.0,1,1,0,1,0,0,0,1,0,1,0,1,0
0.8803638001690798,1.5729808767233588,1.0,0.0,0.0,0.0,1.0,0.0,0.0,1.0,1,1,1,1,1,1,1,1,1,1,0,1,0
-0.5637377929752814,-1.2367242199587352,1.0,0.0,0.0,0.0,0.0,0.0,1.0,0.0,0,0,0,0,1,0,0,0,0,1,1,1,0
1.2010906212011416,1.4100994218432374,1.0,1.0,0.0,1.0,0.0,1.0,0.0,0.0,1,1,0,0,1,1,0,0,1,1,0,1,0
1.0947356131905097,0.06632741908223598,1.0,1.0,0.0,0.0,0.0,0.0,0.0,0.0,1,1,1,1,0,1,0,0,1,1,0,1,0
0.16911468409797886,-1.1960038562387048,0.0,1.0,0.0,0.0,0.0,0.0,1.0,0.0,0,0,0,0,0,0,0,0,0,1,0,1,0
0.0278619390838584,-0.9516816739185228,0.0,0.0,0.0,1.0,0.0,0.0,0.0,1.0,1,0,1,0,0,1,0,1,1,1,0,1,0
1.325725396213601,1.5729808767233588,1.0,1.0,0.0,1.0,0.0,0.0,0.0,0.0,1,1,1,0,1,1,1,0,1,1,0,1,0
0.8537750481664219,1.002895784642934,1.0,1.0,0.0,0.0,1.0,1.0,0.0,0.0,0,0,0,1,0,0,0,1,1,1,0,1,0
-0.035286346922454,1.6137012404433893,1.0,0.0,0.0,0.0,1.0,0.0,0.0,0.0,0,1,0,0,1,1,1,1,1,1,0,0,0
1.3207400052131024,0.6364125111626608,0.0,1.0,0.0,0.0,0.0,0.0,1.0,0.0,1,1,1,0,1,0,1,1,1,1,0,1,1
-1.4843733310673135,-0.5851984004382496,1.0,0.0,1.0,1.0,0.0,0.0,0.0,1.0,0,0,0,0,0,0,0,0,0,0,0,1,0
1.3140928172124378,0.43281069256250915,1.0,1.0,0.0,1.0,0.0,1.0,0.0,0.0,1,1,1,1,0,0,1,1,1,1,0,1,0
0.9468356801757247,1.6137012404433893,0.0,0.0,0.0,0.0,1.0,0.0,0.0,0.0,1,1,1,1,1,1,1,1,1,1,0,1,0
0.28876406810994004,0.10704778280226633,1.0,0.0,0.0,1.0,0.0,0.0,0.0,0.0,1,1,1,1,0,0,0,1,1,1,0,1,0
-1.46443176706532,-1.1552834925186746,1.0,0.0,1.0,0.0,0.0,0.0,0.0,1.0,0,0,0,0,0,0,0,0,0,0,0,1,0
-1.3132082400502028,0.6771328748826912,0.0,0.0,1.0,0.0,1.0,0.0,0.0,1.0,1,0,1,1,0,0,0,0,0,0,0,1,0
1.1877962451998125,1.5729808767233588,0.0,1.0,0.0,0.0,1.0,0.0,0.0,0.0,1,0,1,1,1,1,1,0,1,0,0,1,0
0.85876043916692,-0.8702409464784621,1.0,1.0,0.0,0.0,0.0,0.0,1.0,0.0,1,1,1,0,0,0,0,0,1,0,0,1,0
0.8188773111629334,1.247217966963116,1.0,0.0,0.0,0.0,1.0,1.0,0.0,0.0,1,1,1,1,1,1,1,1,1,1,0,1,0
1.0199547481830342,1.3286586944031769,0.0,1.0,0.0,0.0,0.0,0.0,0.0,0.0,0,0,0,1,0,1,1,0,1,1,0,1,1
-1.4727407520661506,0.6771328748826912,0.0,0.0,1.0,0.0,1.0,1.0,0.0,0.0,0,0,1,0,0,0,0,0,0,0,0,1,0
1.1246479591934997,-0.13727439951791576,0.0,1.0,0.0,0.0,0.0,1.0,0.0,0.0,0,1,0,1,0,0,1,0,1,1,1,1,0
0.6078290921418354,-0.7073594915983407,0.0,1.0,0.0,0.0,0.0,0.0,1.0,0.0,1,0,0,1,0,0,1,1,0,1,1,1,1
-1.4893587220678117,-1.1552834925186746,0.0,0.0,1.0,0.0,0.0,0.0,1.0,0.0,1,0,1,0,0,0,0,0,0,1,0,1,0
1.475287126228552,1.6137012404433893,0.0,1.0,0.0,1.0,0.0,1.0,0.0,0.0,1,1,0,1,0,1,1,1,1,0,0,1,0
0.6959043331506402,-0.2594354906780068,0.0,1.0,0.0,0.0,0.0,1.0,0.0,0.0,1,0,0,0,0,0,1,0,1,1,0,1,1
1.2393119522049623,0.10704778280226633,0.0,1.0,0.0,0.0,0.0,0.0,0.0,0.0,1,1,0,1,0,0,1,0,1,0,0,1,1
0.9950277931805424,1.002895784642934,0.0,1.0,0.0,1.0,0.0,0.0,1.0,0.0,0,1,0,1,0,1,0,1,0,0,0,1,0
-0.012021188920128179,-0.1779947632379461,1.0,0.0,0.0,0.0,0.0,0.0,1.0,0.0,1,1,1,1,0,1,0,0,0,0,0,1,0
-1.261692533045053,-0.30015585439803716,0.0,0.0,1.0,1.0,0.0,0.0,0.0,1.0,1,0,0,1,0,0,0,0,0,1,0,1,0
0.042818112085353605,0.5956921474426305,0.0,0.0,0.0,1.0,0.0,1.0,0.0,0.0,1,0,0,0,1,0,1,0,1,1,0,1,0
0.014567563082529699,1.002895784642934,0.0,0.0,0.0,0.0,0.0,0.0,0.0,0.0,1,0,1,1,1,1,0,1,0,0,0,1,0
0.6743009721484804,-0.6666391278783103,1.0,1.0,0.0,0.0,0.0,1.0,0.0,0.0,1,0,0,1,0,0,0,0,1,1,0,1,1
-0.29785027294870164,-1.1145631287986442,1.0,0.0,0.0,0.0,0.0,0.0,0.0,1.0,0,0,0,0,1,0,1,0,0,1,0,1,0
0.1873944510998066,-0.62591876415828,1.0,1.0,0.0,0.0,0.0,0.0,0.0,0.0,1,0,0,0,0,0,0,0,0,1,1,1,0
1.329048990213933,0.9621754209229036,0.0,1.0,0.0,1.0,0.0,0.0,0.0,0.0,0,1,0,1,0,1,1,0,1,1,1,1,1
-1.4893587220678117,1.6137012404433893,1.0,0.0,1.0,0.0,1.0,0.0,0.0,0.0,1,0,1,0,0,0,0,0,0,0,0,1,0
0.9800716201790471,-0.46303730927815856,0.0,1.0,0.0,0.0,0.0,0.0,1.0,0.0,0,1,0,1,0,0,0,0,1,1,1,1,1
-0.6567984249845842,0.6364125111626608,0.0,0.0,0.0,1.0,0.0,1.0,0.0,0.0,1,1,1,0,1,0,1,0,0,0,0,0,0
1.6663937812476561,1.4508197855632678,0.0,1.0,0.0,0.0,1.0,0.0,0.0,0.0,1,1,0,1,1,1,1,1,1,0,0,1,0
1.3838882912194153,-0.0965540357978854,0.0,1.0,0.0,0.0,0.0,0.0,0.0,0.0,0,1,0,1,1,0,0,1,1,0,0,1,0
-0.6202388909809294,-1.1960038562387048,0.0,0.0,0.0,0.0,0.0,0.0,0.0,1.0,1,0,0,0,0,0,0,0,0,1,0,1,0
-0.8329489070021932,-0.748079855318371,0.0,0.0,0.0,0.0,1.0,0.0,0.0,1.0,0,0,0,0,1,0,1,1,0,0,0,0,1
-1.4860351280674797,-1.1552834925186746,0.0,0.0,1.0,0.0,0.0,0.0,0.0,0.0,0,0,1,0,0,0,0,0,0,1,0,1,0
1.0299255301840309,1.5729808767233588,0.0,1.0,0.0,0.0,1.0,1.0,0.0,0.0,1,1,1,1,0,1,1,0,0,1,0,1,0
-1.341458789053027,-0.9924020376385531,1.0,0.0,1.0,1.0,0.0,0.0,0.0,1.0,1,0,1,1,0,0,0,0,0,0,0,1,0
-1.03568814102246,1.1657772395230555,1.0,0.0,0.0,0.0,0.0,0.0,0.0,0.0,1,0,1,0,1,0,1,0,0,0,0,0,0
0.8537750481664219,1.6137012404433893,1.0,1.0,0.0,0.0,1.0,0.0,0.0,0.0,1,0,1,1,0,1,1,1,0,0,0,1,0
0.6394032351449919,-1.1145631287986442,0.0,1.0,0.0,0.0,0.0,0.0,1.0,0.0,0,0,0,1,0,0,0,0,1,1,0,1,0
0.0876866310898392,0.6771328748826912,0.0,0.0,0.0,0.0,1.0,0.0,0.0,0.0,0,0,0,0,1,1,1,1,0,0,0,1,0
-1.4976677070686424,-0.9924020376385531,1.0,0.0,1.0,0.0,0.0,0.0,0.0,0.0,0,0,0,0,0,0,0,0,0,1,0,1,0
0.5180920541328647,-1.1960038562387048,1.0,1.0,0.0,0.0,0.0,0.0,1.0,0.0,0,1,0,0,0,0,0,0,0,1,0,1,0
-1.5009913010689746,-0.9516816739185228,1.0,0.0,1.0,0.0,1.0,0.0,0.0,1.0,1,0,1,0,0,0,0,0,0,0,0,1,0
-0.3510277769540174,1.4100994218432374,1.0,0.0,0.0,0.0,1.0,0.0,0.0,0.0,1,0,1,0,1,1,0,0,0,1,0,1,0
-0.6501512369839195,0.5549717837226001,1.0,0.0,0.0,0.0,0.0,1.0,0.0,0.0,0,0,0,0,0,0,0,0,0,1,0,1,0
0.3436033691154218,1.4100994218432374,0.0,0.0,0.0,1.0,0.0,0.0,0.0,1.0,1,1,0,1,1,1,1,0,0,0,0,1,0
-1.4976677070686424,0.9214550572028734,0.0,0.0,1.0,1.0,0.0,0.0,1.0,0.0,1,0,0,0,0,0,0,0,0,0,0,1,0
0.2654989101076142,0.025607055362205634,1.0,0.0,0.0,0.0,0.0,0.0,0.0,0.0,1,0,0,1,1,1,1,0,1,1,0,1,0
-1.4860351280674797,1.2064976032430856,1.0,0.0,1.0,0.0,1.0,1.0,0.0,0.0,1,0,1,0,0,0,0,0,0,0,0,1,0
-0.6252242819814278,-1.2774445836787656,0.0,0.0,0.0,0.0,0.0,0.0,0.0,1.0,0,0,1,0,0,0,0,0,0,0,1,1,0
-0.8495668770038544,0.6771328748826912,1.0,0.0,0.0,0.0,0.0,0.0,1.0,0.0,1,1,1,0,1,0,0,0,0,1,0,0,0
-0.6651074099854147,-1.2774445836787656,1.0,0.0,0.0,0.0,0.0,0.0,1.0,0.0,0,0,0,0,0,0,0,0,0,1,0,1,0
0.5945347161405068,-0.748079855318371,1.0,1.0,0.0,0.0,0.0,0.0,1.0,0.0,1,0,0,1,0,1,1,0,0,1,0,1,0
0.9684390411778845,-0.5851984004382496,1.0,1.0,0.0,0.0,0.0,0.0,0.0,0.0,0,0,0,1,0,0,1,1,1,0,0,1,1
0.179085466098976,-1.2774445836787656,0.0,1.0,0.0,0.0,0.0,0.0,1.0,0.0,0,0,0,0,0,0,0,0,0,1,1,1,1
0.6909189421501416,-1.2774445836787656,0.0,1.0,0.0,0.0,0.0,1.0,0.0,0.0,0,0,0,0,0,0,1,0,1,1,1,1,0
1.7411746462551319,1.6137012404433893,0.0,1.0,0.0,0.0,1.0,1.0,0.0,0.0,1,1,0,1,1,1,1,1,1,1,0,1,0
1.1462513201956595,1.2879383306831464,1.0,1.0,0.0,0.0,1.0,1.0,0.0,0.0,0,1,0,1,1,0,1,1,0,0,0,1,0
1.5882893222398482,1.4915401492832983,1.0,1.0,0.0,0.0,1.0,0.0,0.0,0.0,1,1,0,1,1,1,1,1,1,1,0,1,0
-1.2982520670487077,-1.2774445836787656,0.0,0.0,1.0,0.0,0.0,0.0,1.0,0.0,0,0,0,1,0,0,0,0,0,1,0,1,0
0.8487896571659234,1.5729808767233588,1.0,0.0,0.0,0.0,1.0,1.0,0.0,0.0,1,1,1,1,1,1,1,1,1,0,0,1,0
-0.5105602889699654,1.369379058123207,0.0,0.0,0.0,1.0,0.0,1.0,0.0,0.0,1,0,1,0,0,0,0,1,0,1,0,1,0
-1.5076384890696393,-1.2367242199587352,1.0,0.0,1.0,0.0,0.0,0.0,0.0,1.0,0,0,0,0,0,0,0,0,0,0,0,1,0
1.4935668932303794,1.5729808767233588,0.0,1.0,0.0,0.0,1.0,0.0,0.0,0.0,1,1,0,0,1,1,1,1,1,1,0,1,1
-0.11671439993059413,-0.8702409464784621,1.0,0.0,0.0,1.0,0.0,0.0,1.0,0.0,0,0,0,0,0,1,0,0,1,1,0,1,0
-0.31446824295036285,0.5956921474426305,1.0,0.0,0.0,0.0,0.0,0.0,1.0,0.0,0,0,1,0,1,1,0,0,0,1,0,1,0
0.18407085709947407,0.10704778280226633,0.0,1.0,0.0,0.0,0.0,0.0,1.0,0.0,1,0,0,0,0,0,0,0,0,1,1,1,0
1.3822264942192488,-0.015113308357824713,1.0,1.0,0.0,0.0,0.0,0.0,0.0,0.0,1,1,0,1,0,1,1,0,1,0,1,1,1
1.2958130502106107,1.125056875803025,1.0,1.0,0.0,0.0,0.0,0.0,0.0,0.0,1,1,1,1,0,1,0,1,1,1,0,1,0
-1.504314895069307,-0.8702409464784621,1.0,0.0,1.0,1.0,0.0,0.0,0.0,1.0,0,0,0,0,0,0,0,0,0,0,0,1,0
-0.8395960950028577,-0.13727439951791576,0.0,0.0,0.0,1.0,0.0,1.0,0.0,0.0,0,0,0,0,1,1,0,1,0,0,0,0,0
-1.286619488047545,-0.46303730927815856,1.0,0.0,0.0,0.0,0.0,0.0,1.0,0.0,1,0,1,0,0,0,0,0,0,1,0,0,0
0.8737166121684152,0.6364125111626608,1.0,1.0,0.0,0.0,0.0,1.0,0.0,0.0,1,1,0,1,0,0,1,0,0,1,0,1,1
-1.166970104035584,-1.1960038562387048,0.0,0.0,0.0,0.0,0.0,0.0,0.0,1.0,0,0,1,0,0,1,0,0,0,0,0,0,0
-0.48397153696730727,0.43281069256250915,0.0,0.0,0.0,0.0,0.0,0.0,0.0,1.0,1,0,1,0,0,1,0,0,0,0,0,1,0
1.3473287572157604,-1.1145631287986442,1.0,1.0,0.0,0.0,0.0,0.0,1.0,0.0,0,1,0,1,0,1,1,0,1,0,0,1,0
-0.3094828519498643,-1.2774445836787656,0.0,0.0,0.0,0.0,0.0,0.0,1.0,0.0,0,1,0,0,0,0,0,0,0,1,0,1,0
0.6875953481498096,1.5729808767233588,1.0,0.0,0.0,1.0,0.0,0.0,1.0,0.0,1,1,1,1,1,0,1,1,1,0,0,1,0
-1.4943441130683104,-0.9924020376385531,0.0,0.0,1.0,1.0,0.0,0.0,1.0,0.0,1,0,1,0,0,0,0,0,0,0,0,1,0
-0.18318627993723904,-0.9924020376385531,1.0,0.0,0.0,0.0,0.0,0.0,1.0,0.0,0,0,0,1,0,0,0,0,1,1,0,1,0
0.8620840331672525,-0.5037576729981889,1.0,1.0,0.0,0.0,0.0,1.0,0.0,0.0,0,0,0,1,0,0,1,0,1,1,0,1,0
1.2941512532104444,0.025607055362205634,0.0,1.0,0.0,1.0,0.0,0.0,0.0,1.0,1,1,1,1,1,0,1,0,1,1,1,1,0
0.4748853321285456,1.5729808767233588,1.0,1.0,0.0,1.0,0.0,1.0,0.0,0.0,0,0,0,1,0,1,0,0,0,1,0,1,0
0.8620840331672525,-0.055833672077855064,0.0,1.0,0.0,1.0,0.0,0.0,1.0,0.0,1,0,0,1,0,0,1,0,1,1,0,1,1
1.0049985751815391,0.22920887396235737,0.0,1.0,0.0,1.0,0.0,1.0,0.0,0.0,1,1,0,1,1,1,0,0,0,0,0,1,1
0.7839795741594444,-1.2774445836787656,1.0,1.0,0.0,0.0,0.0,0.0,1.0,0.0,0,1,0,0,0,0,0,0,1,1,1,1,0
-1.1470285400335904,-1.2367242199587352,0.0,0.0,0.0,0.0,0.0,0.0,0.0,1.0,1,0,1,0,0,1,0,0,0,1,0,0,0
-0.49560411596847015,-0.8295205827584317,0.0,0.0,0.0,0.0,0.0,0.0,0.0,0.0,1,1,0,0,0,0,1,0,1,1,0,0,0
0.9385266951748941,-0.9516816739185228,0.0,1.0,0.0,0.0,0.0,0.0,0.0,0.0,0,1,1,0,1,0,1,1,0,0,0,1,0
-0.3393951979528547,-0.8702409464784621,1.0,0.0,0.0,0.0,0.0,0.0,1.0,0.0,0,0,1,0,0,1,0,1,0,1,0,1,1
-1.4976677070686424,-1.0738427650786138,1.0,0.0,1.0,0.0,0.0,0.0,0.0,1.0,0,0,1,0,0,0,0,0,0,0,0,1,0
0.6659919871476498,1.5729808767233588,0.0,0.0,0.0,1.0,0.0,0.0,0.0,0.0,1,1,0,0,1,1,1,1,1,1,0,1,0
0.9867188081797118,0.3920903288424788,0.0,1.0,0.0,1.0,0.0,1.0,0.0,0.0,1,0,1,1,1,1,0,0,1,1,0,1,0
0.9784098231788811,-0.9924020376385531,0.0,1.0,0.0,0.0,0.0,0.0,1.0,0.0,1,1,1,0,0,0,1,0,1,1,1,1,0
1.0465435001856922,-1.1145631287986442,0.0,1.0,0.0,0.0,0.0,0.0,1.0,0.0,0,1,0,0,0,1,0,0,1,1,1,1,0
0.19736523310080326,-1.2367242199587352,0.0,1.0,0.0,0.0,0.0,0.0,1.0,0.0,1,0,0,0,0,0,0,0,0,1,1,1,0
-1.4594463760648215,0.5142514200025698,0.0,0.0,1.0,0.0,1.0,0.0,0.0,1.0,1,0,1,0,0,0,0,0,0,0,0,1,0
-0.1582593249347472,-0.1779947632379461,1.0,0.0,0.0,1.0,0.0,1.0,0.0,0.0,1,1,1,0,0,1,1,1,1,1,0,0,0
0.5214156481331973,0.43281069256250915,0.0,1.0,0.0,0.0,0.0,0.0,1.0,0.0,1,0,0,1,0,1,0,0,0,0,0,1,0
0.6709773781481484,1.125056875803025,1.0,0.0,0.0,0.0,1.0,0.0,1.0,0.0,0,1,1,1,1,0,1,1,1,1,0,1,0
-1.0373499380226265,0.3920903288424788,0.0,0.0,0.0,1.0,0.0,0.0,0.0,1.0,1,0,0,0,0,1,0,1,0,0,1,0,0
-0.5022513039691348,-1.0331224013585834,1.0,0.0,0.0,0.0,1.0,1.0,0.0,0.0,1,1,1,0,1,0,1,1,0,0,0,0,0
-1.481049737066981,-0.30015585439803716,0.0,0.0,1.0,1.0,0.0,0.0,0.0,0.0,1,0,0,0,0,0,0,0,0,1,0,1,0
0.9900424021800438,0.3106496014024181,0.0,1.0,0.0,0.0,0.0,1.0,0.0,0.0,1,1,1,1,0,0,0,0,1,1,1,1,1
1.1877962451998125,-0.21871512695797646,1.0,1.0,0.0,1.0,0.0,0.0,0.0,0.0,0,1,0,1,0,0,1,0,1,1,0,1,0
-0.9642308700153169,-0.9109613101984924,1.0,0.0,0.0,0.0,0.0,0.0,1.0,0.0,0,0,0,0,0,1,0,1,0,0,0,0,0
0.720831288153132,-0.21871512695797646,0.0,1.0,0.0,0.0,0.0,0.0,0.0,0.0,0,0,0,1,0,1,1,0,0,1,0,1,1
-0.3643221529553466,-0.8702409464784621,0.0,0.0,0.0,1.0,0.0,0.0,0.0,0.0,0,0,0,0,0,0,1,1,0,0,0,1,0
-0.8711702380060141,-1.1552834925186746,1.0,0.0,0.0,0.0,0.0,1.0,0.0,0.0,1,0,1,0,1,0,0,0,1,0,0,0,0
-0.8263017190015288,1.4508197855632678,1.0,0.0,0.0,0.0,0.0,0.0,0.0,0.0,0,1,0,0,0,0,1,0,0,1,0,0,0
0.17576187209864347,-1.2774445836787656,1.0,1.0,0.0,0.0,0.0,0.0,1.0,0.0,0,0,0,0,0,0,0,0,0,1,0,1,1
-1.4843733310673135,-0.5851984004382496,0.0,0.0,1.0,1.0,0.0,0.0,0.0,1.0,0,0,0,0,0,0,0,0,0,0,0,1,0
1.6015836982411773,1.002895784642934,0.0,1.0,0.0,0.0,1.0,0.0,0.0,0.0,0,1,0,1,1,1,1,0,1,1,1,1,0
-1.477726143066649,-0.2594354906780068,1.0,0.0,1.0,0.0,0.0,0.0,1.0,0.0,0,0,0,0,0,0,0,0,0,1,0,1,0
-0.9675544640156493,-0.62591876415828,0.0,0.0,0.0,0.0,0.0,1.0,0.0,0.0,1,0,0,0,0,1,1,0,0,1,0,0,0
-0.9592454790148186,-1.2774445836787656,1.0,0.0,0.0,0.0,0.0,0.0,1.0,0.0,0,1,0,0,0,0,0,0,0,0,1,0,0
1.1462513201956595,0.22920887396235737,1.0,1.0,0.0,0.0,0.0,0.0,0.0,0.0,0,1,1,1,0,0,1,0,1,1,1,1,0
0.6045054981415035,1.0843365120829946,1.0,1.0,0.0,1.0,0.0,1.0,0.0,0.0,1,0,0,0,1,1,1,0,0,1,0,1,1
-0.3028356639492,-0.0965540357978854,1.0,0.0,0.0,0.0,1.0,0.0,0.0,1.0,0,0,0,0,1,0,1,0,0,1,0,1,0
-1.3397969920528607,-1.2367242199587352,1.0,0.0,0.0,0.0,0.0,0.0,0.0,1.0,0,0,0,0,0,0,0,0,0,1,1,0,1
-1.3148700370503688,0.7178532386027215,0.0,0.0,1.0,1.0,0.0,0.0,1.0,0.0,1,0,0,1,0,0,0,0,0,0,0,1,1
-0.46402997296531395,-0.9516816739185228,1.0,0.0,0.0,1.0,0.0,0.0,0.0,1.0,0,1,0,0,1,0,1,1,0,0,0,0,0
-1.4993295040688086,-1.1960038562387048,0.0,0.0,1.0,0.0,0.0,0.0,0.0,1.0,1,0,1,0,0,0,0,0,0,0,0,1,0
-0.16490651293541178,-0.748079855318371,0.0,0.0,0.0,0.0,0.0,1.0,0.0,0.0,0,0,1,0,0,0,1,0,1,1,0,1,0
0.2920876621102721,-0.055833672077855064,0.0,1.0,0.0,0.0,0.0,1.0,0.0,0.0,0,0,0,0,1,0,0,0,0,1,0,1,1
-0.11172900893009581,-1.0331224013585834,0.0,0.0,0.0,0.0,0.0,0.0,1.0,0.0,0,0,0,0,1,1,1,0,0,0,0,1,0
1.2825186742092813,-0.9924020376385531,0.0,1.0,0.0,0.0,0.0,0.0,0.0,0.0,0,1,0,1,1,0,0,1,1,1,1,1,0
-1.491020519067978,-0.62591876415828,1.0,0.0,1.0,1.0,0.0,0.0,0.0,0.0,1,0,1,0,0,0,0,0,0,0,0,1,0
-1.505976692069473,-0.015113308357824713,1.0,0.0,1.0,0.0,0.0,1.0,0.0,0.0,1,0,1,0,0,0,0,0,0,1,0,1,0
0.5563133851366857,-1.2367242199587352,0.0,1.0,0.0,0.0,0.0,0.0,0.0,1.0,0,0,0,0,0,0,0,0,1,0,0,1,1
0.6659919871476498,-1.0331224013585834,1.0,1.0,0.0,0.0,0.0,0.0,1.0,0.0,0,0,0,1,0,0,0,0,1,1,1,1,1
1.4885815022298807,1.6137012404433893,0.0,1.0,0.0,0.0,1.0,1.0,0.0,0.0,1,1,1,1,1,1,1,0,1,0,0,1,0
1.1695164781979852,-0.055833672077855064,0.0,1.0,0.0,0.0,0.0,0.0,1.0,0.0,0,1,0,1,0,1,0,0,1,1,1,1,1
0.32033821111309646,-0.21871512695797646,0.0,1.0,0.0,0.0,0.0,0.0,0.0,1.0,1,0,1,0,1,0,0,0,0,0,0,1,0
0.8388188751649267,-0.5851984004382496,0.0,1.0,0.0,0.0,0.0,1.0,0.0,0.0,0,0,0,1,0,1,0,0,1,1,1,1,0
0.33695618111475767,-1.0331224013585834,1.0,1.0,0.0,0.0,0.0,0.0,1.0,0.0,0,0,0,0,0,0,1,0,0,1,0,1,0
1.332372584214265,-0.748079855318371,0.0,1.0,0.0,0.0,0.0,0.0,1.0,0.0,0,1,0,1,0,1,1,0,1,1,1,1,1
-0.1698919039359101,-0.8702409464784621,1.0,0.0,0.0,0.0,0.0,0.0,0.0,0.0,1,0,1,0,0,0,1,0,1,1,0,1,0
1.5184938482328711,1.6137012404433893,0.0,1.0,0.0,0.0,1.0,0.0,0.0,0.0,1,1,1,1,1,0,1,1,1,1,0,1,0
1.3739175092184182,-0.1779947632379461,1.0,1.0,0.0,1.0,0.0,0.0,1.0,0.0,1,1,1,1,1,1,0,0,1,0,1,1,0
0.31369102311243185,-0.7073594915983407,1.0,1.0,0.0,0.0,0.0,1.0,0.0,0.0,0,0,0,1,0,0,0,0,0,1,1,1,1
0.32200000811326246,-1.1552834925186746,0.0,1.0,0.0,0.0,0.0,0.0,1.0,0.0,0,0,0,1,0,0,0,0,0,1,0,1,1
-1.3364733980525287,1.5729808767233588,0.0,0.0,1.0,0.0,1.0,0.0,1.0,0.0,0,0,0,1,0,0,0,0,0,0,0,1,0
0.8172155141627669,-1.1145631287986442,0.0,1.0,0.0,0.0,0.0,0.0,1.0,0.0,0,1,0,0,0,1,0,1,0,1,1,1,0
-1.3364733980525287,0.5956921474426305,1.0,0.0,1.0,0.0,1.0,0.0,0.0,1.0,1,0,1,1,0,0,0,0,0,0,0,1,0
0.8604222361670865,1.002895784642934,1.0,1.0,0.0,1.0,0.0,0.0,1.0,0.0,1,0,0,0,0,1,1,0,1,1,0,1,1
1.3390197722149297,0.7178532386027215,1.0,1.0,0.0,0.0,1.0,1.0,0.0,0.0,1,1,0,1,1,0,1,0,1,1,0,1,1
-1.4727407520661506,-0.9924020376385531,1.0,0.0,1.0,0.0,0.0,1.0,0.0,0.0,0,0,0,0,0,0,0,0,0,1,0,1,0
-1.502653098069141,0.6364125111626608,0.0,0.0,1.0,0.0,1.0,0.0,0.0,1.0,1,0,1,0,0,0,0,0,0,0,0,1,0
-1.4976677070686424,1.5322605130033284,0.0,0.0,1.0,1.0,0.0,0.0,0.0,0.0,0,0,0,0,0,0,0,0,0,0,0,1,0
0.18905624809997262,-1.2774445836787656,1.0,0.0,0.0,0.0,0.0,0.0,0.0,0.0,0,1,1,0,1,1,0,1,0,1,0,1,0
0.6942425361504742,-0.9924020376385531,1.0,1.0,0.0,0.0,0.0,0.0,0.0,0.0,1,1,0,1,0,0,0,0,0,1,0,1,0
0.4117370461222332,-1.2774445836787656,0.0,1.0,0.0,0.0,0.0,0.0,1.0,0.0,0,0,0,1,0,0,0,0,0,1,1,1,0
-0.9808488400169781,-1.2774445836787656,1.0,0.0,0.0,0.0,0.0,0.0,0.0,0.0,0,1,0,0,0,0,0,0,0,1,1,0,0
-1.4694171580658184,1.125056875803025,1.0,0.0,1.0,0.0,1.0,0.0,0.0,1.0,1,0,1,0,0,0,0,0,0,0,0,1,0
1.1030445981913404,0.6771328748826912,1.0,1.0,0.0,1.0,0.0,0.0,1.0,0.0,1,1,1,1,0,0,0,1,1,1,0,1,0
-0.5388108379727895,-1.1552834925186746,1.0,0.0,0.0,0.0,0.0,0.0,1.0,0.0,1,1,0,0,0,1,0,0,1,1,1,0,0
-1.4876969250676457,-0.13727439951791576,0.0,0.0,1.0,1.0,0.0,0.0,0.0,1.0,0,0,0,0,0,0,0,0,0,0,0,1,0
-1.3132082400502028,1.4100994218432374,0.0,0.0,1.0,0.0,1.0,1.0,0.0,0.0,1,0,0,1,0,0,0,0,0,1,0,1,0
1.1180007711928355,0.8400143297628127,0.0,1.0,0.0,0.0,0.0,1.0,0.0,0.0,1,1,0,1,0,1,0,0,1,1,1,1,0
0.20401242110146783,1.4100994218432374,1.0,0.0,0.0,0.0,1.0,1.0,0.0,0.0,1,0,0,1,1,1,1,1,0,0,0,1,0
-1.4926823160681442,-1.0738427650786138,0.0,0.0,1.0,0.0,0.0,0.0,0.0,1.0,1,0,1,0,0,0,0,0,0,0,0,1,0
1.3822264942192488,0.5956921474426305,0.0,1.0,0.0,0.0,0.0,0.0,1.0,0.0,0,1,0,1,0,1,1,0,1,1,0,1,0
1.15456030519649,0.8400143297628127,0.0,1.0,0.0,0.0,1.0,0.0,0.0,1.0,0,1,0,0,1,1,1,1,0,0,0,1,0
0.6626683931473177,1.4915401492832983,1.0,0.0,0.0,0.0,1.0,0.0,0.0,1.0,1,1,0,0,1,1,1,1,1,1,0,1,0
0.7075369121518029,-1.1960038562387048,1.0,1.0,0.0,0.0,0.0,0.0,0.0,1.0,0,1,0,0,1,0,0,0,0,1,0,1,0
-0.6717545979860794,-1.1552834925186746,1.0,0.0,0.0,0.0,0.0,0.0,0.0,1.0,0,0,0,0,0,0,0,0,0,0,0,1,0
0.36853032411791364,0.9621754209229036,1.0,0.0,0.0,0.0,1.0,1.0,0.0,0.0,1,1,1,1,1,1,0,1,0,1,0,1,0
0.966777244177718,1.0843365120829946,1.0,1.0,0.0,0.0,0.0,0.0,0.0,0.0,1,1,0,1,0,0,0,0,1,1,1,1,1
-1.3215172250510334,1.1657772395230555,1.0,0.0,1.0,0.0,1.0,0.0,0.0,0.0,1,0,0,1,0,0,0,0,0,0,0,1,1
-0.6567984249845842,-1.2367242199587352,0.0,0.0,0.0,0.0,0.0,0.0,1.0,0.0,1,0,0,0,0,0,0,0,0,1,0,1,0
1.1944434332004772,0.5549717837226001,1.0,1.0,0.0,0.0,0.0,0.0,1.0,0.0,1,0,1,1,1,1,1,0,1,1,1,1,1
-1.4710789550659844,-0.8295205827584317,1.0,0.0,1.0,0.0,0.0,0.0,0.0,1.0,1,0,1,0,0,0,0,0,0,0,0,1,0
0.5214156481331973,-0.748079855318371,0.0,1.0,0.0,0.0,0.0,0.0,1.0,0.0,0,0,0,1,0,0,1,0,0,1,1,1,0
0.8537750481664219,-0.1779947632379461,0.0,1.0,0.0,1.0,0.0,0.0,1.0,0.0,1,1,1,1,0,0,0,1,0,1,0,1,0
-0.143303151933252,-0.3408762181180675,1.0,0.0,0.0,0.0,0.0,0.0,0.0,0.0,0,0,0,0,1,1,0,1,0,0,0,1,0
-0.3161300399505289,-0.055833672077855064,1.0,0.0,0.0,0.0,0.0,0.0,1.0,0.0,0,0,0,0,0,0,1,1,0,1,1,1,0
0.45494376812655235,1.4508197855632678,0.0,0.0,0.0,1.0,0.0,0.0,1.0,0.0,1,1,1,1,1,1,1,1,0,1,0,1,0
1.1894580421999785,0.26992923768238775,1.0,1.0,0.0,0.0,1.0,0.0,0.0,1.0,0,1,1,1,0,0,0,1,1,0,0,1,0
-1.4760643460664828,0.3920903288424788,0.0,0.0,1.0,0.0,0.0,1.0,0.0,0.0,1,0,0,0,0,0,0,0,0,0,0,1,0
-0.3427187919531868,-0.7888002190384014,1.0,0.0,0.0,0.0,0.0,0.0,1.0,0.0,1,1,0,0,1,0,0,1,1,1,1,0,0
0.8637458301674186,-1.0738427650786138,0.0,1.0,0.0,0.0,0.0,0.0,1.0,0.0,1,1,0,1,0,1,0,0,0,1,0,1,0
0.35191235411625243,0.10704778280226633,1.0,1.0,0.0,0.0,0.0,1.0,0.0,0.0,0,0,0,1,0,0,0,0,0,0,1,1,0
-1.479387940066815,0.22920887396235737,0.0,0.0,1.0,1.0,0.0,1.0,0.0,0.0,1,0,0,0,0,0,0,0,0,1,0,1,0
-1.4860351280674797,-0.5851984004382496,1.0,0.0,1.0,0.0,1.0,1.0,0.0,0.0,0,0,0,0,0,0,0,0,0,0,0,1,0
-1.5009913010689746,-1.1552834925186746,0.0,0.0,1.0,0.0,0.0,0.0,0.0,1.0,1,0,0,0,0,0,0,0,0,0,0,1,0
-0.3643221529553466,-0.21871512695797646,1.0,0.0,0.0,0.0,0.0,0.0,1.0,0.0,1,0,0,0,0,1,0,1,0,1,0,1,0
0.18074726309914202,0.35136996512244845,1.0,0.0,0.0,1.0,0.0,0.0,0.0,1.0,0,0,1,0,1,1,1,0,1,0,0,1,0
0.356897745116751,0.7178532386027215,1.0,0.0,0.0,1.0,0.0,0.0,1.0,0.0,1,1,1,0,1,0,0,1,1,0,0,1,0
-1.4760643460664828,1.6137012404433893,1.0,0.0,1.0,0.0,1.0,0.0,1.0,0.0,1,0,1,0,0,0,0,0,0,0,0,1,0
-1.286619488047545,1.5322605130033284,0.0,0.0,1.0,1.0,0.0,1.0,0.0,0.0,0,0,0,1,0,0,0,0,0,0,0,1,0
-1.4677553610656522,0.47353105628253944,1.0,0.0,1.0,1.0,0.0,0.0,0.0,0.0,1,0,1,0,0,0,0,0,0,0,0,1,0
0.36354493311741554,-1.2367242199587352,1.0,1.0,0.0,0.0,0.0,0.0,1.0,0.0,0,0,0,0,1,0,0,0,0,1,1,1,0
-1.4843733310673135,0.06632741908223598,0.0,0.0,1.0,1.0,0.0,0.0,0.0,0.0,1,0,1,0,0,0,0,0,0,1,0,1,0
-1.3447823830533592,1.6137012404433893,0.0,0.0,1.0,0.0,1.0,0.0,0.0,0.0,1,0,0,1,0,0,0,0,0,0,0,1,1
-1.3381351950526947,1.5729808767233588,1.0,0.0,1.0,0.0,1.0,0.0,1.0,0.0,1,0,0,1,0,0,0,0,0,1,0,1,0
1.5201556452330371,1.2879383306831464,0.0,1.0,0.0,0.0,1.0,1.0,0.0,0.0,0,1,0,1,0,1,1,1,1,1,0,1,0
-1.3132082400502028,1.6137012404433893,0.0,0.0,1.0,0.0,1.0,0.0,0.0,0.0,1,0,0,1,0,0,0,0,0,1,0,1,0
0.3153528201125979,-1.2774445836787656,1.0,1.0,0.0,0.0,0.0,0.0,0.0,1.0,0,0,0,1,0,0,0,0,0,1,1,1,0
0.8421424691652587,-0.13727439951791576,1.0,1.0,0.0,1.0,0.0,0.0,0.0,0.0,1,1,0,0,1,0,1,0,0,0,0,1,1
0.13255515009432434,-0.38159658183809786,0.0,0.0,0.0,1.0,0.0,0.0,0.0,0.0,1,1,0,0,1,0,1,1,0,1,0,1,0
-1.5142856770703037,0.7992939660427822,1.0,0.0,1.0,0.0,1.0,0.0,0.0,1.0,1,0,1,0,0,0,0,0,0,0,0,1,0
0.82884809316393,-0.30015585439803716,0.0,1.0,0.0,0.0,0.0,0.0,1.0,0.0,0,1,0,1,0,1,0,0,0,1,1,1,1
1.6730409692483204,1.2879383306831464,0.0,1.0,0.0,0.0,1.0,0.0,0.0,0.0,0,1,0,1,1,1,1,1,1,1,0,1,0
1.0515288911861906,-0.6666391278783103,0.0,1.0,0.0,0.0,0.0,0.0,1.0,0.0,0,1,0,1,0,0,0,0,1,1,1,1,1
0.1574821050968162,-1.2774445836787656,1.0,1.0,0.0,0.0,0.0,0.0,0.0,0.0,0,0,0,0,0,0,0,0,0,1,1,1,1
1.1595456961969886,-0.3408762181180675,1.0,1.0,0.0,0.0,0.0,0.0,0.0,0.0,0,1,0,1,0,1,0,0,1,1,0,1,0
0.8870109881697443,-1.2367242199587352,1.0,1.0,0.0,0.0,0.0,0.0,1.0,0.0,1,0,0,1,0,0,1,0,1,1,0,1,0
0.6643301901474837,0.06632741908223598,0.0,0.0,0.0,0.0,1.0,0.0,0.0,1.0,1,1,1,0,1,1,1,1,1,0,0,1,0
0.6809481601491449,0.14776814652229667,1.0,1.0,0.0,0.0,0.0,1.0,0.0,0.0,1,1,0,1,0,0,0,0,0,1,1,1,1
0.464914550127549,0.8400143297628127,1.0,0.0,0.0,1.0,0.0,0.0,0.0,1.0,1,1,1,1,0,0,1,1,1,1,0,1,0
-1.479387940066815,0.5956921474426305,0.0,0.0,1.0,0.0,1.0,1.0,0.0,0.0,1,0,1,0,0,0,0,0,0,0,0,1,0
-1.491020519067978,1.6137012404433893,1.0,0.0,1.0,0.0,1.0,1.0,0.0,0.0,0,0,1,0,0,0,0,0,0,0,0,1,0
1.0963974101906757,1.6137012404433893,1.0,1.0,0.0,0.0,1.0,1.0,0.0,0.0,1,1,1,1,1,1,0,1,0,1,0,1,0
-1.5076384890696393,-1.2774445836787656,1.0,0.0,1.0,0.0,0.0,0.0,0.0,1.0,0,0,0,0,0,0,0,0,0,0,1,1,0
0.6161380771426661,-0.9516816739185228,0.0,1.0,0.0,0.0,0.0,0.0,1.0,0.0,0,1,0,1,0,0,0,0,0,1,1,1,0
0.5097830691320341,-0.9924020376385531,0.0,1.0,0.0,0.0,0.0,0.0,0.0,0.0,0,0,0,0,0,0,0,0,1,1,1,1,0
-0.06852228692577646,0.5142514200025698,1.0,0.0,0.0,1.0,0.0,1.0,0.0,0.0,0,1,0,0,1,0,1,0,0,0,1,1,1
1.1844726511994805,-1.0331224013585834,0.0,1.0,0.0,0.0,0.0,0.0,1.0,0.0,0,1,0,0,0,0,1,1,1,1,0,1,0
-1.3397969920528607,1.5729808767233588,0.0,0.0,1.0,0.0,1.0,1.0,0.0,0.0,1,0,0,1,0,0,0,0,0,1,0,1,0
1.2077378092018058,0.35136996512244845,0.0,1.0,0.0,1.0,0.0,0.0,0.0,0.0,0,1,0,0,0,0,1,1,1,1,0,1,1
-0.4607063789649817,1.4100994218432374,1.0,0.0,0.0,0.0,1.0,1.0,0.0,0.0,1,1,1,0,1,0,0,0,1,0,0,0,0
1.4104770432220732,1.4915401492832983,1.0,1.0,0.0,1.0,0.0,1.0,0.0,0.0,1,1,0,1,1,1,1,1,0,1,0,1,0
0.9119379431722362,1.5322605130033284,0.0,0.0,0.0,0.0,1.0,0.0,0.0,0.0,1,1,0,1,1,1,1,1,1,1,0,1,1
-1.3115464430500368,-0.30015585439803716,1.0,0.0,1.0,1.0,0.0,0.0,0.0,0.0,0,0,0,1,0,0,0,0,0,0,1,1,0
1.6165398712426726,1.6137012404433893,1.0,1.0,0.0,0.0,1.0,0.0,0.0,0.0,0,1,0,1,1,1,1,1,1,0,0,1,0
-0.8046983579993692,0.06632741908223598,1.0,0.0,0.0,0.0,1.0,0.0,1.0,0.0,1,0,1,0,0,0,0,1,1,1,0,0,0
-1.288281285047711,1.3286586944031769,0.0,0.0,1.0,0.0,1.0,1.0,0.0,0.0,1,0,1,1,0,0,0,0,0,0,0,1,0
1.5683477582378549,1.5322605130033284,0.0,1.0,0.0,0.0,1.0,1.0,0.0,0.0,0,1,0,1,1,1,1,1,1,1,0,1,0
-0.3643221529553466,1.6137012404433893,0.0,0.0,0.0,0.0,1.0,1.0,0.0,0.0,1,1,1,0,1,0,1,0,1,1,0,0,0
0.2438955491054544,0.10704778280226633,1.0,0.0,0.0,1.0,0.0,0.0,0.0,1.0,0,1,1,0,0,0,0,1,1,1,0,1,0
1.109691786192005,-0.7888002190384014,1.0,1.0,0.0,0.0,0.0,0.0,0.0,1.0,0,1,0,1,1,0,0,0,1,0,1,1,0
0.46823814412788106,-0.8295205827584317,0.0,0.0,0.0,1.0,0.0,0.0,1.0,0.0,1,1,0,1,1,0,1,0,1,0,0,1,0
0.19902703010096928,1.2064976032430856,0.0,0.0,0.0,1.0,0.0,0.0,0.0,0.0,1,0,1,0,1,0,1,1,1,1,0,1,0
0.37850110611891075,-0.30015585439803716,0.0,0.0,0.0,0.0,0.0,1.0,0.0,0.0,0,1,0,0,1,0,0,1,1,1,0,1,0
-0.8528904710041867,0.7992939660427822,0.0,0.0,0.0,0.0,1.0,0.0,0.0,1.0,0,0,0,0,1,1,0,1,0,0,0,0,0
0.1724382780983114,-0.9924020376385531,1.0,1.0,0.0,0.0,0.0,1.0,0.0,0.0,0,0,0,0,0,0,0,0,0,1,0,1,1
-1.4860351280674797,-1.2367242199587352,1.0,0.0,1.0,0.0,0.0,0.0,0.0,1.0,0,0,0,0,0,0,0,0,0,0,0,1,0
-1.4860351280674797,0.9621754209229036,0.0,0.0,1.0,0.0,1.0,0.0,0.0,1.0,1,0,1,0,0,0,0,0,0,0,0,1,0
-1.505976692069473,-0.8295205827584317,0.0,0.0,1.0,0.0,0.0,0.0,0.0,0.0,0,0,0,0,0,0,0,0,0,0,0,1,0
-1.2583689390447208,0.5956921474426305,0.0,0.0,1.0,1.0,0.0,0.0,1.0,0.0,1,0,0,1,0,0,0,0,0,0,0,1,0
-1.5142856770703037,-1.2367242199587352,1.0,0.0,1.0,0.0,0.0,0.0,1.0,0.0,0,0,0,0,0,0,0,0,0,0,0,1,1
-0.4906187249679718,-0.5851984004382496,0.0,0.0,0.0,0.0,0.0,0.0,0.0,1.0,0,0,0,0,0,0,1,0,0,1,0,1,0
-0.1582593249347472,-0.9924020376385531,0.0,0.0,0.0,0.0,0.0,0.0,1.0,0.0,0,0,0,0,1,0,0,0,1,1,0,1,0
0.6576830021468192,0.5142514200025698,1.0,1.0,0.0,0.0,0.0,0.0,0.0,1.0,1,0,0,1,1,0,1,0,0,1,0,1,0
-0.641842251983089,-1.1960038562387048,1.0,0.0,0.0,0.0,0.0,0.0,0.0,1.0,0,0,0,0,0,0,0,0,0,0,0,1,0
-1.4860351280674797,0.22920887396235737,0.0,0.0,1.0,1.0,0.0,0.0,0.0,1.0,0,0,0,0,0,0,0,0,0,0,0,1,0
1.6879971422498155,1.6137012404433893,1.0,1.0,0.0,0.0,1.0,0.0,1.0,0.0,1,1,0,1,1,1,1,1,1,1,0,1,0
0.9617918531772199,0.5549717837226001,1.0,1.0,0.0,0.0,0.0,0.0,1.0,0.0,0,1,0,1,1,1,0,0,0,1,1,1,0
1.1379423351948288,1.5729808767233588,0.0,1.0,0.0,0.0,1.0,1.0,0.0,0.0,1,0,1,1,1,1,1,0,1,1,0,1,0
-0.47233895796614456,1.369379058123207,1.0,0.0,0.0,0.0,1.0,0.0,0.0,0.0,1,1,1,0,0,0,0,1,1,0,0,0,0
1.3689321182179202,-0.30015585439803716,1.0,1.0,0.0,0.0,0.0,0.0,0.0,1.0,0,1,0,1,0,1,1,0,1,0,1,1,1
0.572931355138347,-0.5851984004382496,1.0,0.0,0.0,1.0,0.0,1.0,0.0,0.0,0,1,0,1,0,0,1,1,1,1,1,1,0
-1.3215172250510334,-0.7888002190384014,0.0,0.0,1.0,0.0,1.0,0.0,0.0,0.0,1,0,1,1,0,0,0,0,0,1,0,1,0
0.8903345821700764,1.3286586944031769,0.0,0.0,0.0,0.0,1.0,0.0,0.0,0.0,1,1,1,1,1,1,1,1,1,0,0,1,0
1.0299255301840309,1.125056875803025,1.0,1.0,0.0,0.0,0.0,0.0,1.0,0.0,1,0,0,1,0,1,1,0,1,1,1,1,0
-1.5093002860698053,-0.7073594915983407,1.0,0.0,1.0,0.0,1.0,0.0,0.0,1.0,1,0,1,0,0,0,0,0,0,0,0,1,0
-1.3265026160515319,1.6137012404433893,0.0,0.0,1.0,0.0,1.0,1.0,0.0,0.0,1,0,0,1,0,0,0,0,0,0,0,1,0
0.9734244321783826,-0.0965540357978854,1.0,1.0,0.0,0.0,0.0,1.0,0.0,0.0,1,1,0,1,0,0,0,0,1,1,1,1,0
1.1844726511994805,0.3920903288424788,0.0,1.0,0.0,0.0,1.0,0.0,1.0,0.0,1,1,1,0,0,0,1,1,1,1,0,1,0
-1.3215172250510334,1.5729808767233588,0.0,0.0,1.0,0.0,1.0,0.0,0.0,0.0,1,0,0,1,0,0,0,0,0,0,0,1,0
-0.3327480099521901,-1.2774445836787656,0.0,0.0,0.0,0.0,0.0,0.0,0.0,1.0,0,1,0,0,0,0,0,0,0,1,1,1,0
1.0266019361836989,0.26992923768238775,1.0,1.0,0.0,0.0,0.0,0.0,0.0,0.0,0,1,0,1,0,0,0,0,1,1,1,1,1
-1.5126238800701375,0.10704778280226633,0.0,0.0,1.0,0.0,0.0,0.0,0.0,0.0,0,0,0,0,0,0,0,0,0,0,0,1,0
1.4453747802255617,0.8400143297628127,0.0,1.0,0.0,0.0,0.0,0.0,0.0,0.0,1,1,1,0,0,1,1,1,1,1,0,1,0
0.9917041991802098,-1.2774445836787656,0.0,1.0,0.0,0.0,0.0,0.0,1.0,0.0,0,1,0,1,0,0,0,0,1,1,1,1,0
1.1346187411944968,-0.055833672077855064,0.0,1.0,0.0,0.0,0.0,0.0,1.0,0.0,1,1,1,0,0,0,1,1,1,1,1,1,1
-1.4827115340671475,0.6364125111626608,1.0,0.0,1.0,0.0,1.0,1.0,0.0,0.0,0,0,0,0,0,0,0,0,0,0,0,1,0
1.2143849972024705,-0.0965540357978854,0.0,1.0,0.0,0.0,0.0,0.0,1.0,0.0,0,1,1,1,0,0,0,1,1,1,0,1,1
-1.4876969250676457,-0.9109613101984924,1.0,0.0,1.0,0.0,0.0,1.0,0.0,0.0,0,0,0,0,0,0,0,0,0,0,0,1,0
1.3473287572157604,-0.8295205827584317,0.0,1.0,0.0,0.0,0.0,0.0,1.0,0.0,0,1,1,1,0,1,1,0,1,1,0,1,0
0.16911468409797886,1.002895784642934,0.0,0.0,0.0,0.0,1.0,0.0,0.0,0.0,0,0,0,0,1,0,1,1,1,0,0,1,1
0.016229360082695727,1.0436161483629645,0.0,0.0,0.0,0.0,0.0,1.0,0.0,0.0,1,0,0,0,1,1,0,0,1,1,0,1,0
-1.4943441130683104,0.18848851024232702,0.0,0.0,1.0,0.0,1.0,0.0,0.0,1.0,0,0,0,0,0,0,0,0,0,0,0,1,0
-1.5009913010689746,0.47353105628253944,0.0,0.0,1.0,0.0,0.0,0.0,0.0,1.0,1,0,1,0,0,0,0,0,0,0,0,1,0
-1.4860351280674797,-0.21871512695797646,1.0,0.0,1.0,1.0,0.0,1.0,0.0,0.0,0,0,1,0,0,0,0,0,0,0,0,1,0
-0.5105602889699654,-0.9924020376385531,0.0,0.0,0.0,0.0,0.0,0.0,1.0,0.0,0,0,0,0,0,0,0,1,0,0,0,1,0
0.37517751211857825,-1.1960038562387048,1.0,1.0,0.0,0.0,0.0,0.0,1.0,0.0,0,0,0,1,0,0,0,0,0,1,1,1,1
0.785641371159611,-0.30015585439803716,0.0,1.0,0.0,0.0,0.0,0.0,0.0,0.0,1,1,0,0,0,1,1,0,0,0,0,1,1
1.1911198392001445,1.002895784642934,0.0,1.0,0.0,0.0,0.0,0.0,1.0,0.0,1,1,1,1,0,1,0,0,1,1,0,1,0
-1.505976692069473,-0.8295205827584317,0.0,0.0,1.0,0.0,0.0,0.0,0.0,1.0,0,0,0,0,0,0,0,0,0,0,0,1,0
-1.477726143066649,1.2064976032430856,0.0,0.0,1.0,0.0,1.0,0.0,0.0,0.0,1,0,1,0,0,0,0,0,0,0,0,1,0
1.4254332162235683,1.3286586944031769,0.0,1.0,0.0,0.0,1.0,0.0,0.0,0.0,1,1,0,1,0,1,1,1,1,1,0,1,0
0.5214156481331973,1.5729808767233588,0.0,0.0,0.0,0.0,1.0,0.0,0.0,0.0,1,1,0,1,0,0,1,1,1,1,0,1,0
-0.196480655938568,-0.46303730927815856,0.0,0.0,0.0,1.0,0.0,1.0,0.0,0.0,1,0,1,0,0,1,0,0,1,1,0,1,0
1.4902432992300467,1.5729808767233588,1.0,1.0,0.0,1.0,0.0,0.0,1.0,0.0,1,1,0,1,1,1,1,0,1,1,0,1,0
0.34526516611558833,-1.0331224013585834,0.0,1.0,0.0,0.0,0.0,0.0,1.0,0.0,0,0,0,0,0,0,1,0,0,1,0,1,0
0.27380789510844483,1.6137012404433893,0.0,0.0,0.0,0.0,1.0,1.0,0.0,0.0,0,1,0,0,1,1,1,1,0,1,0,1,0
0.1774236690988095,-1.2774445836787656,0.0,1.0,0.0,0.0,0.0,0.0,1.0,0.0,0,0,0,0,0,0,0,0,0,0,0,1,0
1.1263097561936661,1.6137012404433893,0.0,1.0,0.0,0.0,1.0,0.0,0.0,0.0,1,1,1,1,0,1,1,1,0,1,0,1,0
1.5517297882361936,1.2879383306831464,0.0,1.0,0.0,1.0,0.0,0.0,1.0,0.0,1,1,1,1,0,1,1,1,1,1,0,1,0
1.6663937812476561,1.6137012404433893,0.0,1.0,0.0,0.0,1.0,0.0,1.0,0.0,0,1,0,1,1,1,1,1,1,1,0,1,0
1.1894580421999785,-0.13727439951791576,0.0,1.0,0.0,0.0,0.0,0.0,0.0,0.0,0,1,0,1,0,0,1,0,1,0,0,1,0
-1.4744025490663168,-0.7888002190384014,0.0,0.0,1.0,0.0,1.0,0.0,0.0,1.0,0,0,0,0,0,0,0,0,0,1,0,1,0
1.3157546142126038,-0.055833672077855064,0.0,1.0,0.0,0.0,0.0,0.0,1.0,0.0,0,1,0,1,1,1,0,0,1,0,0,1,0
0.1657910900976468,-1.2774445836787656,1.0,1.0,0.0,0.0,0.0,0.0,1.0,0.0,0,0,0,0,0,0,0,0,0,1,1,1,1
-1.0057757950194701,-1.0331224013585834,1.0,0.0,0.0,0.0,0.0,0.0,1.0,0.0,1,0,1,0,1,0,0,1,0,1,1,0,0
1.3556377422165908,1.1657772395230555,1.0,1.0,0.0,0.0,0.0,0.0,1.0,0.0,1,1,0,1,0,1,1,0,1,1,1,1,0
-1.152013931034089,0.26992923768238775,0.0,0.0,0.0,0.0,0.0,1.0,0.0,0.0,0,0,1,0,0,0,1,0,0,0,1,0,0
0.18407085709947407,-0.9109613101984924,1.0,1.0,0.0,0.0,0.0,0.0,1.0,0.0,1,0,0,0,0,0,0,0,0,1,1,1,0
0.5214156481331973,-0.748079855318371,0.0,0.0,0.0,0.0,0.0,1.0,0.0,0.0,1,1,1,1,0,1,0,1,1,0,0,1,0
0.5131066631323666,-1.2774445836787656,0.0,1.0,0.0,0.0,0.0,0.0,0.0,1.0,0,0,0,1,0,1,0,0,0,1,1,1,0
0.9833952141793793,1.4100994218432374,0.0,1.0,0.0,1.0,0.0,1.0,0.0,0.0,1,1,1,1,1,0,0,1,0,1,1,1,0
0.8836873941694119,1.6137012404433893,0.0,0.0,0.0,0.0,1.0,0.0,0.0,0.0,0,1,0,1,1,1,1,1,1,1,0,1,0
-0.6700928009859131,-1.0738427650786138,1.0,0.0,0.0,0.0,0.0,0.0,0.0,0.0,1,0,1,0,0,0,0,0,0,1,1,1,0
-1.5009913010689746,-1.2774445836787656,0.0,0.0,1.0,0.0,0.0,0.0,0.0,1.0,0,0,0,0,0,0,0,0,0,1,1,1,0
-1.491020519067978,-0.30015585439803716,1.0,0.0,1.0,1.0,0.0,0.0,1.0,0.0,1,0,1,0,0,0,0,0,0,0,0,1,0
1.5184938482328711,0.025607055362205634,0.0,1.0,0.0,0.0,0.0,0.0,1.0,0.0,0,1,0,1,0,1,1,1,1,1,1,1,1
0.11926077409299518,-0.5851984004382496,1.0,0.0,0.0,0.0,0.0,0.0,1.0,0.0,0,0,0,0,1,0,1,1,1,1,0,1,0
0.47654712912871167,1.5729808767233588,1.0,0.0,0.0,0.0,1.0,1.0,0.0,0.0,1,1,0,0,0,1,1,1,1,1,0,1,0
-0.4573827849646494,-0.1779947632379461,1.0,0.0,0.0,1.0,0.0,0.0,1.0,0.0,1,0,1,1,0,0,0,0,0,1,0,1,1
0.5247392421335293,-1.2367242199587352,0.0,1.0,0.0,0.0,0.0,1.0,0.0,0.0,0,0,1,1,1,0,0,0,0,0,0,1,0
0.06442147308751339,-0.62591876415828,1.0,0.0,0.0,0.0,0.0,0.0,0.0,1.0,1,0,1,1,0,1,1,1,0,1,0,1,0
0.719169491152966,0.9621754209229036,1.0,1.0,0.0,0.0,0.0,0.0,1.0,0.0,0,0,0,1,1,1,0,0,0,1,0,1,0
-0.4889569279678058,1.125056875803025,0.0,0.0,0.0,1.0,0.0,0.0,1.0,0.0,1,1,0,0,1,1,1,0,0,0,0,0,0
-1.2982520670487077,0.025607055362205634,0.0,0.0,1.0,0.0,1.0,1.0,0.0,0.0,0,0,0,1,0,0,0,0,0,0,0,1,0
0.6194616711429987,-1.2774445836787656,0.0,1.0,0.0,0.0,0.0,0.0,0.0,1.0,0,0,0,0,1,1,0,1,0,1,0,1,0
0.19736523310080326,-1.2367242199587352,1.0,1.0,0.0,0.0,0.0,1.0,0.0,0.0,0,0,0,0,0,0,0,0,0,0,1,1,0
0.6610065961471517,1.247217966963116,1.0,1.0,0.0,0.0,1.0,1.0,0.0,0.0,1,0,0,1,1,0,0,1,0,1,0,1,0
1.1462513201956595,-1.0331224013585834,1.0,1.0,0.0,0.0,0.0,0.0,1.0,0.0,1,1,0,1,0,0,1,0,1,1,1,1,1
-0.00038860991896550476,0.9214550572028734,0.0,0.0,0.0,0.0,1.0,0.0,0.0,1.0,0,1,0,0,0,1,1,0,0,1,0,1,0
1.1761636661986499,1.3286586944031769,0.0,1.0,0.0,1.0,0.0,0.0,0.0,0.0,1,0,0,1,1,1,0,1,1,1,0,1,0
0.6659919871476498,-1.2774445836787656,1.0,1.0,0.0,0.0,0.0,0.0,1.0,0.0,1,0,0,0,0,0,0,1,1,1,1,1,0
-1.3132082400502028,1.247217966963116,1.0,0.0,1.0,0.0,1.0,0.0,0.0,1.0,0,0,0,1,0,0,0,0,0,0,0,1,0
1.6032454952413433,1.5322605130033284,0.0,1.0,0.0,0.0,1.0,1.0,0.0,0.0,1,1,0,1,1,1,1,1,1,1,0,1,1
-0.801374763999037,0.14776814652229667,0.0,0.0,0.0,0.0,1.0,1.0,0.0,0.0,1,0,1,0,1,0,1,1,0,0,0,0,0
1.3373579752147637,0.7992939660427822,1.0,1.0,0.0,1.0,0.0,0.0,0.0,0.0,0,1,0,0,0,1,1,1,1,1,1,1,0
-0.3427187919531868,-0.4223169455581282,1.0,0.0,0.0,0.0,0.0,0.0,1.0,0.0,0,0,0,1,1,0,0,0,0,1,1,1,0
1.003336778181373,-0.4223169455581282,1.0,1.0,0.0,0.0,0.0,0.0,0.0,0.0,0,1,0,0,0,1,1,1,0,1,0,1,0
-0.1615829189350795,-1.1145631287986442,0.0,0.0,0.0,0.0,0.0,1.0,0.0,0.0,0,0,0,0,1,1,0,1,0,0,0,1,1
0.682609957149311,0.5956921474426305,0.0,1.0,0.0,0.0,0.0,0.0,1.0,0.0,1,1,0,0,0,0,1,0,0,1,1,1,0
0.6177998741428321,0.025607055362205634,0.0,1.0,0.0,0.0,0.0,0.0,1.0,0.0,0,1,0,1,0,0,0,0,0,1,1,1,0
-1.0390117350227925,-0.5851984004382496,1.0,0.0,0.0,0.0,0.0,1.0,0.0,0.0,0,0,0,0,0,1,1,0,0,1,1,0,0
-1.4943441130683104,-1.2774445836787656,0.0,0.0,1.0,0.0,0.0,1.0,0.0,0.0,0,0,0,0,0,0,0,0,0,0,0,1,0
0.5662841671376824,0.9621754209229036,1.0,0.0,0.0,0.0,1.0,1.0,0.0,0.0,0,1,0,0,0,1,1,1,1,1,0,1,0
-1.4876969250676457,-1.2367242199587352,0.0,0.0,1.0,0.0,0.0,0.0,0.0,1.0,0,0,0,0,0,0,0,0,0,1,0,1,0
-0.17155370093607614,0.10704778280226633,1.0,0.0,0.0,0.0,0.0,0.0,1.0,0.0,0,0,0,1,1,0,1,0,0,1,0,1,0
-1.3215172250510334,1.2879383306831464,0.0,0.0,1.0,0.0,1.0,1.0,0.0,0.0,1,0,0,1,0,0,0,0,0,0,0,1,0
0.6510358141461546,-0.7073594915983407,0.0,1.0,0.0,0.0,0.0,1.0,0.0,0.0,0,0,0,1,1,0,1,0,0,1,0,1,0
0.8504514541660894,-0.3408762181180675,1.0,1.0,0.0,0.0,0.0,0.0,1.0,0.0,0,1,0,0,0,0,0,0,1,1,1,1,0
-0.30615925794953225,-1.2774445836787656,1.0,0.0,0.0,0.0,0.0,0.0,0.0,1.0,0,1,0,0,0,0,0,0,0,0,0,1,0
0.35191235411625243,1.5322605130033284,0.0,0.0,0.0,0.0,1.0,1.0,0.0,0.0,1,1,1,0,1,0,0,1,1,0,0,1,0
0.8637458301674186,-1.2774445836787656,1.0,1.0,0.0,0.0,0.0,0.0,1.0,0.0,1,1,0,0,0,0,0,0,1,1,1,1,0
0.8255244991635975,-1.1552834925186746,0.0,1.0,0.0,0.0,0.0,0.0,0.0,1.0,0,0,1,1,0,1,0,0,1,0,1,1,0
-0.18152448293707302,0.26992923768238775,0.0,0.0,0.0,1.0,0.0,0.0,1.0,0.0,0,1,0,0,0,0,0,1,0,0,0,1,0
0.04447990908551963,-0.13727439951791576,0.0,0.0,0.0,0.0,0.0,0.0,1.0,0.0,0,1,0,1,1,0,0,0,0,1,0,1,0
-1.5275800530716328,-0.748079855318371,0.0,0.0,1.0,0.0,1.0,0.0,0.0,1.0,1,0,1,0,0,0,0,0,0,0,0,1,0
0.720831288153132,1.1657772395230555,0.0,0.0,0.0,0.0,1.0,1.0,0.0,0.0,0,1,0,1,1,0,1,1,1,0,0,1,0
-0.4208232509609946,-0.7888002190384014,1.0,0.0,0.0,0.0,0.0,1.0,0.0,0.0,0,0,1,0,1,0,0,0,0,1,0,1,0
-0.5770321689766102,1.369379058123207,0.0,0.0,0.0,0.0,1.0,0.0,0.0,1.0,0,0,0,0,1,1,1,1,0,1,0,0,0
-0.5155456799704636,-1.2367242199587352,1.0,0.0,0.0,0.0,0.0,0.0,1.0,0.0,0,1,0,0,0,0,1,0,1,1,1,0,0
1.475287126228552,1.0843365120829946,0.0,1.0,0.0,1.0,0.0,1.0,0.0,0.0,1,1,0,1,1,1,1,0,1,1,0,1,0
1.003336778181373,1.2064976032430856,1.0,1.0,0.0,1.0,0.0,1.0,0.0,0.0,1,0,1,1,1,1,0,0,1,1,0,1,0
0.9568064621767214,0.025607055362205634,1.0,1.0,0.0,1.0,0.0,0.0,1.0,0.0,1,1,0,0,1,1,0,1,0,1,0,1,1
0.4898415051300408,1.369379058123207,1.0,0.0,0.0,0.0,1.0,1.0,0.0,0.0,0,1,1,0,0,1,1,1,1,1,0,1,0
1.6713791722481544,1.6137012404433893,0.0,1.0,0.0,0.0,1.0,1.0,0.0,0.0,0,1,0,1,1,1,1,1,1,0,0,1,0
-1.4960059100684764,-1.2774445836787656,1.0,0.0,1.0,0.0,0.0,0.0,0.0,1.0,0,0,1,0,0,0,0,0,0,0,1,1,0
1.0099839661820376,-0.5444780367182193,0.0,1.0,0.0,0.0,0.0,0.0,1.0,0.0,0,1,0,1,1,1,0,0,0,1,1,1,0
1.0099839661820376,0.758573602322752,0.0,1.0,0.0,1.0,0.0,0.0,0.0,1.0,1,0,1,1,1,0,0,1,1,1,0,1,0
1.3506523512160928,1.247217966963116,1.0,1.0,0.0,0.0,0.0,0.0,1.0,0.0,0,1,0,1,0,1,0,1,1,0,0,1,0
-1.4843733310673135,-0.21871512695797646,1.0,0.0,1.0,1.0,0.0,0.0,0.0,0.0,0,0,0,0,0,0,0,0,0,0,0,1,0
1.2160467942026365,-0.4223169455581282,1.0,1.0,0.0,0.0,0.0,0.0,0.0,0.0,0,1,0,1,1,0,0,0,1,1,1,1,0
-1.4860351280674797,-1.1552834925186746,0.0,0.0,1.0,0.0,0.0,0.0,0.0,1.0,0,0,0,0,0,0,0,0,0,0,0,1,1
-1.46443176706532,0.3920903288424788,1.0,0.0,1.0,0.0,1.0,0.0,0.0,1.0,1,0,1,0,0,0,0,0,0,0,0,1,0
-1.4760643460664828,-0.13727439951791576,0.0,0.0,1.0,1.0,0.0,0.0,0.0,1.0,0,0,0,0,0,0,0,0,0,0,0,1,0
0.17576187209864347,-1.1552834925186746,0.0,1.0,0.0,0.0,0.0,1.0,0.0,0.0,0,0,0,0,0,0,0,0,0,1,1,1,0
-1.4976677070686424,-0.0965540357978854,1.0,0.0,1.0,1.0,0.0,0.0,0.0,1.0,0,0,0,0,0,0,0,0,0,0,0,1,0
0.32864719611392706,-1.1552834925186746,1.0,1.0,0.0,0.0,0.0,0.0,1.0,0.0,1,0,0,1,0,0,0,0,0,1,1,1,0
0.6875953481498096,1.5729808767233588,1.0,0.0,0.0,0.0,1.0,0.0,0.0,0.0,1,1,1,0,1,1,1,1,1,0,0,1,0
-0.8096837489998675,0.5549717837226001,1.0,0.0,0.0,0.0,1.0,1.0,0.0,0.0,1,0,0,0,1,0,1,1,0,0,0,0,0
-0.4773243489666429,-1.1552834925186746,1.0,0.0,0.0,0.0,0.0,0.0,0.0,1.0,0,0,0,1,0,0,0,0,0,0,1,1,0
0.4948268961305394,-1.0331224013585834,0.0,1.0,0.0,0.0,0.0,0.0,0.0,1.0,0,0,0,1,1,0,0,0,0,1,1,1,0
1.3440051632154282,1.4915401492832983,1.0,1.0,0.0,1.0,0.0,0.0,0.0,0.0,0,1,0,1,0,1,0,1,1,1,0,1,0
1.1927816362003112,1.6137012404433893,0.0,1.0,0.0,0.0,1.0,0.0,0.0,0.0,1,0,0,1,1,1,1,0,1,0,0,1,0
0.5014740841312035,-0.5444780367182193,1.0,1.0,0.0,0.0,0.0,0.0,1.0,0.0,0,0,0,1,0,0,1,0,0,1,1,1,1
0.8720548151682491,-0.1779947632379461,1.0,1.0,0.0,0.0,0.0,0.0,1.0,0.0,0,1,0,0,0,0,1,1,0,0,0,1,0
0.464914550127549,-1.1145631287986442,1.0,1.0,0.0,0.0,0.0,0.0,1.0,0.0,1,0,0,1,0,1,0,0,0,1,1,1,0
1.7278802702538025,1.6137012404433893,0.0,1.0,0.0,0.0,1.0,1.0,0.0,0.0,1,1,0,1,1,1,1,1,1,1,0,1,1
0.5214156481331973,-0.9924020376385531,1.0,1.0,0.0,0.0,0.0,1.0,0.0,0.0,1,0,1,0,0,0,0,0,1,1,1,1,1
-0.18817167093773737,-1.0331224013585834,0.0,0.0,0.0,1.0,0.0,0.0,1.0,0.0,0,1,0,0,1,0,0,0,0,1,0,1,0
-0.4972659129686364,-0.4223169455581282,0.0,0.0,0.0,0.0,0.0,0.0,1.0,0.0,0,0,0,0,1,0,0,0,0,1,0,1,0
-1.5109620830699715,1.6137012404433893,1.0,0.0,1.0,0.0,1.0,0.0,0.0,0.0,0,0,0,0,0,0,0,0,0,0,0,1,0
-1.4993295040688086,-0.9924020376385531,1.0,0.0,1.0,0.0,0.0,1.0,0.0,0.0,1,0,1,0,0,0,0,0,0,0,0,1,0
0.5529897911363537,0.7992939660427822,1.0,0.0,0.0,1.0,0.0,1.0,0.0,0.0,1,1,0,1,1,1,1,1,0,1,0,1,0
-0.8595376590048512,1.4508197855632678,0.0,0.0,0.0,0.0,1.0,0.0,0.0,1.0,0,0,0,0,1,0,1,1,0,0,0,0,0
0.7706851981581158,1.5729808767233588,0.0,0.0,0.0,0.0,1.0,0.0,0.0,0.0,1,1,0,1,1,1,1,1,1,0,0,1,0
-1.4926823160681442,-1.2367242199587352,1.0,0.0,1.0,0.0,0.0,0.0,0.0,1.0,0,0,0,0,0,0,0,0,0,0,0,1,0
1.0498670941860242,0.06632741908223598,0.0,1.0,0.0,0.0,0.0,0.0,1.0,0.0,0,0,0,1,0,1,0,1,1,1,0,1,1
-1.3497677740538576,0.10704778280226633,0.0,0.0,0.0,0.0,0.0,0.0,1.0,0.0,0,0,0,0,0,0,0,0,0,0,0,0,0
-1.517609271070636,1.1657772395230555,0.0,0.0,1.0,1.0,0.0,1.0,0.0,0.0,1,0,1,0,0,0,0,0,0,0,0,1,0
-0.6900343649879066,-1.2774445836787656,1.0,0.0,0.0,0.0,0.0,0.0,1.0,0.0,0,0,0,0,0,0,0,0,0,0,0,1,0
-0.48729513096763954,-1.2774445836787656,0.0,0.0,0.0,0.0,0.0,0.0,0.0,1.0,0,0,0,1,0,0,0,0,0,1,1,1,0
-0.1383177609327537,0.8400143297628127,0.0,0.0,0.0,1.0,0.0,1.0,0.0,0.0,1,1,1,0,0,0,1,0,0,0,0,1,0
-1.2999138640488739,1.6137012404433893,0.0,0.0,1.0,0.0,1.0,0.0,0.0,0.0,1,0,0,1,0,0,0,0,0,0,0,1,0
0.3868100911197414,-1.2367242199587352,1.0,1.0,0.0,0.0,0.0,0.0,1.0,0.0,1,0,0,0,0,0,1,0,0,0,1,1,0
1.1279715531938321,-1.1960038562387048,1.0,1.0,0.0,0.0,0.0,0.0,1.0,0.0,0,1,0,0,0,0,1,1,1,1,1,1,0
1.1977670272008092,-0.7888002190384014,0.0,1.0,0.0,0.0,0.0,0.0,1.0,0.0,0,1,0,1,1,0,0,0,1,1,1,1,1
-0.35933676195484804,0.35136996512244845,1.0,0.0,0.0,0.0,0.0,0.0,1.0,0.0,1,1,0,0,0,1,1,0,1,1,0,0,1
-1.4744025490663168,-0.3408762181180675,0.0,0.0,1.0,1.0,0.0,1.0,0.0,0.0,1,0,0,0,0,0,0,0,0,0,0,1,0
0.8421424691652587,-0.1779947632379461,0.0,1.0,0.0,1.0,0.0,0.0,0.0,0.0,1,1,1,0,0,0,0,0,1,1,1,1,0
-1.1769408860365806,-0.9924020376385531,1.0,0.0,0.0,0.0,0.0,0.0,0.0,1.0,0,0,0,0,1,0,0,0,0,0,0,0,0
-1.4727407520661506,-1.2774445836787656,1.0,0.0,1.0,0.0,0.0,0.0,0.0,1.0,0,0,0,0,0,0,0,0,0,1,0,1,0
1.0083221691818711,0.880734693482843,0.0,1.0,0.0,0.0,1.0,0.0,0.0,0.0,0,1,0,1,0,0,1,1,0,1,0,1,0
-1.3132082400502028,0.35136996512244845,1.0,0.0,1.0,0.0,0.0,0.0,0.0,0.0,0,0,0,1,0,0,0,0,0,1,0,1,0
-0.6601220189849164,-0.5444780367182193,0.0,0.0,0.0,0.0,0.0,0.0,0.0,1.0,1,0,0,0,0,0,0,0,0,0,0,1,0
0.9268941161737314,1.6137012404433893,0.0,0.0,0.0,0.0,1.0,0.0,0.0,0.0,1,1,1,1,1,1,1,1,1,0,0,1,0
-0.7000051469889033,1.2064976032430856,1.0,0.0,0.0,0.0,1.0,0.0,0.0,0.0,0,0,0,0,1,1,1,1,0,1,0,0,0
0.2605135191071156,0.9621754209229036,0.0,0.0,0.0,0.0,1.0,1.0,0.0,0.0,1,1,1,0,1,0,0,1,1,1,0,1,1
-0.43910301796282214,-0.7073594915983407,1.0,0.0,0.0,0.0,0.0,0.0,1.0,0.0,0,0,0,1,0,0,0,0,0,0,1,1,0
0.4815325201292102,-0.9109613101984924,1.0,1.0,0.0,0.0,0.0,0.0,1.0,0.0,0,1,0,0,0,0,0,0,0,1,1,1,1
-1.5225946620711341,-0.015113308357824713,1.0,0.0,1.0,0.0,1.0,0.0,0.0,1.0,1,0,1,0,0,0,0,0,0,0,0,1,0
-1.4710789550659844,-0.46303730927815856,1.0,0.0,1.0,0.0,0.0,1.0,0.0,0.0,0,0,0,0,0,0,0,0,0,0,0,1,0
-1.4893587220678117,1.2064976032430856,1.0,0.0,1.0,1.0,0.0,0.0,0.0,0.0,1,0,1,0,0,0,0,0,0,0,0,1,0
-1.3381351950526947,-1.2367242199587352,0.0,0.0,0.0,0.0,0.0,0.0,1.0,0.0,0,0,0,0,0,0,0,0,0,0,0,0,0
-1.4677553610656522,-0.21871512695797646,1.0,0.0,1.0,0.0,1.0,0.0,0.0,1.0,0,0,1,0,0,0,0,0,0,0,0,1,0
1.0000131841810405,-1.1145631287986442,1.0,1.0,0.0,0.0,0.0,0.0,0.0,0.0,0,1,0,1,0,0,0,0,1,1,1,1,0
-0.12336158793125872,-0.30015585439803716,0.0,0.0,0.0,1.0,0.0,0.0,1.0,0.0,0,1,0,0,1,1,1,0,1,0,0,0,0
0.6959043331506402,-1.2367242199587352,0.0,1.0,0.0,0.0,0.0,0.0,1.0,0.0,0,1,0,1,0,0,0,0,0,1,1,1,0
1.392197276220246,0.6771328748826912,1.0,1.0,0.0,1.0,0.0,0.0,0.0,0.0,0,1,0,1,0,1,0,1,1,1,0,1,0
1.4453747802255617,1.247217966963116,0.0,1.0,0.0,0.0,0.0,1.0,0.0,0.0,0,1,0,1,1,1,1,0,1,0,0,1,0
-1.4744025490663168,-1.1552834925186746,0.0,0.0,1.0,0.0,0.0,1.0,0.0,0.0,0,0,1,0,0,0,0,0,0,0,0,1,0
-0.31446824295036285,-1.2774445836787656,0.0,0.0,0.0,0.0,0.0,0.0,0.0,1.0,1,0,0,0,0,0,0,0,1,1,0,1,0
-1.479387940066815,-0.8702409464784621,1.0,0.0,1.0,0.0,0.0,0.0,0.0,1.0,0,0,0,0,0,0,0,0,0,0,0,1,0
0.2721460981082788,0.7992939660427822,1.0,1.0,0.0,0.0,0.0,0.0,0.0,0.0,0,0,0,1,0,0,0,0,0,1,0,1,1
0.8205391081630994,1.125056875803025,0.0,1.0,0.0,0.0,0.0,0.0,1.0,0.0,1,1,0,1,0,1,0,0,0,0,0,1,1
1.325725396213601,1.2879383306831464,1.0,1.0,0.0,1.0,0.0,1.0,0.0,0.0,0,1,0,1,0,0,1,1,1,1,0,1,0
0.3469269631157543,0.43281069256250915,0.0,0.0,0.0,0.0,1.0,0.0,0.0,0.0,1,1,1,0,1,0,1,0,1,0,0,1,0
1.2093996062019723,1.1657772395230555,0.0,1.0,0.0,1.0,0.0,0.0,0.0,0.0,1,1,0,1,0,0,0,1,1,0,0,1,0
-0.6767399889865777,-1.2774445836787656,0.0,0.0,0.0,0.0,0.0,0.0,0.0,1.0,0,0,0,0,0,0,0,0,0,0,1,1,0
0.8222009051632655,-1.1145631287986442,1.0,1.0,0.0,0.0,0.0,0.0,1.0,0.0,0,1,0,0,0,0,0,0,1,1,1,1,1
0.13255515009432434,1.369379058123207,1.0,0.0,0.0,0.0,1.0,0.0,0.0,0.0,0,0,0,1,1,1,1,1,0,0,0,1,0
1.5384354122348645,1.4100994218432374,1.0,1.0,0.0,0.0,1.0,0.0,1.0,0.0,1,1,0,0,1,1,1,1,1,1,0,1,0
1.1379423351948288,0.3920903288424788,0.0,1.0,0.0,0.0,1.0,1.0,0.0,0.0,1,1,0,0,0,0,1,1,1,1,0,1,0
0.7075369121518029,-1.2774445836787656,1.0,1.0,0.0,0.0,0.0,0.0,1.0,0.0,1,0,0,1,0,0,0,0,1,1,1,1,1
-1.4544609850643233,-0.055833672077855064,0.0,0.0,1.0,0.0,1.0,0.0,0.0,1.0,1,0,1,0,0,0,0,0,0,0,0,1,0
-1.5076384890696393,-1.0331224013585834,1.0,0.0,1.0,0.0,0.0,0.0,0.0,1.0,0,0,0,0,0,0,0,0,0,1,0,1,0
-0.6717545979860794,-1.1552834925186746,1.0,0.0,0.0,0.0,0.0,0.0,1.0,0.0,0,1,0,0,0,0,0,0,1,1,1,0,0
0.4133988431223993,0.06632741908223598,1.0,0.0,0.0,1.0,0.0,0.0,0.0,0.0,1,1,1,1,0,0,1,0,1,0,0,1,0
-1.505976692069473,-1.1960038562387048,1.0,0.0,1.0,1.0,0.0,0.0,0.0,1.0,0,0,0,0,0,0,0,0,0,1,0,1,0
-1.3265026160515319,-0.5444780367182193,0.0,0.0,0.0,0.0,0.0,0.0,0.0,1.0,1,0,1,0,0,0,0,0,0,1,0,0,0
-0.9758634490164798,-0.055833672077855064,1.0,0.0,0.0,0.0,0.0,0.0,0.0,0.0,1,0,1,0,1,0,0,1,0,0,1,0,0
1.0266019361836989,-1.2774445836787656,0.0,1.0,0.0,0.0,0.0,0.0,0.0,1.0,0,1,0,1,0,0,0,0,1,0,1,1,0
-0.7781096059967111,-1.1960038562387048,1.0,0.0,0.0,0.0,0.0,0.0,0.0,1.0,0,0,0,0,1,0,1,1,0,0,0,0,0
-1.5009913010689746,0.5549717837226001,1.0,0.0,1.0,0.0,0.0,0.0,1.0,0.0,1,0,0,0,0,0,0,0,0,0,0,1,0
-1.4561227820644893,-1.2774445836787656,0.0,0.0,1.0,0.0,0.0,0.0,0.0,1.0,0,0,0,0,0,0,0,0,0,0,1,1,0
0.6543594081464871,1.4915401492832983,0.0,1.0,0.0,1.0,0.0,0.0,0.0,0.0,1,0,1,1,1,0,1,0,0,0,0,1,0
-1.479387940066815,-1.1145631287986442,1.0,0.0,1.0,0.0,0.0,0.0,0.0,1.0,0,0,0,0,0,0,0,0,0,0,0,1,0
-1.4993295040688086,-1.2774445836787656,1.0,0.0,1.0,0.0,0.0,0.0,0.0,0.0,0,0,0,0,0,0,0,0,0,0,0,1,0
-1.4660935640654862,-0.2594354906780068,1.0,0.0,1.0,1.0,0.0,1.0,0.0,0.0,0,0,0,0,0,0,0,0,0,1,0,1,0
-0.9991286070188055,-0.9109613101984924,0.0,0.0,0.0,0.0,0.0,0.0,1.0,0.0,0,1,0,0,0,0,0,0,0,1,1,0,1
1.1479131171958254,-0.30015585439803716,1.0,1.0,0.0,0.0,1.0,0.0,0.0,0.0,0,1,0,0,0,0,1,1,1,0,0,1,0
0.5413572121351905,1.2879383306831464,1.0,1.0,0.0,0.0,0.0,0.0,1.0,0.0,1,0,1,0,1,1,0,0,0,0,0,1,0
0.09433381909050333,-0.0965540357978854,1.0,0.0,0.0,0.0,0.0,0.0,1.0,0.0,1,0,1,1,1,1,1,1,0,0,0,1,0
0.179085466098976,-0.7888002190384014,1.0,1.0,0.0,0.0,0.0,0.0,1.0,0.0,0,0,0,0,0,0,0,0,0,1,0,1,0
1.6697173752479884,1.2879383306831464,0.0,1.0,0.0,1.0,0.0,0.0,1.0,0.0,1,1,0,1,1,1,1,1,1,1,0,1,0
0.6659919871476498,0.5549717837226001,0.0,1.0,0.0,0.0,0.0,0.0,0.0,0.0,0,0,1,1,0,0,1,1,0,1,0,1,0
-1.4976677070686424,-0.8295205827584317,0.0,0.0,1.0,1.0,0.0,0.0,0.0,1.0,0,0,0,0,0,0,0,0,0,0,0,1,0
-1.4960059100684764,-0.7073594915983407,0.0,0.0,1.0,0.0,0.0,0.0,0.0,0.0,0,0,0,0,0,0,0,0,0,0,1,1,0
0.9235705221733989,-0.62591876415828,1.0,1.0,0.0,0.0,0.0,0.0,1.0,0.0,1,1,1,1,0,0,0,0,1,1,1,1,0
-0.05356611392428149,-0.7888002190384014,0.0,0.0,0.0,0.0,0.0,0.0,0.0,1.0,1,1,1,0,1,0,1,0,0,1,0,1,0
0.3070438351117673,1.4100994218432374,0.0,0.0,0.0,0.0,1.0,1.0,0.0,0.0,1,0,1,1,1,1,0,1,1,0,0,1,0
-1.1852498710374113,-0.3408762181180675,1.0,0.0,0.0,0.0,0.0,0.0,1.0,0.0,1,0,0,0,0,0,1,0,0,0,0,0,0
-0.4889569279678058,-1.0738427650786138,1.0,0.0,0.0,0.0,0.0,0.0,0.0,1.0,0,0,0,0,0,0,0,1,0,0,0,1,0
-0.15659752793458118,0.8400143297628127,1.0,0.0,0.0,1.0,0.0,0.0,1.0,0.0,1,0,0,1,1,0,0,1,0,1,1,1,1
0.3170146171127639,-0.6666391278783103,1.0,1.0,0.0,0.0,0.0,1.0,0.0,0.0,1,0,0,0,0,1,0,0,0,1,1,1,1
-1.4876969250676457,-0.9109613101984924,1.0,0.0,1.0,0.0,0.0,0.0,1.0,0.0,0,0,0,0,0,0,0,0,0,0,0,1,0
0.32864719611392706,-0.7888002190384014,0.0,1.0,0.0,1.0,0.0,0.0,0.0,1.0,0,0,0,0,0,1,0,0,0,1,0,1,0
0.684271754149477,-0.9516816739185228,1.0,1.0,0.0,0.0,0.0,0.0,1.0,0.0,0,0,0,1,0,0,0,0,1,1,1,1,0
0.3170146171127639,-0.30015585439803716,0.0,0.0,0.0,1.0,0.0,0.0,0.0,1.0,0,0,0,0,1,1,1,1,1,0,1,1,0
-0.6767399889865777,-1.0331224013585834,1.0,0.0,0.0,0.0,0.0,0.0,1.0,0.0,0,1,0,0,0,1,0,1,0,1,0,0,1
0.6859335511496436,0.22920887396235737,1.0,0.0,0.0,0.0,1.0,0.0,0.0,0.0,1,1,1,1,1,0,1,1,1,1,0,1,0
0.9750862291785486,0.43281069256250915,0.0,1.0,0.0,0.0,0.0,0.0,1.0,0.0,1,1,0,1,1,1,0,0,0,1,0,1,0
1.1080299891918384,-1.1552834925186746,0.0,1.0,0.0,0.0,0.0,0.0,0.0,0.0,0,1,1,0,0,0,1,1,1,1,1,1,0
1.4669781412277214,-0.30015585439803716,0.0,1.0,0.0,0.0,1.0,0.0,1.0,0.0,0,1,0,1,0,1,1,1,1,0,0,1,0
-0.2845558969473725,-0.21871512695797646,1.0,0.0,0.0,1.0,0.0,0.0,0.0,1.0,0,0,1,0,1,1,0,0,0,0,0,1,0
-1.2849576910473786,1.6137012404433893,1.0,0.0,1.0,0.0,1.0,0.0,0.0,1.0,1,0,1,1,0,0,0,0,0,0,0,1,0
0.6875953481498096,1.5729808767233588,1.0,1.0,0.0,1.0,0.0,1.0,0.0,0.0,0,0,1,1,1,1,0,0,0,1,0,1,0
0.8039211381614382,-0.3408762181180675,0.0,1.0,0.0,0.0,0.0,1.0,0.0,0.0,0,0,0,1,0,0,1,0,1,1,0,1,0
1.4919050962302134,0.7178532386027215,0.0,1.0,0.0,0.0,1.0,0.0,1.0,0.0,0,1,0,1,1,1,0,1,1,1,1,1,0
0.31867641411292996,1.002895784642934,1.0,0.0,0.0,0.0,1.0,0.0,0.0,0.0,0,1,0,0,1,0,1,0,1,1,0,1,0
-0.5288400559717926,-0.7073594915983407,0.0,0.0,0.0,0.0,0.0,0.0,1.0,0.0,0,0,0,0,0,1,0,0,0,0,0,1,0
0.5097830691320341,-1.1552834925186746,1.0,1.0,0.0,0.0,0.0,0.0,1.0,0.0,0,0,0,1,1,0,0,0,0,1,0,1,0
-0.28954128794787104,-0.1779947632379461,0.0,0.0,0.0,0.0,0.0,0.0,1.0,0.0,0,0,0,0,1,1,0,0,0,0,0,1,0
0.32532360211359457,-0.9516816739185228,0.0,1.0,0.0,0.0,0.0,0.0,1.0,0.0,0,0,0,1,0,0,0,0,0,1,1,1,1
0.8321716871642622,0.9214550572028734,0.0,1.0,0.0,0.0,0.0,0.0,0.0,0.0,1,0,0,1,1,0,0,0,1,1,0,1,0
1.2027524182013078,-1.1960038562387048,1.0,1.0,0.0,0.0,0.0,0.0,1.0,0.0,0,1,0,1,0,0,1,0,1,1,1,1,0
1.001674981181207,-0.9109613101984924,1.0,1.0,0.0,0.0,0.0,0.0,1.0,0.0,0,1,0,0,0,0,1,0,1,1,1,1,0
-1.517609271070636,0.9214550572028734,1.0,0.0,1.0,1.0,0.0,0.0,0.0,0.0,0,0,1,0,0,0,0,0,0,0,0,1,0
-1.4760643460664828,-0.5037576729981889,0.0,0.0,1.0,0.0,0.0,0.0,0.0,1.0,1,0,1,0,0,0,0,0,0,0,0,1,0
1.3722557122182522,1.2064976032430856,0.0,1.0,0.0,1.0,0.0,1.0,0.0,0.0,1,1,1,1,0,1,0,1,1,1,0,1,0
1.3340343812144315,-0.015113308357824713,1.0,1.0,0.0,0.0,0.0,0.0,1.0,0.0,1,1,0,1,0,0,1,1,1,1,1,1,1
-1.4993295040688086,0.43281069256250915,0.0,0.0,1.0,0.0,1.0,0.0,0.0,0.0,0,0,0,0,0,0,0,0,0,1,0,1,0
-1.3514295710540236,-0.9516816739185228,1.0,0.0,0.0,1.0,0.0,0.0,0.0,0.0,1,0,0,0,0,0,0,0,0,0,1,0,0
-0.16324471593524553,1.125056875803025,0.0,0.0,0.0,0.0,1.0,0.0,0.0,0.0,1,0,0,0,1,1,0,1,0,0,0,1,0
0.7091987091519689,1.0436161483629645,1.0,0.0,0.0,0.0,1.0,0.0,1.0,0.0,1,1,0,1,1,1,1,0,1,1,0,1,0
-1.505976692069473,-1.0331224013585834,1.0,0.0,1.0,1.0,0.0,0.0,0.0,1.0,0,0,1,0,0,0,0,0,0,0,0,1,0
1.074794049188516,-1.2367242199587352,1.0,1.0,0.0,0.0,0.0,0.0,1.0,0.0,1,1,1,0,1,0,0,0,1,0,0,1,0
-0.9343185240123267,0.18848851024232702,1.0,0.0,0.0,0.0,0.0,0.0,1.0,0.0,0,0,0,0,0,1,1,0,0,0,0,0,1
1.300798441211109,1.3286586944031769,0.0,1.0,0.0,1.0,0.0,0.0,0.0,0.0,1,1,1,1,0,0,1,1,1,1,0,1,1
-1.4960059100684764,0.26992923768238775,0.0,0.0,1.0,0.0,1.0,0.0,0.0,1.0,1,0,1,0,0,0,0,0,0,0,0,1,0
1.3057838322116073,1.369379058123207,1.0,1.0,0.0,1.0,0.0,0.0,1.0,0.0,1,1,0,1,0,1,0,1,1,1,1,1,0
-1.3364733980525287,1.4508197855632678,1.0,0.0,1.0,0.0,1.0,0.0,0.0,1.0,0,0,0,1,0,0,0,0,0,0,0,1,0
-0.533825446972291,1.2064976032430856,0.0,0.0,0.0,0.0,1.0,0.0,0.0,0.0,1,0,1,0,1,1,0,1,1,0,0,0,0
0.7839795741594444,-1.1960038562387048,1.0,1.0,0.0,0.0,0.0,0.0,0.0,1.0,0,0,0,0,0,0,1,1,1,1,1,1,0
1.4885815022298807,1.6137012404433893,0.0,1.0,0.0,0.0,1.0,0.0,1.0,0.0,1,1,0,1,1,1,1,0,1,1,0,1,0
-1.4660935640654862,0.35136996512244845,0.0,0.0,1.0,0.0,1.0,1.0,0.0,0.0,1,0,0,0,0,0,0,0,0,0,0,1,0
0.9933659961803764,-0.13727439951791576,1.0,1.0,0.0,0.0,0.0,1.0,0.0,0.0,1,1,1,0,1,0,0,0,1,0,1,1,0
-0.31779183695069496,-1.1552834925186746,0.0,0.0,0.0,0.0,0.0,0.0,1.0,0.0,0,0,0,0,1,1,0,0,0,0,0,1,0
-1.3530913680541898,0.8400143297628127,1.0,0.0,1.0,1.0,0.0,0.0,0.0,0.0,0,0,0,1,0,0,0,0,0,0,0,1,0
0.32033821111309646,-1.2774445836787656,1.0,1.0,0.0,0.0,0.0,0.0,1.0,0.0,1,0,0,1,0,0,0,0,0,1,1,1,1
0.50313588113137,0.35136996512244845,0.0,0.0,0.0,0.0,0.0,1.0,0.0,0.0,1,1,1,1,1,1,1,1,0,0,1,1,0
-1.4727407520661506,0.26992923768238775,1.0,0.0,1.0,0.0,1.0,0.0,0.0,0.0,1,0,0,0,0,0,0,0,0,1,0,1,0
-1.5126238800701375,1.247217966963116,1.0,0.0,1.0,0.0,1.0,0.0,0.0,1.0,1,0,0,0,0,0,0,0,0,0,0,1,0
-1.2766487060465481,-0.7073594915983407,1.0,0.0,1.0,0.0,0.0,0.0,1.0,0.0,0,0,0,1,0,0,0,0,0,1,0,1,0
-0.6966815529885713,-0.7888002190384014,0.0,0.0,0.0,1.0,0.0,0.0,1.0,0.0,1,0,0,0,0,0,0,0,0,0,0,1,0
-0.4856333339674735,-1.2774445836787656,1.0,0.0,0.0,0.0,0.0,0.0,0.0,1.0,0,0,0,0,0,1,0,0,0,1,0,1,0
-1.4727407520661506,-1.2774445836787656,1.0,0.0,1.0,0.0,1.0,0.0,0.0,1.0,0,0,0,0,0,0,0,0,0,0,0,1,0
0.16412929309748078,-0.9924020376385531,1.0,1.0,0.0,0.0,0.0,0.0,1.0,0.0,0,0,0,0,0,0,0,0,0,1,1,1,1
-0.11172900893009581,1.125056875803025,1.0,0.0,0.0,0.0,1.0,0.0,1.0,0.0,0,0,0,0,1,1,1,0,0,0,0,1,0
1.1080299891918384,-0.8295205827584317,0.0,1.0,0.0,0.0,0.0,0.0,1.0,0.0,1,0,0,1,0,1,1,0,1,1,1,1,1
0.19902703010096928,0.3106496014024181,1.0,0.0,0.0,1.0,0.0,1.0,0.0,0.0,1,0,0,1,0,1,0,1,1,0,0,1,0
-0.12003799393092641,1.369379058123207,0.0,0.0,0.0,0.0,1.0,0.0,0.0,0.0,0,0,0,0,1,1,1,0,0,1,0,1,0
-1.479387940066815,0.3920903288424788,1.0,0.0,1.0,1.0,0.0,0.0,0.0,1.0,1,0,1,0,0,0,0,0,0,0,0,1,0
-0.030300955921955676,1.369379058123207,0.0,0.0,0.0,1.0,0.0,1.0,0.0,0.0,0,0,0,1,1,1,0,1,0,1,0,1,1
1.1279715531938321,0.6771328748826912,1.0,1.0,0.0,0.0,0.0,0.0,1.0,0.0,0,1,0,1,0,1,0,0,1,0,0,1,0
-1.4710789550659844,-1.2774445836787656,0.0,0.0,1.0,0.0,0.0,0.0,0.0,1.0,0,0,0,0,0,0,0,0,0,0,1,1,0
-1.4876969250676457,0.35136996512244845,0.0,0.0,1.0,0.0,1.0,0.0,0.0,1.0,0,0,0,0,0,0,0,0,0,0,0,1,0
-1.5109620830699715,0.35136996512244845,0.0,0.0,1.0,0.0,1.0,0.0,0.0,0.0,1,0,1,0,0,0,0,0,0,0,0,1,0
0.6526976111463211,-0.38159658183809786,0.0,1.0,0.0,0.0,0.0,0.0,0.0,1.0,1,0,1,0,1,1,0,1,0,0,0,1,0
-1.3181936310507012,-1.1960038562387048,1.0,0.0,0.0,0.0,0.0,0.0,1.0,0.0,0,0,0,0,0,0,0,0,0,0,0,0,0
-0.5487816199737862,-1.1552834925186746,0.0,0.0,0.0,0.0,0.0,0.0,0.0,1.0,0,1,0,0,1,0,1,1,0,0,0,0,0
-1.4926823160681442,0.7992939660427822,0.0,0.0,1.0,0.0,1.0,0.0,0.0,1.0,1,0,1,0,0,0,0,0,0,0,0,1,0
1.157883899196822,-1.1552834925186746,0.0,1.0,0.0,0.0,0.0,0.0,1.0,0.0,1,1,0,1,1,0,0,0,1,1,1,1,1
0.9784098231788811,-0.8702409464784621,0.0,1.0,0.0,0.0,0.0,0.0,1.0,0.0,0,1,0,0,0,1,1,1,0,1,0,1,0
-0.08680205392760396,-1.2367242199587352,0.0,0.0,0.0,0.0,0.0,0.0,0.0,1.0,1,1,0,0,1,0,0,0,0,1,0,1,0
0.4831943171293762,-0.2594354906780068,0.0,1.0,0.0,0.0,0.0,0.0,0.0,0.0,1,0,0,1,0,1,0,0,0,0,0,1,0
-0.28289409994720643,-0.3408762181180675,1.0,0.0,0.0,1.0,0.0,1.0,0.0,0.0,1,0,1,0,1,0,1,0,0,1,0,1,0
-1.477726143066649,-0.8295205827584317,0.0,0.0,1.0,0.0,0.0,0.0,0.0,1.0,0,0,0,0,0,0,0,0,0,0,0,1,0
1.1379423351948288,1.125056875803025,1.0,1.0,0.0,0.0,0.0,0.0,1.0,0.0,1,1,0,1,0,0,0,1,1,1,0,1,1
0.85876043916692,1.2879383306831464,0.0,0.0,0.0,0.0,1.0,0.0,0.0,1.0,1,1,1,1,1,1,1,1,1,1,0,1,0
0.7025515211513048,1.369379058123207,1.0,0.0,0.0,0.0,1.0,0.0,0.0,0.0,1,1,0,0,1,1,1,1,1,1,0,1,0
0.47987072312904416,1.125056875803025,0.0,1.0,0.0,1.0,0.0,0.0,0.0,0.0,0,0,0,1,0,0,1,0,0,1,0,1,0
0.1857326540996401,-0.62591876415828,1.0,0.0,0.0,1.0,0.0,0.0,0.0,0.0,1,0,1,1,1,0,1,0,1,1,0,1,0
-1.5093002860698053,0.3920903288424788,1.0,0.0,1.0,0.0,1.0,0.0,0.0,1.0,1,0,1,0,0,0,0,0,0,0,0,1,0
-0.4856333339674735,-1.2774445836787656,1.0,0.0,0.0,0.0,0.0,0.0,1.0,0.0,0,0,0,1,0,0,0,0,0,1,0,1,0
-0.03196275292212194,0.5956921474426305,0.0,0.0,0.0,0.0,1.0,0.0,0.0,0.0,1,1,1,0,0,1,0,1,0,0,0,1,0
-1.4694171580658184,-0.9109613101984924,0.0,0.0,1.0,0.0,0.0,0.0,0.0,1.0,1,0,0,0,0,0,0,0,0,1,0,1,0
0.7906267621601091,1.5322605130033284,1.0,0.0,0.0,0.0,1.0,1.0,0.0,0.0,1,1,0,1,1,1,1,1,1,1,0,1,1
1.217708591202803,1.4100994218432374,1.0,1.0,0.0,0.0,0.0,1.0,0.0,0.0,0,1,0,1,0,0,1,0,1,1,0,1,1
0.5712695581381809,-1.2774445836787656,0.0,1.0,0.0,0.0,0.0,0.0,1.0,0.0,0,1,0,0,0,0,0,0,0,1,1,1,0
0.15249671409631763,-1.0331224013585834,1.0,1.0,0.0,0.0,0.0,0.0,1.0,0.0,1,0,0,0,0,0,0,0,0,1,1,1,0
-0.6700928009859131,-1.2774445836787656,1.0,0.0,0.0,0.0,0.0,0.0,0.0,1.0,0,0,0,0,0,0,0,0,0,0,0,1,0
-0.033624549922287965,-1.1552834925186746,1.0,0.0,0.0,0.0,0.0,0.0,0.0,0.0,0,0,0,0,0,1,0,1,1,1,0,1,0
1.478610720228884,1.369379058123207,0.0,1.0,0.0,0.0,1.0,0.0,0.0,0.0,1,1,1,1,1,1,1,0,1,0,0,1,0
0.6593447991469852,-0.8295205827584317,0.0,1.0,0.0,0.0,0.0,0.0,1.0,0.0,0,1,0,0,0,1,0,0,0,1,0,1,0
-1.4727407520661506,-0.3408762181180675,0.0,0.0,1.0,1.0,0.0,1.0,0.0,0.0,0,0,0,0,0,0,0,0,0,0,0,1,0
0.6975661301508063,-0.2594354906780068,1.0,1.0,0.0,0.0,0.0,0.0,1.0,0.0,0,0,0,0,0,1,0,0,1,1,0,1,0
0.8753784091685812,-1.0738427650786138,0.0,1.0,0.0,0.0,0.0,0.0,1.0,0.0,0,1,0,0,0,0,0,0,1,1,1,1,0
1.435403998224565,1.002895784642934,1.0,1.0,0.0,0.0,1.0,0.0,1.0,0.0,1,1,0,1,0,0,1,1,1,0,0,1,0
0.7091987091519689,-0.748079855318371,1.0,1.0,0.0,0.0,0.0,0.0,1.0,0.0,1,0,0,1,0,0,0,0,1,1,1,1,0
-1.3896509020578445,0.3920903288424788,0.0,0.0,1.0,0.0,1.0,0.0,1.0,0.0,1,0,1,1,0,0,0,0,0,0,0,1,0
0.9950277931805424,-0.30015585439803716,1.0,1.0,0.0,0.0,0.0,0.0,0.0,0.0,0,1,0,1,0,0,0,0,1,1,1,1,0
-1.505976692069473,1.2879383306831464,0.0,0.0,1.0,0.0,1.0,1.0,0.0,0.0,1,0,0,0,0,0,0,0,0,0,0,1,0
0.6759627691486464,-0.4223169455581282,1.0,1.0,0.0,0.0,0.0,0.0,1.0,0.0,1,1,0,1,0,0,0,0,0,1,1,1,0
-1.4976677070686424,-0.5444780367182193,1.0,0.0,1.0,1.0,0.0,1.0,0.0,0.0,0,0,0,0,0,0,0,0,0,1,0,1,0
1.1429277261953275,1.1657772395230555,0.0,1.0,0.0,0.0,0.0,0.0,1.0,0.0,1,1,1,1,0,1,0,0,1,1,1,1,0
0.7391110551549593,-0.4223169455581282,1.0,1.0,0.0,0.0,0.0,0.0,0.0,0.0,1,0,0,0,0,0,1,0,1,1,0,1,0
1.2692242982079527,1.5322605130033284,1.0,1.0,0.0,0.0,0.0,0.0,1.0,0.0,1,1,0,1,0,1,1,0,1,1,1,1,1
0.5047976781315361,-0.8295205827584317,1.0,1.0,0.0,0.0,0.0,0.0,0.0,0.0,0,1,0,0,0,0,0,0,0,1,0,1,0
-0.025315564921457354,-0.055833672077855064,0.0,0.0,0.0,1.0,0.0,0.0,1.0,0.0,1,1,0,0,1,0,0,1,0,1,0,1,0
0.004596781081533054,-0.8702409464784621,0.0,0.0,0.0,0.0,0.0,0.0,1.0,0.0,0,1,0,0,0,0,0,0,1,1,0,1,0
-1.2965902700485417,1.4508197855632678,1.0,0.0,1.0,0.0,1.0,0.0,0.0,1.0,1,0,1,1,0,0,0,0,0,0,0,1,0
0.8438042661654253,1.6137012404433893,0.0,0.0,0.0,0.0,1.0,0.0,0.0,0.0,1,1,1,1,1,1,1,1,1,1,0,1,1
1.7062769092516428,1.4100994218432374,1.0,1.0,0.0,0.0,1.0,1.0,0.0,0.0,0,1,0,1,1,1,1,1,1,1,0,1,1
1.3356961782145975,1.125056875803025,0.0,1.0,0.0,0.0,0.0,0.0,0.0,0.0,0,1,0,0,1,0,1,1,1,1,0,1,0
-0.6551366279844181,-1.2774445836787656,1.0,0.0,0.0,0.0,0.0,0.0,0.0,1.0,0,0,0,0,0,0,0,0,0,1,1,1,0
0.2073360151017999,-1.2774445836787656,0.0,1.0,0.0,0.0,0.0,0.0,1.0,0.0,0,0,1,0,0,0,0,0,0,1,1,1,1
-0.4906187249679718,1.0436161483629645,1.0,0.0,0.0,1.0,0.0,0.0,0.0,1.0,1,0,1,0,1,1,1,0,1,0,0,0,0
0.19237984210030468,0.5956921474426305,0.0,1.0,0.0,0.0,0.0,0.0,0.0,0.0,1,0,1,0,0,0,0,0,0,0,1,1,1
0.4964886931307054,-1.2774445836787656,0.0,1.0,0.0,0.0,0.0,0.0,1.0,0.0,0,1,0,0,0,0,0,0,0,1,1,1,0
-1.4727407520661506,-1.2774445836787656,1.0,0.0,1.0,0.0,0.0,0.0,0.0,1.0,0,0,0,0,0,0,0,0,0,0,0,1,0
-0.19149526493806968,-0.4223169455581282,1.0,0.0,0.0,0.0,0.0,0.0,1.0,0.0,0,0,0,1,1,1,0,0,0,0,1,1,0
-0.1466267459335843,0.6364125111626608,0.0,0.0,0.0,1.0,0.0,1.0,0.0,0.0,0,0,0,0,1,0,1,1,0,1,1,1,0
-1.4926823160681442,0.18848851024232702,0.0,0.0,1.0,1.0,0.0,0.0,0.0,0.0,1,0,0,0,0,0,0,0,0,1,0,1,0
-1.4893587220678117,-0.7888002190384014,1.0,0.0,1.0,1.0,0.0,0.0,1.0,0.0,0,0,0,0,0,0,0,0,0,1,0,1,0
-1.2733251120462157,0.43281069256250915,1.0,0.0,1.0,0.0,1.0,0.0,0.0,0.0,0,0,0,1,0,0,0,0,0,0,0,1,0
-0.04525712892345088,-1.0738427650786138,0.0,0.0,0.0,0.0,1.0,0.0,0.0,1.0,0,1,0,0,1,1,1,1,1,1,0,0,0
-0.35933676195484804,1.5729808767233588,1.0,0.0,0.0,0.0,1.0,0.0,0.0,0.0,0,0,0,0,1,1,1,1,1,0,0,0,0
0.14917312009598557,-1.2774445836787656,0.0,1.0,0.0,0.0,0.0,0.0,1.0,0.0,1,0,1,0,0,0,0,0,0,1,1,1,1
1.0083221691818711,1.6137012404433893,0.0,1.0,0.0,0.0,1.0,0.0,1.0,0.0,1,0,1,1,1,1,0,0,1,1,0,1,0
0.31036742911209936,-1.0738427650786138,0.0,1.0,0.0,0.0,0.0,0.0,1.0,0.0,0,0,0,0,1,0,0,0,0,1,0,1,1
-0.9725398550161476,-0.8295205827584317,1.0,0.0,0.0,0.0,0.0,0.0,0.0,1.0,1,0,1,0,0,1,0,1,0,0,0,0,0
0.20567421810163386,-0.30015585439803716,1.0,1.0,0.0,0.0,0.0,0.0,0.0,1.0,0,0,0,0,0,0,0,0,0,0,1,1,0
0.47987072312904416,-0.46303730927815856,0.0,1.0,0.0,1.0,0.0,0.0,1.0,0.0,1,0,0,0,0,0,1,1,0,0,0,1,0
-0.5305018529719588,-1.0738427650786138,0.0,0.0,0.0,0.0,0.0,0.0,0.0,1.0,1,0,1,0,0,0,0,1,0,1,0,1,0
0.8055829351616043,-0.5037576729981889,1.0,1.0,0.0,0.0,0.0,0.0,0.0,1.0,1,1,0,0,0,0,0,0,1,1,1,1,0
1.1512367111961581,-0.5851984004382496,1.0,1.0,0.0,0.0,0.0,0.0,1.0,0.0,1,1,0,1,1,0,0,0,1,1,1,1,0
-0.3094828519498643,0.43281069256250915,0.0,0.0,0.0,1.0,0.0,0.0,1.0,0.0,0,0,0,0,0,1,0,1,0,0,0,1,0
-1.3082228490497045,0.10704778280226633,0.0,0.0,1.0,0.0,1.0,1.0,0.0,0.0,1,0,1,1,0,0,0,0,0,1,0,1,0
0.29042586511010604,-1.2774445836787656,0.0,1.0,0.0,0.0,0.0,0.0,0.0,0.0,0,0,0,0,0,0,1,0,0,0,1,1,0
0.9551446651765553,-0.015113308357824713,1.0,1.0,0.0,0.0,0.0,0.0,1.0,0.0,1,1,0,1,0,1,1,0,0,1,0,1,1
-0.028639158921789646,0.7992939660427822,1.0,0.0,0.0,0.0,1.0,1.0,0.0,0.0,0,1,0,0,1,1,1,1,1,0,0,0,0
0.0029349840813665527,-0.015113308357824713,1.0,0.0,0.0,1.0,0.0,0.0,0.0,0.0,0,1,0,0,0,0,0,0,1,1,0,1,0
-0.03196275292212194,1.6137012404433893,0.0,0.0,0.0,0.0,1.0,0.0,0.0,0.0,1,1,1,0,1,1,1,1,1,1,0,0,0
-0.6750781919864114,0.758573602322752,1.0,0.0,0.0,0.0,0.0,1.0,0.0,0.0,0,1,0,0,1,0,0,1,0,1,0,0,0
-1.4893587220678117,1.4508197855632678,1.0,0.0,1.0,0.0,1.0,0.0,0.0,0.0,1,0,1,0,0,0,0,0,0,1,0,1,0
-0.7116377259900661,-0.9924020376385531,1.0,0.0,0.0,0.0,0.0,0.0,0.0,1.0,1,1,0,0,0,1,1,0,0,1,0,0,1
-0.5022513039691348,0.6771328748826912,1.0,0.0,0.0,0.0,1.0,1.0,0.0,0.0,1,1,0,0,0,1,0,0,1,0,0,0,0
0.6759627691486464,1.6137012404433893,0.0,0.0,0.0,0.0,1.0,0.0,0.0,1.0,1,1,0,0,1,1,1,1,1,0,0,1,0
1.0216165451832002,-0.9516816739185228,1.0,1.0,0.0,0.0,0.0,0.0,1.0,0.0,0,1,0,1,0,0,0,0,1,1,1,1,0
0.9169233341727343,-0.1779947632379461,0.0,1.0,0.0,0.0,0.0,0.0,0.0,1.0,1,1,0,0,1,0,0,0,1,1,1,1,0
0.8321716871642622,0.880734693482843,1.0,1.0,0.0,0.0,0.0,0.0,0.0,1.0,0,0,0,0,1,0,1,0,1,0,0,1,0
0.32532360211359457,-0.8702409464784621,1.0,1.0,0.0,0.0,0.0,0.0,1.0,0.0,0,0,0,0,0,1,0,0,0,1,1,1,0
1.2725478922082847,0.7178532386027215,0.0,1.0,0.0,1.0,0.0,0.0,0.0,1.0,1,1,1,0,0,0,1,1,1,0,0,1,0
1.7029533152513108,1.4915401492832983,0.0,1.0,0.0,0.0,1.0,0.0,1.0,0.0,1,1,0,1,1,1,1,1,1,1,0,1,0
0.17077648109814536,-1.2774445836787656,1.0,1.0,0.0,0.0,0.0,0.0,1.0,0.0,0,0,0,0,0,0,0,0,0,1,0,1,0
1.0083221691818711,1.4508197855632678,1.0,1.0,0.0,0.0,1.0,0.0,0.0,0.0,1,1,1,0,1,1,0,1,0,0,0,1,0
-0.8146691400003658,0.3106496014024181,1.0,0.0,0.0,1.0,0.0,0.0,0.0,1.0,0,0,1,0,1,1,0,1,0,0,0,0,0
-1.2965902700485417,-0.055833672077855064,1.0,0.0,1.0,0.0,1.0,0.0,0.0,1.0,1,0,1,1,0,0,0,0,0,0,0,1,0
1.3489905542159264,0.025607055362205634,0.0,1.0,0.0,0.0,0.0,0.0,0.0,0.0,0,1,1,1,0,1,1,0,1,1,0,1,1
1.6231870592433366,0.9214550572028734,1.0,1.0,0.0,0.0,1.0,0.0,1.0,0.0,1,1,0,1,0,1,1,1,1,1,0,1,1
-1.3547531650543558,1.4508197855632678,1.0,0.0,1.0,0.0,1.0,0.0,0.0,0.0,1,0,1,1,0,0,0,0,0,1,0,1,0
-1.5076384890696393,-0.8295205827584317,0.0,0.0,1.0,0.0,0.0,0.0,0.0,0.0,1,0,1,0,0,0,0,0,0,0,0,1,0
0.7091987091519689,1.5729808767233588,1.0,0.0,0.0,0.0,1.0,0.0,0.0,0.0,1,1,0,0,1,1,1,1,1,1,0,1,0
1.259253516206956,0.3106496014024181,1.0,1.0,0.0,0.0,0.0,0.0,0.0,1.0,0,1,0,1,0,1,1,0,1,1,0,1,0
0.9335413041743955,1.2879383306831464,0.0,1.0,0.0,1.0,0.0,0.0,1.0,0.0,1,1,1,1,0,1,1,0,0,1,0,1,0
1.0963974101906757,0.8400143297628127,1.0,1.0,0.0,1.0,0.0,0.0,0.0,0.0,1,1,0,1,0,1,0,1,0,0,0,1,0
0.6327560471443273,-0.8295205827584317,1.0,1.0,0.0,0.0,0.0,0.0,0.0,1.0,0,0,0,0,0,1,1,1,0,1,1,1,1
-0.3427187919531868,0.8400143297628127,1.0,0.0,0.0,0.0,0.0,0.0,1.0,0.0,0,1,0,0,0,1,1,0,1,1,1,0,1
1.1030445981913404,1.6137012404433893,1.0,1.0,0.0,0.0,1.0,1.0,0.0,0.0,1,0,0,1,1,1,1,0,1,1,0,1,0
-1.4893587220678117,0.5549717837226001,1.0,0.0,1.0,0.0,1.0,0.0,1.0,0.0,0,0,0,0,0,0,0,0,0,0,0,1,0
-1.3348116010523623,0.3106496014024181,1.0,0.0,1.0,0.0,1.0,0.0,0.0,1.0,0,0,0,1,0,0,0,0,0,1,0,1,0
-0.4590445819648154,-0.8295205827584317,1.0,0.0,0.0,0.0,0.0,0.0,0.0,0.0,0,0,0,0,1,1,0,1,1,1,0,0,0
0.36022133911708304,-0.9516816739185228,1.0,1.0,0.0,0.0,0.0,0.0,1.0,0.0,0,0,0,0,1,0,0,0,0,0,0,1,0
0.531386430134194,0.758573602322752,0.0,1.0,0.0,0.0,0.0,0.0,1.0,0.0,1,0,1,1,0,0,0,1,0,1,0,1,0
0.8521132511662559,0.6771328748826912,1.0,1.0,0.0,0.0,0.0,1.0,0.0,0.0,1,0,1,0,0,1,1,0,1,1,0,1,0
1.1645310871974868,0.35136996512244845,1.0,1.0,0.0,0.0,0.0,0.0,1.0,0.0,1,1,0,1,0,0,1,0,1,1,1,1,1
-0.1499503399339166,0.9621754209229036,0.0,0.0,0.0,1.0,0.0,1.0,0.0,0.0,0,0,0,0,1,0,1,1,0,1,0,1,0
-1.481049737066981,-1.1552834925186746,1.0,0.0,1.0,0.0,0.0,0.0,1.0,0.0,0,0,0,0,0,0,0,0,0,1,0,1,0
-0.020330173920958795,-0.5037576729981889,1.0,0.0,0.0,1.0,0.0,0.0,0.0,1.0,1,1,0,0,1,0,0,1,0,1,0,1,0
-1.479387940066815,-0.2594354906780068,0.0,0.0,1.0,0.0,0.0,1.0,0.0,0.0,1,0,1,0,0,0,0,0,0,1,0,1,0
1.3656085242175875,-0.5037576729981889,0.0,1.0,0.0,0.0,0.0,0.0,0.0,0.0,1,1,1,1,0,1,1,0,1,1,1,1,0
0.35523594811658493,-1.0331224013585834,0.0,1.0,0.0,0.0,0.0,0.0,0.0,1.0,0,0,0,1,0,0,0,0,0,0,1,1,0
0.966777244177718,-1.0331224013585834,1.0,1.0,0.0,0.0,0.0,0.0,1.0,0.0,0,1,0,1,0,0,0,0,1,1,1,1,0
1.1379423351948288,0.758573602322752,1.0,1.0,0.0,0.0,0.0,0.0,1.0,0.0,0,1,0,0,0,1,1,0,1,1,0,1,0
0.5164302571326987,-1.1552834925186746,0.0,1.0,0.0,0.0,0.0,0.0,0.0,1.0,0,0,0,1,0,1,0,0,0,1,0,1,0
-1.502653098069141,-1.2774445836787656,0.0,0.0,1.0,0.0,0.0,1.0,0.0,0.0,0,0,0,0,0,0,0,0,0,0,0,1,0
1.1961052302006432,-0.21871512695797646,1.0,1.0,0.0,0.0,0.0,0.0,1.0,0.0,1,0,1,1,1,1,0,1,1,0,0,1,0
1.1961052302006432,-0.4223169455581282,1.0,1.0,0.0,0.0,0.0,0.0,1.0,0.0,0,1,0,1,1,0,0,0,1,1,1,1,0
-0.3659839499555126,-0.8295205827584317,1.0,0.0,0.0,0.0,0.0,0.0,0.0,1.0,0,0,0,0,0,1,0,1,0,1,0,1,0
-1.1221015850310987,-1.1960038562387048,0.0,0.0,0.0,0.0,0.0,0.0,0.0,1.0,1,0,1,0,0,0,0,1,0,1,1,0,0
-1.3015756610490399,0.06632741908223598,0.0,0.0,1.0,1.0,0.0,1.0,0.0,0.0,1,0,1,1,0,0,0,0,0,1,0,1,0
-0.2130986259402292,-0.3408762181180675,1.0,0.0,0.0,1.0,0.0,0.0,1.0,0.0,1,0,0,1,1,0,0,1,0,1,0,1,0
0.5064594751317021,0.758573602322752,1.0,1.0,0.0,0.0,0.0,1.0,0.0,0.0,0,0,0,1,0,0,1,0,0,0,1,1,0
-0.6119299059800988,-0.748079855318371,0.0,0.0,0.0,0.0,0.0,0.0,1.0,0.0,0,1,0,0,0,0,0,0,1,1,0,0,1
1.6281724502438353,1.0843365120829946,1.0,1.0,0.0,0.0,1.0,0.0,1.0,0.0,1,1,0,1,1,1,1,1,1,0,0,1,0
0.8521132511662559,-1.1960038562387048,1.0,1.0,0.0,0.0,0.0,0.0,1.0,0.0,0,1,0,0,0,1,1,0,0,0,0,1,0
1.48027251722905,1.3286586944031769,0.0,1.0,0.0,0.0,1.0,0.0,1.0,0.0,1,1,1,1,1,0,1,1,1,0,0,1,0
0.18240906009930805,-1.1145631287986442,1.0,1.0,0.0,0.0,0.0,0.0,0.0,1.0,0,0,0,0,0,0,0,0,0,1,1,1,1
0.8487896571659234,1.0843365120829946,0.0,0.0,0.0,0.0,1.0,1.0,0.0,0.0,1,1,1,1,1,1,1,1,1,0,0,1,0
0.016229360082695727,1.6137012404433893,1.0,0.0,0.0,0.0,1.0,1.0,0.0,0.0,1,1,1,0,1,1,1,1,1,1,0,0,0
1.1761636661986499,1.2064976032430856,0.0,1.0,0.0,0.0,0.0,0.0,1.0,0.0,1,1,1,0,0,1,1,0,1,1,1,1,0
0.9883806051798778,-0.1779947632379461,1.0,1.0,0.0,0.0,0.0,1.0,0.0,0.0,0,1,0,1,1,1,0,0,0,1,1,1,0
-0.13665596393258767,-1.1960038562387048,1.0,0.0,0.0,0.0,0.0,0.0,0.0,1.0,0,1,0,0,0,0,0,1,0,0,0,1,0
-1.3514295710540236,-0.5444780367182193,1.0,0.0,1.0,0.0,0.0,1.0,0.0,0.0,0,0,1,1,0,0,0,0,0,1,0,1,0
-1.504314895069307,-1.2774445836787656,1.0,0.0,1.0,0.0,0.0,0.0,0.0,1.0,0,0,0,0,0,0,0,0,0,1,0,1,0
0.7042133181514708,-0.3408762181180675,1.0,1.0,0.0,0.0,0.0,0.0,1.0,0.0,0,0,0,0,0,1,1,1,0,1,0,1,0
-0.3742929349563432,1.002895784642934,1.0,0.0,0.0,1.0,0.0,0.0,1.0,0.0,0,0,0,0,0,0,1,1,0,1,0,1,1
-1.3065610520495383,1.6137012404433893,0.0,0.0,1.0,0.0,1.0,1.0,0.0,0.0,0,0,0,1,0,0,0,0,0,0,0,1,0
-1.4710789550659844,1.4100994218432374,1.0,0.0,1.0,0.0,1.0,0.0,0.0,0.0,0,0,0,0,0,0,0,0,0,0,0,1,0
-1.4594463760648215,0.7992939660427822,1.0,0.0,1.0,1.0,0.0,1.0,0.0,0.0,1,0,1,0,0,0,0,0,0,1,0,1,0
0.8354952811645946,1.5729808767233588,1.0,0.0,0.0,0.0,1.0,1.0,0.0,0.0,1,1,1,1,1,1,1,1,1,0,0,1,0
-1.288281285047711,-0.2594354906780068,0.0,0.0,1.0,1.0,0.0,0.0,0.0,1.0,1,0,0,1,0,0,0,0,0,0,0,1,0
1.609892683242008,0.10704778280226633,0.0,1.0,0.0,0.0,1.0,0.0,0.0,1.0,0,1,0,1,1,1,1,1,1,1,0,1,0
0.142525932095321,0.9214550572028734,0.0,1.0,0.0,0.0,1.0,1.0,0.0,0.0,1,0,1,0,0,0,0,0,0,1,0,1,0
-1.4843733310673135,0.025607055362205634,0.0,0.0,1.0,0.0,1.0,0.0,0.0,1.0,1,0,1,0,0,0,0,0,0,0,0,1,0
1.4919050962302134,1.6137012404433893,1.0,1.0,0.0,0.0,1.0,0.0,1.0,0.0,1,1,0,1,1,1,1,0,1,1,0,1,0
-1.5142856770703037,-1.2774445836787656,1.0,0.0,1.0,0.0,0.0,0.0,0.0,1.0,0,0,1,0,0,0,0,0,0,1,0,1,0
-1.0257173590214634,-0.9109613101984924,1.0,0.0,0.0,0.0,0.0,0.0,0.0,1.0,0,1,0,0,0,0,0,0,0,1,1,0,0
0.8388188751649267,0.18848851024232702,0.0,1.0,0.0,0.0,0.0,0.0,1.0,0.0,1,0,0,0,0,0,1,1,1,0,0,1,1
-1.0223937650211312,-0.8295205827584317,1.0,0.0,0.0,0.0,0.0,0.0,0.0,1.0,0,0,0,0,0,1,0,1,0,0,0,0,0
-1.4744025490663168,-1.2774445836787656,1.0,0.0,1.0,1.0,0.0,0.0,0.0,1.0,1,0,1,0,0,0,0,0,0,0,0,1,0
-0.8695084410058479,1.2064976032430856,1.0,0.0,0.0,0.0,1.0,1.0,0.0,0.0,1,0,0,0,1,1,0,1,0,1,0,0,0
-1.3132082400502028,-1.2774445836787656,0.0,0.0,0.0,0.0,0.0,0.0,0.0,0.0,0,0,0,0,0,0,0,0,0,0,0,0,0
-0.1383177609327537,-0.5851984004382496,0.0,0.0,0.0,0.0,0.0,0.0,0.0,1.0,0,0,0,1,1,0,1,0,0,1,0,1,0
0.8371570781647607,1.4915401492832983,1.0,1.0,0.0,0.0,0.0,0.0,1.0,0.0,1,0,0,1,0,1,0,0,1,1,1,1,1
0.3319707901142591,-1.2367242199587352,1.0,1.0,0.0,0.0,0.0,0.0,1.0,0.0,0,0,0,0,0,1,0,0,0,1,0,1,0
-1.4677553610656522,-0.5444780367182193,1.0,0.0,1.0,0.0,0.0,0.0,0.0,1.0,1,0,1,0,0,0,0,0,0,0,0,1,0
0.6543594081464871,-0.8295205827584317,1.0,1.0,0.0,0.0,0.0,0.0,1.0,0.0,0,0,0,1,0,0,0,0,1,1,1,1,0
-1.4744025490663168,-0.9516816739185228,1.0,0.0,1.0,0.0,0.0,0.0,0.0,1.0,0,0,0,0,0,0,0,0,0,0,0,1,0
0.5629605731373504,-0.21871512695797646,1.0,0.0,0.0,1.0,0.0,0.0,1.0,0.0,0,1,0,0,1,0,1,1,1,0,0,1,0
0.4898415051300408,-0.21871512695797646,1.0,1.0,0.0,0.0,0.0,0.0,1.0,0.0,0,0,1,1,0,0,0,1,0,1,1,1,0
0.8105683261621028,-1.2774445836787656,1.0,1.0,0.0,0.0,0.0,0.0,0.0,1.0,1,1,1,0,0,0,0,0,1,0,1,1,0
-1.477726143066649,-0.3408762181180675,0.0,0.0,1.0,0.0,0.0,0.0,0.0,1.0,0,0,0,0,0,0,0,0,0,1,0,1,1
0.3386179781149237,-0.748079855318371,1.0,1.0,0.0,0.0,0.0,0.0,1.0,0.0,0,0,0,1,0,0,0,0,0,1,1,1,1
0.32033821111309646,-0.015113308357824713,0.0,1.0,0.0,0.0,0.0,0.0,1.0,0.0,0,0,0,0,0,1,0,0,0,1,1,1,1
-1.4876969250676457,-0.8702409464784621,0.0,0.0,1.0,1.0,0.0,0.0,0.0,1.0,0,0,0,0,0,0,0,0,0,0,0,1,0
-1.3215172250510334,-1.2774445836787656,1.0,0.0,1.0,0.0,0.0,0.0,0.0,1.0,0,0,0,1,0,0,0,0,0,1,0,1,0
0.5214156481331973,0.22920887396235737,1.0,1.0,0.0,0.0,0.0,0.0,0.0,1.0,0,0,1,1,1,0,0,0,0,1,0,1,1
-1.4960059100684764,-0.9516816739185228,0.0,0.0,1.0,0.0,1.0,0.0,0.0,1.0,1,0,1,0,0,0,0,0,0,0,0,1,0
0.0295237360840249,0.880734693482843,1.0,0.0,0.0,0.0,1.0,1.0,0.0,0.0,1,0,1,1,1,1,0,1,0,1,0,1,0
0.2073360151017999,-0.13727439951791576,0.0,0.0,0.0,1.0,0.0,1.0,0.0,0.0,0,1,0,1,0,0,0,0,1,1,0,1,0
0.8122301231622688,0.47353105628253944,1.0,1.0,0.0,0.0,0.0,0.0,1.0,0.0,1,0,0,1,0,0,1,0,1,1,0,1,1
0.7308020701541287,1.0843365120829946,1.0,0.0,0.0,0.0,1.0,0.0,1.0,0.0,1,1,1,0,1,1,1,1,1,1,0,1,0
-0.31446824295036285,-1.1960038562387048,0.0,0.0,0.0,0.0,0.0,0.0,1.0,0.0,0,1,0,0,0,0,0,0,0,1,1,1,0
-0.10840541492976351,-0.5851984004382496,0.0,0.0,0.0,1.0,0.0,0.0,0.0,1.0,1,0,1,0,1,1,0,1,0,1,0,1,0
-1.3181936310507012,1.4100994218432374,1.0,0.0,1.0,0.0,1.0,1.0,0.0,0.0,0,0,0,1,0,0,0,0,0,0,0,1,1
-0.3194536339508612,-0.4223169455581282,0.0,0.0,0.0,0.0,0.0,0.0,1.0,0.0,1,0,1,0,0,1,0,1,0,0,1,1,0
-1.0207319680209652,0.025607055362205634,1.0,0.0,0.0,1.0,0.0,1.0,0.0,0.0,0,0,1,0,1,0,0,1,0,0,0,0,0
-1.4893587220678117,-1.1145631287986442,1.0,0.0,1.0,0.0,0.0,0.0,0.0,1.0,0,0,0,0,0,0,0,0,0,0,0,1,0
-1.4893587220678117,-1.2367242199587352,0.0,0.0,1.0,0.0,0.0,0.0,0.0,1.0,0,0,0,0,0,0,0,0,0,0,0,1,0
0.82884809316393,1.6137012404433893,1.0,0.0,0.0,0.0,1.0,1.0,0.0,0.0,1,1,1,1,1,1,1,1,1,0,0,1,0
-1.4744025490663168,-0.9516816739185228,1.0,0.0,1.0,0.0,0.0,0.0,0.0,1.0,0,0,1,0,0,0,0,0,0,0,0,1,0
-1.2783105030467143,1.4100994218432374,1.0,0.0,1.0,0.0,1.0,0.0,0.0,1.0,1,0,1,1,0,0,0,0,0,0,0,1,0
0.6709773781481484,-0.6666391278783103,0.0,1.0,0.0,0.0,0.0,0.0,1.0,0.0,1,0,0,1,0,0,0,0,1,1,1,1,0
-1.46443176706532,-0.9924020376385531,0.0,0.0,1.0,0.0,0.0,0.0,0.0,1.0,0,0,0,0,0,0,0,0,0,1,0,1,0
-0.7149613199903985,-1.1145631287986442,1.0,0.0,0.0,0.0,0.0,0.0,0.0,1.0,0,0,0,0,1,1,1,1,0,1,1,0,0
-0.5454580259734538,-0.38159658183809786,1.0,0.0,0.0,1.0,0.0,1.0,0.0,0.0,1,0,1,1,0,0,0,0,0,1,1,1,0
0.4915033021302069,-1.2774445836787656,1.0,1.0,0.0,0.0,0.0,0.0,1.0,0.0,0,0,0,0,0,0,0,0,1,1,1,1,0
0.2089978121019659,0.7178532386027215,0.0,1.0,0.0,0.0,0.0,0.0,1.0,0.0,1,0,0,0,0,0,0,0,0,1,1,1,1
-1.505976692069473,-0.62591876415828,1.0,0.0,1.0,0.0,1.0,1.0,0.0,0.0,0,0,0,0,0,0,0,0,0,0,0,1,0
1.5301264272340338,1.4508197855632678,0.0,1.0,0.0,0.0,1.0,0.0,0.0,0.0,1,1,0,1,1,1,1,0,1,1,0,1,0
0.6560212051466532,-1.2774445836787656,1.0,1.0,0.0,0.0,0.0,0.0,1.0,0.0,0,0,0,1,0,0,0,0,1,0,1,1,0
0.1508349170961516,-0.30015585439803716,0.0,1.0,0.0,0.0,0.0,0.0,1.0,0.0,1,0,0,0,0,0,0,0,0,1,0,1,1
-0.5122220859701314,1.4100994218432374,1.0,0.0,0.0,1.0,0.0,0.0,0.0,0.0,0,0,0,0,1,0,1,1,1,1,0,0,0
-1.4760643460664828,-0.015113308357824713,1.0,0.0,1.0,1.0,0.0,1.0,0.0,0.0,0,0,0,0,0,0,0,0,0,0,0,1,0
1.3572995392167568,1.4100994218432374,0.0,1.0,0.0,1.0,0.0,0.0,1.0,0.0,1,1,0,1,1,1,0,0,1,1,0,1,1
-0.010359391919962149,1.6137012404433893,1.0,0.0,0.0,0.0,1.0,1.0,0.0,0.0,1,1,0,0,1,1,1,1,1,1,0,0,1
1.4570073592267243,1.5729808767233588,1.0,1.0,0.0,0.0,1.0,1.0,0.0,0.0,1,1,0,1,0,1,1,1,1,1,1,1,0
-0.49394231896830415,-1.2774445836787656,1.0,0.0,0.0,0.0,0.0,0.0,1.0,0.0,0,0,1,0,0,1,0,0,0,1,0,1,0
-1.1453667430334245,0.5549717837226001,1.0,0.0,0.0,0.0,0.0,0.0,0.0,0.0,0,0,0,0,0,1,0,0,0,0,1,0,0
-1.1420431490330922,-1.2367242199587352,0.0,0.0,0.0,0.0,0.0,0.0,1.0,0.0,0,0,0,0,0,0,1,0,0,1,1,0,1
-0.6435040489832552,-1.2774445836787656,0.0,0.0,0.0,0.0,0.0,0.0,0.0,1.0,0,0,0,0,0,0,0,0,0,1,1,1,0
0.0295237360840249,0.6364125111626608,0.0,0.0,0.0,1.0,0.0,0.0,1.0,0.0,1,1,0,0,0,1,1,0,0,1,0,1,0
1.2808568772091153,1.1657772395230555,0.0,1.0,0.0,1.0,0.0,0.0,0.0,0.0,1,1,0,1,0,0,1,1,1,1,0,1,0
0.6443886261454905,-0.015113308357824713,0.0,1.0,0.0,0.0,0.0,0.0,0.0,0.0,1,1,0,0,0,1,0,0,0,0,1,1,0
-0.6750781919864114,-1.2367242199587352,0.0,0.0,0.0,0.0,0.0,0.0,1.0,0.0,0,0,0,0,0,0,0,0,0,0,0,1,0
-1.4960059100684764,-1.1960038562387048,0.0,0.0,1.0,0.0,0.0,0.0,1.0,0.0,0,0,0,0,0,0,0,0,0,0,1,1,0
0.6859335511496436,-1.1145631287986442,0.0,1.0,0.0,0.0,0.0,1.0,0.0,0.0,0,1,0,0,0,0,0,1,0,1,1,1,0
0.8354952811645946,1.5729808767233588,0.0,0.0,0.0,0.0,1.0,0.0,0.0,0.0,1,1,1,1,1,1,1,1,1,0,0,1,0
-0.3227772279511935,0.18848851024232702,1.0,0.0,0.0,0.0,0.0,0.0,0.0,1.0,1,0,0,1,1,0,0,0,0,1,0,1,0
1.3074456292117733,1.3286586944031769,1.0,1.0,0.0,0.0,1.0,0.0,0.0,0.0,1,1,1,1,0,0,1,1,1,1,0,1,0
1.3905354792200795,1.4100994218432374,0.0,1.0,0.0,1.0,0.0,0.0,0.0,0.0,0,1,1,1,0,1,0,1,1,1,0,1,0
0.3469269631157543,0.6771328748826912,1.0,1.0,0.0,0.0,0.0,1.0,0.0,0.0,0,0,1,1,0,0,0,0,0,0,1,1,0
0.19071804510013865,0.7178532386027215,1.0,0.0,0.0,0.0,1.0,1.0,0.0,0.0,1,0,1,1,1,0,0,1,1,1,0,1,0
-1.5009913010689746,-0.30015585439803716,1.0,0.0,1.0,1.0,0.0,0.0,1.0,0.0,1,0,1,0,0,0,0,0,0,0,0,1,0
-0.29618847594853537,-0.62591876415828,0.0,0.0,0.0,1.0,0.0,0.0,0.0,1.0,0,0,1,1,0,0,1,0,0,1,1,1,0
-1.3530913680541898,1.2879383306831464,0.0,0.0,1.0,0.0,1.0,0.0,0.0,1.0,1,0,1,1,0,0,0,0,0,1,0,1,0
-0.8861264110075091,-0.30015585439803716,1.0,0.0,0.0,1.0,0.0,1.0,0.0,0.0,1,0,0,0,0,0,1,0,1,1,0,0,0
1.3838882912194153,-0.38159658183809786,1.0,1.0,0.0,0.0,0.0,0.0,1.0,0.0,0,1,0,1,0,1,1,0,1,1,1,1,1
-1.0140847800203006,-0.3408762181180675,1.0,0.0,0.0,0.0,0.0,0.0,0.0,1.0,1,0,0,0,0,0,1,1,0,0,0,0,1
1.1728400721983174,0.18848851024232702,0.0,1.0,0.0,0.0,0.0,0.0,1.0,0.0,0,1,0,1,0,0,1,0,1,1,0,1,0
0.12923155609399228,-0.46303730927815856,0.0,1.0,0.0,0.0,0.0,0.0,1.0,0.0,0,0,0,0,0,0,0,0,0,1,0,1,0
-0.6302096729819263,-1.2774445836787656,1.0,0.0,0.0,0.0,0.0,0.0,0.0,1.0,0,0,0,0,0,0,0,0,0,1,0,1,0
0.3652067301175816,-0.9109613101984924,0.0,1.0,0.0,0.0,0.0,0.0,0.0,1.0,0,0,0,1,0,0,0,0,0,1,0,1,0
0.6526976111463211,-1.0738427650786138,1.0,1.0,0.0,0.0,0.0,0.0,1.0,0.0,0,1,0,0,0,1,0,0,0,1,1,1,0
1.0515288911861906,0.758573602322752,1.0,1.0,0.0,1.0,0.0,1.0,0.0,0.0,1,1,0,1,1,1,0,0,0,1,0,1,0
-1.4694171580658184,-0.9109613101984924,0.0,0.0,1.0,0.0,0.0,0.0,0.0,1.0,0,0,0,0,0,0,0,0,0,1,0,1,0
-0.4590445819648154,-1.0738427650786138,0.0,0.0,0.0,0.0,0.0,1.0,0.0,0.0,0,1,0,0,1,1,0,1,0,0,0,0,0
0.8554368451665879,0.5956921474426305,1.0,0.0,0.0,0.0,1.0,0.0,0.0,1.0,1,1,1,1,1,1,1,1,1,1,0,1,0
0.48651791112970877,1.1657772395230555,0.0,0.0,0.0,1.0,0.0,0.0,1.0,0.0,1,1,1,1,1,1,1,1,0,1,0,1,0
-0.19980424993890028,0.7992939660427822,0.0,0.0,0.0,0.0,1.0,0.0,0.0,0.0,0,1,0,0,1,1,1,0,1,1,0,0,0
-0.17653909193657447,0.10704778280226633,0.0,0.0,0.0,0.0,0.0,1.0,0.0,0.0,1,0,1,1,1,1,0,0,0,1,0,1,0
1.3606231332170895,1.5729808767233588,1.0,1.0,0.0,1.0,0.0,0.0,0.0,0.0,1,1,0,1,0,1,1,0,1,1,0,1,0
-0.28289409994720643,-1.0738427650786138,0.0,0.0,0.0,0.0,0.0,0.0,1.0,0.0,0,0,0,0,1,1,0,0,0,0,1,1,0
-0.3809401229570078,0.5142514200025698,1.0,0.0,0.0,0.0,1.0,1.0,0.0,0.0,1,0,0,0,1,0,1,0,0,0,0,1,0
0.6909189421501416,-1.2367242199587352,0.0,1.0,0.0,0.0,0.0,0.0,1.0,0.0,0,0,0,1,0,0,0,0,1,1,1,1,1
0.12923155609399228,-1.1552834925186746,0.0,0.0,0.0,0.0,0.0,0.0,0.0,0.0,0,1,0,0,0,1,0,0,1,1,1,1,0
-1.3447823830533592,-1.2367242199587352,1.0,0.0,0.0,0.0,0.0,0.0,0.0,1.0,0,0,0,0,0,0,0,0,0,0,0,0,0
0.4350022041245586,-1.1552834925186746,1.0,1.0,0.0,0.0,0.0,0.0,1.0,0.0,0,0,0,0,0,0,0,0,1,0,1,1,0
-0.1615829189350795,0.758573602322752,1.0,0.0,0.0,1.0,0.0,1.0,0.0,0.0,0,0,0,1,1,0,0,1,0,0,0,1,0
-1.3564149620545218,1.125056875803025,1.0,0.0,1.0,1.0,0.0,1.0,0.0,0.0,1,0,1,1,0,0,0,0,0,0,0,1,0
-1.4827115340671475,-0.9516816739185228,1.0,0.0,1.0,1.0,0.0,0.0,0.0,1.0,0,0,0,0,0,0,0,0,0,1,0,1,0
1.3489905542159264,-1.1960038562387048,1.0,1.0,0.0,0.0,0.0,0.0,0.0,0.0,0,1,0,1,0,1,1,0,1,1,1,1,0
1.0266019361836989,-0.62591876415828,1.0,1.0,0.0,0.0,0.0,0.0,0.0,0.0,0,1,0,1,0,0,1,1,0,1,0,1,0
0.7407728521551253,-0.9924020376385531,0.0,1.0,0.0,0.0,0.0,0.0,1.0,0.0,0,0,0,1,0,0,0,0,1,1,1,1,0
0.5396954151350245,0.5549717837226001,1.0,0.0,0.0,0.0,1.0,0.0,0.0,1.0,1,1,1,0,1,0,1,1,1,0,0,1,0
0.5878875281398422,1.4508197855632678,0.0,0.0,0.0,0.0,1.0,1.0,0.0,0.0,0,1,0,0,1,1,1,1,1,1,0,1,0
-0.3742929349563432,-1.2774445836787656,1.0,0.0,0.0,0.0,0.0,0.0,0.0,1.0,0,0,0,0,0,0,0,0,1,1,1,1,0
-1.4710789550659844,-1.1552834925186746,0.0,0.0,1.0,1.0,0.0,0.0,0.0,0.0,1,0,0,0,0,0,0,0,0,0,0,1,0
-1.3181936310507012,-1.2774445836787656,0.0,0.0,0.0,0.0,0.0,0.0,0.0,1.0,0,0,0,0,0,0,0,0,0,1,1,0,0
-0.34438058895335305,-0.1779947632379461,1.0,0.0,0.0,1.0,0.0,1.0,0.0,0.0,0,0,1,0,0,1,0,1,0,1,0,1,0
-0.2047896409393986,0.26992923768238775,0.0,0.0,0.0,1.0,0.0,1.0,0.0,0.0,0,0,0,0,0,1,0,0,1,1,0,1,0
0.6659919871476498,-0.8702409464784621,1.0,1.0,0.0,0.0,0.0,0.0,1.0,0.0,0,1,0,0,0,0,1,0,0,0,0,1,0
-0.11172900893009581,1.5729808767233588,0.0,0.0,0.0,0.0,1.0,1.0,0.0,0.0,1,1,0,0,0,1,1,1,1,1,0,0,0
-1.4744025490663168,-1.2367242199587352,1.0,0.0,1.0,0.0,0.0,0.0,0.0,1.0,0,0,1,0,0,0,0,0,0,0,0,1,0
0.4948268961305394,-0.0965540357978854,1.0,1.0,0.0,0.0,0.0,0.0,0.0,1.0,1,0,0,0,0,1,1,0,0,1,1,1,1
-1.4827115340671475,-0.62591876415828,0.0,0.0,1.0,1.0,0.0,0.0,0.0,1.0,0,0,0,0,0,0,0,0,0,0,0,1,0
0.9867188081797118,0.9214550572028734,0.0,1.0,0.0,0.0,0.0,1.0,0.0,0.0,1,0,0,1,0,1,1,0,1,1,0,1,0
0.4998122871310375,1.0436161483629645,0.0,1.0,0.0,0.0,0.0,0.0,0.0,0.0,0,0,0,1,1,0,0,0,0,1,0,1,0
-0.3510277769540174,-1.1145631287986442,0.0,0.0,0.0,0.0,0.0,0.0,1.0,0.0,0,0,0,0,1,0,0,1,0,0,1,1,0
-1.505976692069473,-1.2774445836787656,0.0,0.0,1.0,0.0,0.0,0.0,1.0,0.0,0,0,0,0,0,0,0,0,0,1,1,1,1
0.3087056321119333,-0.9516816739185228,1.0,1.0,0.0,0.0,0.0,0.0,1.0,0.0,0,0,0,1,0,0,0,0,0,1,0,1,1
-0.518869273970796,-0.2594354906780068,1.0,0.0,0.0,0.0,0.0,0.0,0.0,0.0,0,0,0,0,0,0,0,1,0,0,0,1,0
-1.5076384890696393,0.7178532386027215,0.0,0.0,1.0,0.0,1.0,1.0,0.0,0.0,0,0,0,0,0,0,0,0,0,0,0,1,0
1.624848856243503,1.6137012404433893,0.0,1.0,0.0,0.0,1.0,0.0,0.0,0.0,1,1,0,1,1,1,1,1,1,1,0,1,0
1.3705939152180862,0.43281069256250915,0.0,1.0,0.0,1.0,0.0,1.0,0.0,0.0,0,1,1,0,1,1,0,1,1,1,0,1,0
-1.289943082047877,0.9621754209229036,1.0,0.0,1.0,0.0,1.0,0.0,0.0,0.0,0,0,0,1,0,0,0,0,0,1,0,1,0
-1.517609271070636,-1.2774445836787656,0.0,0.0,1.0,0.0,0.0,0.0,0.0,1.0,0,0,0,0,0,0,0,0,0,0,0,1,0
1.284180471209448,1.6137012404433893,1.0,1.0,0.0,0.0,1.0,0.0,1.0,0.0,1,1,1,1,0,1,1,0,1,1,1,1,0
1.1894580421999785,1.6137012404433893,1.0,1.0,0.0,0.0,1.0,0.0,0.0,0.0,1,1,0,1,1,1,0,1,0,1,0,1,0
1.0182929511828682,0.14776814652229667,1.0,1.0,0.0,0.0,0.0,0.0,1.0,0.0,1,1,0,1,0,0,0,0,1,1,0,1,0
0.34526516611558833,-1.1145631287986442,1.0,0.0,0.0,0.0,0.0,0.0,0.0,0.0,0,1,0,0,0,0,1,1,1,0,0,1,0
0.6543594081464871,-0.7888002190384014,0.0,1.0,0.0,0.0,0.0,0.0,1.0,0.0,0,0,0,1,0,1,1,0,0,1,1,1,0
0.8105683261621028,0.47353105628253944,0.0,1.0,0.0,1.0,0.0,1.0,0.0,0.0,0,1,0,0,0,1,1,0,0,0,0,1,1
1.433742201224399,1.5322605130033284,0.0,1.0,0.0,1.0,0.0,0.0,1.0,0.0,1,1,1,1,0,1,1,1,1,1,0,1,1
-1.504314895069307,0.47353105628253944,1.0,0.0,1.0,1.0,0.0,1.0,0.0,0.0,0,0,0,0,0,0,0,0,0,0,0,1,0
0.7042133181514708,-0.015113308357824713,0.0,1.0,0.0,0.0,0.0,1.0,0.0,0.0,1,0,0,1,0,0,0,0,1,1,1,1,1
-1.3231790220511994,1.4915401492832983,0.0,0.0,1.0,0.0,1.0,1.0,0.0,0.0,1,0,0,1,0,0,0,0,0,1,0,1,0
-0.17820088893674074,-0.6666391278783103,0.0,0.0,0.0,0.0,0.0,0.0,1.0,0.0,0,0,0,0,0,0,0,1,1,0,1,1,1
-1.504314895069307,1.4508197855632678,1.0,0.0,1.0,1.0,0.0,0.0,0.0,0.0,1,0,1,0,0,0,0,0,0,0,0,1,1
0.1724382780983114,-0.6666391278783103,1.0,1.0,0.0,0.0,0.0,1.0,0.0,0.0,0,0,0,0,0,0,0,0,0,1,0,1,0
0.6011819041411709,1.4508197855632678,1.0,0.0,0.0,0.0,1.0,0.0,0.0,0.0,1,1,1,0,1,1,0,1,1,0,0,1,0
-1.5209328650709681,-1.1552834925186746,1.0,0.0,1.0,0.0,0.0,0.0,0.0,1.0,0,0,0,0,0,0,0,0,0,0,0,1,0
-0.8611994560050172,-0.2594354906780068,0.0,0.0,0.0,0.0,0.0,1.0,0.0,0.0,1,0,1,0,1,1,0,1,0,0,0,0,0
-1.1353959610324276,-0.13727439951791576,0.0,0.0,0.0,0.0,0.0,0.0,1.0,0.0,0,0,0,0,0,1,0,0,0,1,1,0,0
-1.4760643460664828,-1.1145631287986442,1.0,0.0,1.0,0.0,0.0,1.0,0.0,0.0,0,0,1,0,0,0,0,0,0,0,0,1,0
1.0049985751815391,1.5322605130033284,1.0,1.0,0.0,1.0,0.0,0.0,0.0,0.0,1,0,0,1,0,1,1,0,1,1,0,1,0
0.32033821111309646,-0.3408762181180675,1.0,0.0,0.0,1.0,0.0,0.0,0.0,0.0,1,1,0,0,1,0,0,1,1,0,0,1,0
0.45494376812655235,1.6137012404433893,0.0,0.0,0.0,0.0,1.0,0.0,0.0,0.0,1,1,0,1,1,1,1,1,0,0,0,1,1
0.3170146171127639,-1.2774445836787656,1.0,1.0,0.0,0.0,0.0,0.0,0.0,1.0,0,0,0,0,0,0,0,1,0,1,0,1,0
-0.45572098796448335,1.5322605130033284,1.0,0.0,0.0,1.0,0.0,0.0,0.0,0.0,1,1,0,0,0,1,1,1,0,1,0,0,0
-1.5142856770703037,0.14776814652229667,0.0,0.0,1.0,0.0,0.0,0.0,0.0,0.0,1,0,1,0,0,0,0,0,0,0,0,1,0
1.156222102196656,0.22920887396235737,0.0,1.0,0.0,0.0,0.0,0.0,1.0,0.0,0,1,0,1,0,0,0,1,1,1,1,1,1
0.17410007509847744,-0.62591876415828,0.0,1.0,0.0,0.0,0.0,0.0,1.0,0.0,0,0,0,0,0,0,0,0,0,1,1,1,0
1.4736253292283856,0.35136996512244845,0.0,1.0,0.0,1.0,0.0,0.0,0.0,0.0,1,1,1,1,0,1,1,1,1,1,0,1,0
-0.6468276429835875,-1.2774445836787656,0.0,0.0,0.0,0.0,0.0,0.0,1.0,0.0,0,0,0,0,0,0,0,0,0,1,1,1,0
-1.1603229160349193,-1.2367242199587352,1.0,0.0,0.0,0.0,0.0,0.0,0.0,0.0,0,0,0,0,0,0,0,1,0,0,1,0,0
0.3884718881199074,-0.748079855318371,1.0,1.0,0.0,0.0,0.0,0.0,1.0,0.0,0,0,0,0,0,0,1,0,0,0,0,1,0
1.0083221691818711,-1.2367242199587352,1.0,1.0,0.0,0.0,0.0,1.0,0.0,0.0,0,1,0,0,0,1,1,1,0,1,1,1,1
-1.4943441130683104,-1.2774445836787656,1.0,0.0,1.0,0.0,0.0,0.0,0.0,1.0,0,0,0,0,0,0,0,0,0,0,1,1,0
0.2671607071077802,-0.7888002190384014,1.0,0.0,0.0,0.0,0.0,0.0,1.0,0.0,1,0,1,1,0,1,1,1,1,1,0,1,0
-1.5225946620711341,-1.0738427650786138,1.0,0.0,1.0,0.0,0.0,0.0,0.0,1.0,0,0,0,0,0,0,0,0,0,0,0,1,0
0.395119076120572,-1.1552834925186746,0.0,1.0,0.0,0.0,0.0,0.0,0.0,0.0,0,0,0,0,0,1,0,0,0,1,1,1,0
1.1429277261953275,-1.1145631287986442,0.0,1.0,0.0,0.0,0.0,0.0,0.0,1.0,1,1,1,0,0,1,0,1,1,1,1,1,0
1.2293411702039656,-0.7073594915983407,0.0,1.0,0.0,0.0,0.0,0.0,1.0,0.0,1,1,0,0,1,0,1,0,1,0,0,1,0
0.35523594811658493,0.5956921474426305,0.0,1.0,0.0,0.0,0.0,1.0,0.0,0.0,0,0,0,0,1,0,0,0,0,0,0,1,0
-0.021991970921125294,-0.9924020376385531,0.0,0.0,0.0,0.0,0.0,0.0,0.0,1.0,0,1,0,0,0,0,1,1,0,0,0,1,0
-1.2999138640488739,-0.62591876415828,1.0,0.0,0.0,0.0,0.0,0.0,0.0,1.0,0,0,0,0,0,0,0,0,0,1,0,0,0
0.3436033691154218,-0.7073594915983407,1.0,1.0,0.0,0.0,0.0,0.0,0.0,1.0,1,0,1,0,1,0,0,0,0,0,0,1,0
1.0332491241843629,-0.2594354906780068,0.0,1.0,0.0,1.0,0.0,0.0,0.0,0.0,0,1,0,0,1,0,1,1,0,1,0,1,0
-0.34438058895335305,-0.38159658183809786,0.0,0.0,0.0,0.0,0.0,0.0,1.0,0.0,0,0,0,1,1,0,0,0,0,0,0,1,0
0.2654989101076142,-1.1552834925186746,0.0,1.0,0.0,0.0,0.0,0.0,1.0,0.0,0,0,0,0,0,1,0,0,0,0,0,1,1
-1.4926823160681442,-0.13727439951791576,1.0,0.0,1.0,1.0,0.0,0.0,0.0,1.0,0,0,1,0,0,0,0,0,0,0,0,1,0
-1.5192710680708021,-0.30015585439803716,0.0,0.0,1.0,0.0,0.0,0.0,0.0,1.0,0,0,0,0,0,0,0,0,0,0,0,1,0
-0.6584602219847502,-0.9516816739185228,1.0,0.0,0.0,0.0,0.0,0.0,0.0,1.0,0,0,0,0,0,0,0,0,0,0,1,1,0
-0.5055748979694671,-0.5851984004382496,1.0,0.0,0.0,0.0,0.0,0.0,0.0,1.0,1,0,0,0,0,0,1,0,0,1,1,1,0
1.0000131841810405,-1.1960038562387048,1.0,1.0,0.0,0.0,0.0,0.0,1.0,0.0,0,1,0,1,0,0,0,0,1,1,0,1,1
-0.6152534999804311,1.4915401492832983,0.0,0.0,0.0,0.0,1.0,0.0,0.0,0.0,1,0,1,0,1,1,1,1,0,0,0,0,0
-1.5093002860698053,-0.748079855318371,1.0,0.0,1.0,1.0,0.0,0.0,0.0,1.0,0,0,0,0,0,0,0,0,0,0,0,1,0
0.16080569909714826,-0.5444780367182193,1.0,0.0,0.0,0.0,0.0,0.0,0.0,1.0,0,1,0,1,0,0,0,0,1,0,0,1,0
0.8620840331672525,0.26992923768238775,1.0,1.0,0.0,0.0,0.0,0.0,1.0,0.0,0,1,0,1,0,1,0,0,0,0,0,1,1
1.217708591202803,-0.055833672077855064,1.0,1.0,0.0,0.0,0.0,0.0,1.0,0.0,0,1,0,0,0,1,1,0,1,1,0,1,0
-1.479387940066815,-0.3408762181180675,1.0,0.0,1.0,1.0,0.0,0.0,0.0,1.0,1,0,1,0,0,0,0,0,0,0,0,1,0
-0.5305018529719588,-0.748079855318371,1.0,0.0,0.0,0.0,0.0,0.0,0.0,0.0,1,0,0,0,0,0,0,1,0,0,0,1,0
0.31867641411292996,1.2879383306831464,0.0,0.0,0.0,0.0,1.0,0.0,0.0,1.0,1,1,0,0,1,1,1,1,0,1,0,1,0
-1.5093002860698053,0.7178532386027215,0.0,0.0,1.0,1.0,0.0,0.0,0.0,1.0,0,0,0,0,0,0,0,0,0,1,0,1,0
0.13255515009432434,0.7992939660427822,1.0,0.0,0.0,1.0,0.0,0.0,1.0,0.0,1,0,1,0,0,1,1,1,1,1,0,1,0
1.1778254631988159,-0.1779947632379461,1.0,1.0,0.0,1.0,0.0,0.0,1.0,0.0,0,1,0,1,0,1,0,0,1,0,0,1,0
-1.4594463760648215,-0.46303730927815856,0.0,0.0,1.0,0.0,1.0,1.0,0.0,0.0,0,0,0,0,0,0,0,0,0,1,0,1,0
1.0349109211845293,-0.30015585439803716,1.0,1.0,0.0,0.0,0.0,0.0,1.0,0.0,0,1,1,0,0,1,0,0,1,1,1,1,0
-1.5093002860698053,-0.62591876415828,0.0,0.0,1.0,1.0,0.0,0.0,0.0,1.0,1,0,0,0,0,0,0,0,0,0,0,1,0
-0.6567984249845842,1.0436161483629645,1.0,0.0,0.0,1.0,0.0,1.0,0.0,0.0,1,1,0,0,0,0,0,0,1,1,0,0,0
0.5563133851366857,-0.62591876415828,1.0,1.0,0.0,0.0,0.0,0.0,0.0,0.0,1,1,0,0,0,0,0,0,0,0,1,1,1
-1.304899255049372,0.758573602322752,0.0,0.0,1.0,0.0,1.0,0.0,0.0,1.0,1,0,0,1,0,0,0,0,0,0,0,1,0
-0.5271782589716266,1.6137012404433893,1.0,0.0,0.0,0.0,1.0,0.0,0.0,1.0,1,0,1,0,1,0,1,1,1,0,0,0,0
0.642726829145324,0.7992939660427822,1.0,1.0,0.0,0.0,0.0,0.0,1.0,0.0,1,0,0,0,1,0,0,0,1,0,1,1,0
-1.5009913010689746,-0.21871512695797646,0.0,0.0,1.0,0.0,1.0,0.0,0.0,1.0,0,0,0,0,0,0,0,0,0,1,0,1,0
-1.4876969250676457,-1.1960038562387048,0.0,0.0,1.0,0.0,0.0,0.0,0.0,1.0,0,0,0,0,0,0,0,0,0,0,0,1,0
0.5496661971360212,1.2879383306831464,0.0,0.0,0.0,0.0,1.0,0.0,0.0,1.0,1,1,0,1,1,1,1,1,0,1,0,1,0
1.0116457631822036,0.5142514200025698,0.0,1.0,0.0,0.0,1.0,1.0,0.0,0.0,1,1,0,0,0,0,0,1,1,1,0,1,0
-0.9409657120129912,-1.1960038562387048,1.0,0.0,0.0,0.0,0.0,0.0,0.0,1.0,1,0,0,0,0,0,0,0,1,1,1,0,1
0.6161380771426661,1.5729808767233588,0.0,0.0,0.0,0.0,1.0,1.0,0.0,0.0,1,1,0,1,0,1,1,1,1,1,0,1,0
-1.3198554280508674,-1.2774445836787656,0.0,0.0,0.0,0.0,0.0,0.0,0.0,1.0,0,0,0,0,0,0,0,0,0,0,1,0,1
-1.477726143066649,1.0436161483629645,0.0,0.0,1.0,0.0,1.0,1.0,0.0,0.0,1,0,1,0,0,0,0,0,0,0,0,1,0
0.8338334841644282,0.06632741908223598,1.0,1.0,0.0,0.0,0.0,0.0,1.0,0.0,1,0,1,0,0,1,1,0,1,1,0,1,0
-0.49560411596847015,-0.9924020376385531,0.0,0.0,0.0,0.0,0.0,0.0,1.0,0.0,0,0,0,0,1,0,0,0,0,1,1,1,0
-1.4943441130683104,-0.7073594915983407,0.0,0.0,1.0,0.0,0.0,0.0,0.0,1.0,1,0,1,0,0,0,0,0,0,0,0,1,0
-0.33607160395252245,1.369379058123207,1.0,0.0,0.0,0.0,1.0,0.0,0.0,0.0,1,1,1,0,0,0,1,1,1,0,0,0,0
-1.1769408860365806,-0.8295205827584317,1.0,0.0,0.0,0.0,0.0,1.0,0.0,0.0,0,0,0,0,0,1,0,0,0,1,0,0,1
-1.51594747407047,1.0436161483629645,1.0,0.0,1.0,0.0,1.0,0.0,0.0,0.0,0,0,0,0,0,0,0,0,0,1,0,1,0
-1.517609271070636,-1.1960038562387048,0.0,0.0,1.0,0.0,1.0,0.0,0.0,1.0,1,0,1,0,0,0,0,0,0,0,0,1,0
-0.30615925794953225,0.43281069256250915,0.0,0.0,0.0,0.0,0.0,1.0,0.0,0.0,1,1,0,0,0,1,1,0,1,0,1,0,1
0.5247392421335293,-0.9516816739185228,0.0,1.0,0.0,0.0,0.0,0.0,1.0,0.0,0,0,0,0,0,1,1,0,0,0,0,1,0
-1.479387940066815,-1.1960038562387048,0.0,0.0,1.0,1.0,0.0,0.0,0.0,1.0,0,0,0,0,0,0,0,0,0,0,0,1,0
0.1574821050968162,-0.4223169455581282,0.0,0.0,0.0,1.0,0.0,0.0,0.0,0.0,1,1,1,0,0,1,0,0,1,1,1,1,0
1.3705939152180862,0.3106496014024181,1.0,1.0,0.0,1.0,0.0,0.0,0.0,0.0,1,1,0,1,0,1,1,0,1,1,0,1,0
-1.304899255049372,1.4508197855632678,0.0,0.0,1.0,0.0,1.0,0.0,0.0,0.0,0,0,0,1,0,0,0,0,0,0,0,1,0
1.3140928172124378,0.880734693482843,1.0,1.0,0.0,0.0,0.0,0.0,1.0,0.0,1,1,0,1,0,1,1,0,1,1,1,1,0
0.4931650991303729,0.7178532386027215,0.0,0.0,0.0,0.0,1.0,0.0,0.0,1.0,0,1,0,1,0,1,0,1,1,1,0,1,0
-0.3161300399505289,-1.2774445836787656,1.0,0.0,0.0,0.0,0.0,0.0,1.0,0.0,0,1,0,0,0,0,0,0,0,1,0,1,0
0.7740087921584478,1.6137012404433893,0.0,0.0,0.0,0.0,1.0,0.0,0.0,0.0,1,1,0,1,1,1,1,1,1,0,0,1,0
-1.4744025490663168,0.3106496014024181,1.0,0.0,1.0,1.0,0.0,0.0,0.0,0.0,0,0,1,0,0,0,0,0,0,1,0,1,0
1.7561308192566265,1.6137012404433893,0.0,1.0,0.0,0.0,1.0,0.0,0.0,0.0,1,1,1,1,1,1,1,1,1,1,0,1,0
-1.4876969250676457,-1.0738427650786138,0.0,0.0,1.0,0.0,0.0,0.0,0.0,1.0,0,0,0,0,0,0,0,0,0,0,0,1,0
-1.4993295040688086,-1.1145631287986442,0.0,0.0,1.0,0.0,0.0,1.0,0.0,0.0,0,0,0,0,0,0,0,0,0,1,0,1,0
0.19237984210030468,0.6364125111626608,1.0,0.0,0.0,1.0,0.0,1.0,0.0,0.0,1,1,0,1,0,1,1,0,0,1,0,1,0
0.966777244177718,-1.2774445836787656,0.0,1.0,0.0,0.0,0.0,0.0,1.0,0.0,0,1,0,1,0,0,0,0,1,1,1,1,0
0.034509127084522986,1.2879383306831464,0.0,0.0,0.0,1.0,0.0,0.0,0.0,1.0,1,0,1,0,1,0,0,1,1,0,0,1,0
-1.4860351280674797,-0.62591876415828,0.0,0.0,1.0,1.0,0.0,1.0,0.0,0.0,0,0,0,0,0,0,0,0,0,0,0,1,0
0.5064594751317021,0.3106496014024181,1.0,1.0,0.0,0.0,0.0,0.0,1.0,0.0,1,0,0,0,0,1,1,0,0,1,0,1,0
-0.9758634490164798,0.35136996512244845,0.0,0.0,0.0,1.0,0.0,1.0,0.0,0.0,1,0,1,0,1,0,1,0,0,0,0,0,0
0.4931650991303729,0.758573602322752,1.0,1.0,0.0,1.0,0.0,0.0,0.0,0.0,0,0,0,1,0,1,0,0,0,1,0,1,1
0.5147684601325326,0.35136996512244845,1.0,1.0,0.0,0.0,0.0,0.0,1.0,0.0,1,0,0,1,0,1,0,0,0,1,0,1,0
-0.4756625519664766,-1.2774445836787656,0.0,0.0,0.0,0.0,0.0,0.0,0.0,1.0,1,0,1,0,0,0,1,0,0,0,1,1,0
-1.4727407520661506,-1.2367242199587352,0.0,0.0,1.0,0.0,0.0,0.0,0.0,1.0,0,0,0,0,0,0,0,0,0,1,0,1,0
0.4931650991303729,1.4508197855632678,1.0,1.0,0.0,1.0,0.0,1.0,0.0,0.0,0,0,0,0,0,1,1,0,0,0,0,1,0
-1.33148800705203,-0.3408762181180675,0.0,0.0,1.0,0.0,1.0,0.0,0.0,1.0,1,0,1,1,0,0,0,0,0,0,0,1,0
0.4167224371227313,1.5322605130033284,1.0,0.0,0.0,0.0,1.0,1.0,0.0,0.0,1,1,0,1,1,0,1,1,0,0,0,1,0
-1.1636465100352518,-1.1960038562387048,1.0,0.0,0.0,0.0,0.0,0.0,1.0,0.0,0,0,0,0,0,0,0,1,0,1,0,0,0
-0.6601220189849164,-1.2367242199587352,1.0,0.0,0.0,0.0,0.0,0.0,0.0,0.0,0,0,0,0,0,0,0,0,0,0,0,1,0
-1.1619847130350858,-1.1960038562387048,1.0,0.0,0.0,0.0,0.0,1.0,0.0,0.0,1,0,0,0,0,1,0,0,0,0,0,0,0
0.32864719611392706,-1.0331224013585834,0.0,0.0,0.0,0.0,0.0,0.0,1.0,0.0,0,1,0,1,0,0,0,1,1,1,1,1,0
0.23891015810495633,-0.7888002190384014,0.0,0.0,0.0,0.0,0.0,0.0,1.0,0.0,0,1,0,0,1,0,0,0,1,1,0,1,0
-1.462769970065154,-1.0331224013585834,1.0,0.0,1.0,0.0,0.0,0.0,0.0,1.0,0,0,0,0,0,0,0,0,0,0,0,1,0
-0.28123230294704044,-0.8295205827584317,1.0,0.0,0.0,0.0,0.0,0.0,0.0,1.0,1,0,1,0,0,0,0,0,1,1,0,1,0
1.3456669602155942,0.8400143297628127,1.0,1.0,0.0,1.0,0.0,0.0,1.0,0.0,1,1,1,1,0,1,1,0,1,1,0,1,0
0.9784098231788811,-0.8295205827584317,0.0,1.0,0.0,0.0,0.0,0.0,1.0,0.0,0,1,0,1,0,0,0,0,1,1,1,1,0
-1.502653098069141,1.247217966963116,1.0,0.0,1.0,0.0,1.0,0.0,0.0,1.0,1,0,1,0,0,0,0,0,0,0,0,1,0
0.6543594081464871,-0.7073594915983407,0.0,0.0,0.0,0.0,0.0,0.0,0.0,1.0,0,1,0,0,1,1,1,1,1,0,0,1,0
-0.3693075439558449,0.14776814652229667,1.0,0.0,0.0,1.0,0.0,0.0,0.0,1.0,1,0,1,0,1,1,0,0,0,0,0,1,0
-1.1586611190347533,-1.1552834925186746,1.0,0.0,0.0,0.0,0.0,0.0,1.0,0.0,1,0,0,0,0,0,1,0,0,1,0,0,1
-1.4976677070686424,-0.3408762181180675,0.0,0.0,1.0,0.0,1.0,0.0,0.0,1.0,1,0,1,0,0,0,0,0,0,0,0,1,0
-0.7000051469889033,1.1657772395230555,0.0,0.0,0.0,1.0,0.0,1.0,0.0,0.0,0,0,0,0,1,1,1,1,0,0,0,0,0
-0.31446824295036285,-0.6666391278783103,1.0,0.0,0.0,0.0,0.0,0.0,1.0,0.0,0,0,0,1,0,1,0,0,0,0,0,1,0
-1.4926823160681442,1.3286586944031769,1.0,0.0,1.0,0.0,1.0,1.0,0.0,0.0,1,0,1,0,0,0,0,0,0,1,0,1,0
-1.4993295040688086,-0.2594354906780068,0.0,0.0,1.0,0.0,1.0,1.0,0.0,0.0,1,0,1,0,0,0,0,0,0,0,0,1,0
-0.5088984919697991,-0.6666391278783103,1.0,0.0,0.0,0.0,0.0,0.0,0.0,1.0,0,0,0,0,0,0,0,1,0,1,0,1,0
1.3888736822199135,0.880734693482843,0.0,1.0,0.0,1.0,0.0,0.0,0.0,0.0,1,1,0,1,1,1,0,0,1,0,1,1,0
-1.4843733310673135,-1.2774445836787656,1.0,0.0,1.0,0.0,0.0,0.0,0.0,1.0,0,0,0,0,0,0,0,0,0,0,1,1,0
-1.4727407520661506,-1.1145631287986442,1.0,0.0,1.0,0.0,1.0,0.0,0.0,1.0,0,0,1,0,0,0,0,0,0,0,0,1,0
-0.8329489070021932,-0.5444780367182193,0.0,0.0,0.0,0.0,0.0,0.0,1.0,0.0,0,1,0,0,0,1,0,0,0,1,0,0,0
-0.3410569949530208,-0.9109613101984924,1.0,0.0,0.0,0.0,0.0,1.0,0.0,0.0,0,0,0,1,1,0,0,0,0,1,0,1,0
0.6327560471443273,-0.38159658183809786,0.0,1.0,0.0,0.0,0.0,0.0,1.0,0.0,1,0,1,0,0,1,1,1,0,0,1,1,0
-0.3194536339508612,-1.1960038562387048,1.0,0.0,0.0,0.0,0.0,0.0,0.0,1.0,0,0,0,0,0,0,0,0,1,0,1,1,0
1.5567151792366918,1.6137012404433893,0.0,1.0,0.0,0.0,1.0,0.0,0.0,0.0,0,1,0,1,0,1,1,1,1,1,0,1,0
0.7274784761537967,-0.9109613101984924,1.0,1.0,0.0,0.0,0.0,0.0,1.0,0.0,1,1,0,1,0,0,0,0,0,1,1,1,1
-0.30615925794953225,-0.9109613101984924,0.0,0.0,0.0,0.0,0.0,0.0,0.0,1.0,1,0,1,0,0,1,1,0,0,1,0,1,0
-1.4694171580658184,-0.8702409464784621,1.0,0.0,1.0,1.0,0.0,0.0,0.0,1.0,1,0,0,0,0,0,0,0,0,1,0,1,0
1.395520870220578,0.18848851024232702,0.0,1.0,0.0,0.0,0.0,0.0,0.0,0.0,0,1,0,1,1,1,0,0,1,1,1,1,1
-0.08846385092776998,-0.62591876415828,1.0,0.0,0.0,1.0,0.0,0.0,0.0,1.0,1,0,1,1,1,0,0,1,0,1,0,1,0
1.3207400052131024,0.14776814652229667,0.0,1.0,0.0,0.0,0.0,1.0,0.0,0.0,1,1,1,1,1,0,1,0,1,1,0,1,0
1.2310029672041316,-0.62591876415828,1.0,1.0,0.0,0.0,0.0,0.0,1.0,0.0,0,1,0,0,0,1,1,0,1,1,0,1,1
1.5234792392333694,1.369379058123207,0.0,1.0,0.0,1.0,0.0,1.0,0.0,0.0,1,1,1,1,1,1,0,1,1,1,0,1,1
0.6693155811479823,1.1657772395230555,1.0,0.0,0.0,1.0,0.0,0.0,0.0,0.0,1,1,1,0,1,1,1,1,1,0,0,1,0
0.9451738831755587,-0.4223169455581282,1.0,1.0,0.0,0.0,0.0,0.0,0.0,1.0,0,1,0,0,0,1,0,0,1,1,0,1,0
-1.341458789053027,-1.2774445836787656,1.0,0.0,0.0,0.0,0.0,0.0,1.0,0.0,0,0,0,0,0,0,0,0,0,1,0,0,0
0.19237984210030468,-1.0738427650786138,0.0,1.0,0.0,0.0,0.0,1.0,0.0,0.0,0,0,0,0,0,0,0,0,0,0,0,1,0
0.45494376812655235,-0.055833672077855064,1.0,1.0,0.0,0.0,0.0,0.0,1.0,0.0,0,0,0,0,0,1,0,1,0,1,1,1,0
0.6726391751483144,1.4508197855632678,0.0,0.0,0.0,0.0,1.0,1.0,0.0,0.0,1,1,1,0,1,1,1,1,1,1,0,1,0
0.7540672281564545,0.06632741908223598,0.0,1.0,0.0,0.0,0.0,0.0,1.0,0.0,1,0,1,1,0,0,1,0,1,0,1,1,0
0.6992279271509723,0.7992939660427822,0.0,1.0,0.0,0.0,0.0,0.0,0.0,0.0,1,0,1,0,0,1,1,1,0,0,0,1,0
0.8753784091685812,-0.9109613101984924,0.0,1.0,0.0,0.0,0.0,0.0,1.0,0.0,0,0,1,0,0,0,1,1,1,1,0,1,0
0.19902703010096928,-0.13727439951791576,1.0,1.0,0.0,0.0,0.0,0.0,1.0,0.0,1,0,1,0,0,0,0,0,0,1,1,1,0
-1.4843733310673135,1.6137012404433893,0.0,0.0,1.0,0.0,1.0,0.0,0.0,0.0,1,0,1,0,0,0,0,0,0,0,0,1,0
-1.4860351280674797,0.5956921474426305,1.0,0.0,1.0,1.0,0.0,0.0,0.0,1.0,1,0,1,0,0,0,0,0,0,0,0,1,0
0.33363258711442517,-0.3408762181180675,1.0,0.0,0.0,1.0,0.0,0.0,0.0,1.0,1,1,1,1,1,0,0,0,1,0,0,1,0
-1.328164413051698,1.3286586944031769,1.0,0.0,1.0,1.0,0.0,1.0,0.0,0.0,0,0,0,1,0,0,0,0,0,0,0,1,0
1.1994288242009752,-1.1552834925186746,0.0,1.0,0.0,0.0,0.0,0.0,0.0,1.0,0,1,0,1,0,0,0,1,1,1,0,1,0
1.2160467942026365,-0.8295205827584317,1.0,1.0,0.0,0.0,0.0,0.0,1.0,0.0,1,1,0,1,0,1,0,0,1,1,1,1,1
0.5629605731373504,-1.2774445836787656,1.0,1.0,0.0,0.0,0.0,0.0,1.0,0.0,0,0,0,1,1,0,0,0,0,1,1,1,0
0.11593718009266311,0.025607055362205634,1.0,1.0,0.0,0.0,0.0,0.0,1.0,0.0,0,0,0,0,0,0,0,0,0,0,1,1,0
1.3406815692150957,0.06632741908223598,0.0,1.0,0.0,0.0,0.0,0.0,1.0,0.0,0,1,0,0,0,1,1,1,1,1,0,1,0
-1.4744025490663168,-0.748079855318371,0.0,0.0,1.0,0.0,1.0,0.0,0.0,1.0,1,0,0,0,0,0,0,0,0,0,0,1,0
0.47820892612887816,-1.1552834925186746,0.0,1.0,0.0,0.0,0.0,0.0,1.0,0.0,0,1,0,0,0,0,0,0,0,1,1,1,0
-1.4876969250676457,-0.7888002190384014,1.0,0.0,1.0,1.0,0.0,0.0,0.0,1.0,1,0,1,0,0,0,0,0,0,0,0,1,0
0.48651791112970877,1.3286586944031769,0.0,0.0,0.0,0.0,1.0,0.0,0.0,0.0,1,1,1,1,0,1,0,1,1,1,0,1,0
-0.25131995694405,-0.38159658183809786,1.0,0.0,0.0,1.0,0.0,1.0,0.0,0.0,1,0,1,0,1,0,0,1,0,0,0,1,0
-0.2047896409393986,0.9214550572028734,1.0,0.0,0.0,0.0,1.0,0.0,1.0,0.0,1,0,0,0,1,1,1,0,0,0,0,1,0
0.9983513871808745,0.6771328748826912,1.0,1.0,0.0,0.0,1.0,0.0,1.0,0.0,1,1,0,0,0,1,0,0,1,1,0,1,0
1.2542681252064576,1.125056875803025,1.0,1.0,0.0,1.0,0.0,0.0,0.0,0.0,1,1,0,1,0,1,1,0,1,0,0,1,0
-1.4760643460664828,1.4915401492832983,0.0,0.0,1.0,1.0,0.0,1.0,0.0,0.0,1,0,1,0,0,0,0,0,0,1,0,1,0
0.6693155811479823,0.3106496014024181,1.0,1.0,0.0,0.0,0.0,0.0,1.0,0.0,0,0,0,1,0,0,0,0,1,1,0,1,0
0.14751132309581955,1.4100994218432374,1.0,0.0,0.0,0.0,1.0,1.0,0.0,0.0,1,1,0,0,1,1,0,1,0,1,0,1,0
1.0199547481830342,0.10704778280226633,1.0,1.0,0.0,0.0,0.0,0.0,1.0,0.0,0,1,0,1,0,0,0,0,1,1,1,1,1
1.2027524182013078,-0.5444780367182193,1.0,1.0,0.0,1.0,0.0,0.0,1.0,0.0,1,1,1,1,0,0,0,1,1,1,1,1,0
-1.4594463760648215,-0.7888002190384014,0.0,0.0,1.0,0.0,1.0,0.0,0.0,1.0,1,0,1,0,0,0,0,0,0,0,0,1,0
0.788964965159943,0.35136996512244845,0.0,1.0,0.0,0.0,0.0,0.0,0.0,0.0,0,0,1,1,0,1,0,0,1,1,0,1,0
-0.9891578250178088,-1.1552834925186746,0.0,0.0,0.0,0.0,0.0,0.0,0.0,1.0,0,0,0,0,1,0,1,0,0,0,0,0,0
-0.3194536339508612,-0.3408762181180675,0.0,0.0,0.0,0.0,0.0,0.0,1.0,0.0,1,0,1,0,1,0,0,1,0,0,0,1,0
-0.4590445819648154,-1.1145631287986442,0.0,0.0,0.0,0.0,0.0,1.0,0.0,0.0,0,1,0,0,0,1,0,0,1,1,0,0,0
-0.025315564921457354,-1.1145631287986442,0.0,0.0,0.0,0.0,0.0,0.0,1.0,0.0,0,1,0,1,0,1,0,0,0,1,0,1,0
0.14418772909548702,-1.2774445836787656,0.0,1.0,0.0,0.0,0.0,0.0,0.0,1.0,1,0,1,0,0,0,0,0,0,1,1,1,0
0.5131066631323666,1.6137012404433893,0.0,0.0,0.0,0.0,1.0,0.0,0.0,0.0,1,0,1,1,1,1,1,1,1,0,0,1,0
-0.5138838829702976,-0.3408762181180675,0.0,0.0,0.0,0.0,0.0,1.0,0.0,0.0,0,0,0,0,0,0,1,0,0,1,0,1,0
0.6510358141461546,0.3920903288424788,0.0,0.0,0.0,0.0,1.0,1.0,0.0,0.0,1,1,0,1,1,0,1,1,1,0,0,1,0
-1.4860351280674797,-1.1552834925186746,0.0,0.0,1.0,0.0,0.0,0.0,0.0,1.0,0,0,0,0,0,0,0,0,0,0,0,1,0
1.7428364432552979,1.4508197855632678,1.0,1.0,0.0,1.0,0.0,1.0,0.0,0.0,0,1,0,1,1,1,1,1,1,1,0,1,0
-1.4843733310673135,0.025607055362205634,0.0,0.0,1.0,1.0,0.0,0.0,0.0,1.0,1,0,1,0,0,0,0,0,0,0,0,1,0
0.16080569909714826,-1.2774445836787656,0.0,1.0,0.0,0.0,0.0,0.0,1.0,0.0,0,0,0,0,0,0,0,0,0,1,1,1,1
1.285842268209614,-0.055833672077855064,1.0,1.0,0.0,1.0,0.0,0.0,1.0,0.0,0,1,0,1,0,1,1,0,1,1,1,1,0
0.4383257981248911,-1.1552834925186746,0.0,1.0,0.0,0.0,0.0,0.0,0.0,0.0,0,0,0,1,0,1,0,0,0,0,1,1,0
1.5018758782312098,1.4915401492832983,1.0,1.0,0.0,0.0,1.0,0.0,1.0,0.0,1,1,0,1,0,1,1,1,1,1,0,1,1
0.9966895901807084,0.22920887396235737,1.0,1.0,0.0,0.0,0.0,0.0,1.0,0.0,0,1,0,1,0,0,0,0,1,0,0,1,1
0.5064594751317021,-1.1960038562387048,0.0,1.0,0.0,0.0,0.0,0.0,1.0,0.0,1,0,1,0,0,1,0,1,0,1,0,1,0
0.4948268961305394,0.6364125111626608,0.0,0.0,0.0,0.0,1.0,0.0,1.0,0.0,1,1,1,1,0,1,0,1,1,0,0,1,0
-1.3148700370503688,-0.7073594915983407,0.0,0.0,1.0,0.0,1.0,0.0,0.0,1.0,1,0,0,1,0,0,0,0,0,0,0,1,0
-1.491020519067978,-0.30015585439803716,0.0,0.0,1.0,1.0,0.0,1.0,0.0,0.0,0,0,0,0,0,0,0,0,0,0,0,1,0
0.45494376812655235,-1.2774445836787656,0.0,1.0,0.0,0.0,0.0,0.0,1.0,0.0,0,0,0,0,0,0,0,0,1,0,1,1,1
-0.6634456129852487,0.6364125111626608,0.0,0.0,0.0,0.0,0.0,0.0,1.0,0.0,0,0,0,0,1,1,0,0,1,1,0,0,0
-1.477726143066649,-1.2774445836787656,1.0,0.0,1.0,0.0,0.0,0.0,0.0,1.0,0,0,0,0,0,0,0,0,0,0,0,1,0
-1.5142856770703037,-1.2774445836787656,1.0,0.0,1.0,0.0,0.0,0.0,1.0,0.0,0,0,0,0,0,0,0,0,0,0,0,1,0
0.5081212721318681,0.18848851024232702,0.0,1.0,0.0,1.0,0.0,0.0,1.0,0.0,0,0,0,0,0,1,1,0,0,0,0,1,0
1.4154624342225712,1.369379058123207,1.0,1.0,0.0,1.0,0.0,0.0,0.0,0.0,1,1,0,1,0,1,1,1,1,1,0,1,1
-0.562075995975115,-0.2594354906780068,0.0,0.0,0.0,1.0,0.0,0.0,0.0,0.0,1,0,0,0,1,1,1,0,1,0,0,0,0
0.2006888271011353,1.247217966963116,1.0,0.0,0.0,1.0,0.0,1.0,0.0,0.0,1,0,0,0,1,1,0,1,1,0,0,1,0
-1.1719554950360824,-0.9109613101984924,1.0,0.0,0.0,0.0,0.0,0.0,0.0,1.0,0,0,0,0,0,0,1,0,0,0,1,0,0
0.19902703010096928,-1.2367242199587352,0.0,0.0,0.0,0.0,0.0,0.0,1.0,0.0,0,1,0,0,1,0,0,0,1,1,1,1,0
-0.18817167093773737,-0.5851984004382496,1.0,0.0,0.0,0.0,0.0,1.0,0.0,0.0,1,1,0,0,1,0,0,0,0,1,0,1,1
-1.303237458049206,1.2879383306831464,0.0,0.0,1.0,0.0,1.0,0.0,0.0,1.0,1,0,0,1,0,0,0,0,0,0,0,1,0
0.6543594081464871,-0.9516816739185228,0.0,1.0,0.0,0.0,0.0,0.0,1.0,0.0,0,1,0,1,0,0,0,0,0,1,1,1,1
-1.479387940066815,-0.1779947632379461,0.0,0.0,1.0,0.0,0.0,0.0,0.0,1.0,0,0,1,0,0,0,0,0,0,0,0,1,0
0.358559542116917,-1.2774445836787656,0.0,1.0,0.0,0.0,0.0,0.0,1.0,0.0,0,0,0,0,0,0,1,0,0,0,0,1,0
0.6942425361504742,-1.1552834925186746,1.0,1.0,0.0,0.0,0.0,0.0,1.0,0.0,0,1,0,1,0,0,0,0,0,1,1,1,0
0.179085466098976,0.22920887396235737,1.0,0.0,0.0,1.0,0.0,1.0,0.0,0.0,0,0,0,0,0,1,1,1,1,1,1,1,1
1.0149693571825356,1.369379058123207,1.0,1.0,0.0,1.0,0.0,0.0,1.0,0.0,1,1,0,1,0,1,1,0,0,0,0,1,0
0.18240906009930805,-1.2774445836787656,0.0,1.0,0.0,0.0,0.0,0.0,1.0,0.0,0,0,0,0,0,0,0,0,0,1,0,1,0
-0.4806479429669752,-0.5851984004382496,0.0,0.0,0.0,0.0,0.0,0.0,0.0,1.0,1,0,0,0,0,0,0,1,0,1,0,1,0
1.0980592071908417,0.758573602322752,1.0,1.0,0.0,0.0,0.0,0.0,1.0,0.0,0,1,0,1,0,0,1,0,1,1,1,1,1
-1.4926823160681442,-1.318164947398796,1.0,0.0,1.0,0.0,1.0,0.0,0.0,1.0,1,0,1,0,0,0,0,0,0,0,0,1,0
-0.613591702980265,-1.2774445836787656,1.0,0.0,0.0,0.0,0.0,0.0,0.0,1.0,0,0,0,0,0,0,0,0,0,0,1,1,0
-1.5093002860698053,-0.8295205827584317,1.0,0.0,1.0,0.0,1.0,0.0,0.0,0.0,0,0,1,0,0,0,0,0,0,0,0,1,0
1.3805646972190828,0.35136996512244845,0.0,1.0,0.0,0.0,0.0,0.0,1.0,0.0,0,1,0,1,0,1,1,0,1,1,1,1,0
-1.3215172250510334,-0.8295205827584317,1.0,0.0,1.0,0.0,0.0,0.0,1.0,0.0,0,0,0,1,0,0,0,0,0,0,0,1,0
-1.477726143066649,0.9214550572028734,0.0,0.0,1.0,0.0,1.0,0.0,0.0,1.0,1,0,1,0,0,0,0,0,0,0,0,1,0
0.35191235411625243,-1.0331224013585834,0.0,1.0,0.0,0.0,0.0,0.0,1.0,0.0,0,0,0,1,0,0,0,0,0,1,0,1,0
0.8188773111629334,-0.8295205827584317,0.0,1.0,0.0,0.0,0.0,0.0,1.0,0.0,0,1,0,0,0,0,1,1,0,1,1,1,0
0.7723469951582818,1.4508197855632678,0.0,0.0,0.0,0.0,1.0,1.0,0.0,0.0,1,1,1,1,1,1,1,1,1,0,0,1,0
0.611152686142168,-1.1145631287986442,0.0,1.0,0.0,0.0,0.0,1.0,0.0,0.0,0,0,0,1,0,0,0,0,1,1,1,1,1
-0.6966815529885713,0.6771328748826912,0.0,0.0,0.0,0.0,0.0,0.0,0.0,1.0,0,0,0,0,0,0,0,0,0,0,0,1,1
-0.09012564792793624,0.3106496014024181,1.0,0.0,0.0,1.0,0.0,1.0,0.0,0.0,0,1,0,0,1,1,1,0,1,0,0,0,0
-1.4843733310673135,-0.6666391278783103,0.0,0.0,1.0,1.0,0.0,0.0,0.0,0.0,0,0,0,0,0,0,0,0,0,0,0,1,0
0.31202922611226586,-0.9109613101984924,1.0,1.0,0.0,0.0,0.0,0.0,0.0,1.0,0,0,0,1,0,0,0,0,0,1,1,1,0
1.2160467942026365,1.6137012404433893,0.0,1.0,0.0,1.0,0.0,0.0,1.0,0.0,1,1,0,1,0,1,1,0,1,1,0,1,0
0.641065032145158,-1.2367242199587352,0.0,1.0,0.0,0.0,0.0,0.0,1.0,0.0,0,1,0,1,0,0,0,0,0,1,0,1,1
-1.4577845790646555,-0.38159658183809786,1.0,0.0,1.0,0.0,1.0,0.0,0.0,1.0,1,0,1,0,0,0,0,0,0,0,0,1,0
1.3672703212177542,1.5729808767233588,0.0,1.0,0.0,1.0,0.0,0.0,1.0,0.0,0,1,0,1,0,1,1,0,1,1,0,1,1
1.15456030519649,-0.8702409464784621,0.0,1.0,0.0,0.0,0.0,0.0,1.0,0.0,1,1,0,1,0,0,1,0,1,1,1,1,0
-0.6850489739874083,-1.2774445836787656,1.0,0.0,0.0,0.0,0.0,0.0,0.0,1.0,0,0,0,0,0,0,0,0,0,1,1,1,0
-0.36099855895501426,-0.6666391278783103,0.0,0.0,0.0,0.0,0.0,0.0,0.0,1.0,0,0,0,0,0,1,0,1,0,1,1,1,0
0.6875953481498096,-1.2774445836787656,0.0,1.0,0.0,0.0,0.0,0.0,0.0,1.0,0,1,0,1,0,0,0,0,0,1,1,1,0
0.6743009721484804,-0.8295205827584317,1.0,1.0,0.0,0.0,0.0,1.0,0.0,0.0,1,1,0,0,0,1,0,0,0,1,0,1,0
-0.6867107709875744,0.880734693482843,0.0,0.0,0.0,1.0,0.0,0.0,0.0,0.0,0,1,0,0,1,0,0,1,0,0,0,0,0
0.8454660631655913,1.4508197855632678,0.0,1.0,0.0,0.0,1.0,1.0,0.0,0.0,1,0,0,1,0,1,1,1,0,0,0,1,0
-0.4623681759651477,-1.1552834925186746,0.0,0.0,0.0,0.0,0.0,0.0,0.0,1.0,1,0,1,1,0,0,0,0,0,0,1,1,0
-0.18484807693740507,-1.2774445836787656,0.0,0.0,0.0,0.0,0.0,0.0,1.0,0.0,0,1,1,0,0,0,1,0,0,0,1,1,0
-0.37595473195650925,-0.21871512695797646,1.0,0.0,0.0,0.0,0.0,0.0,0.0,1.0,0,0,0,0,1,0,0,1,0,0,0,1,0
-1.4893587220678117,-0.46303730927815856,1.0,0.0,1.0,0.0,0.0,0.0,0.0,1.0,0,0,0,0,0,0,0,0,0,1,0,1,0
0.612814483142334,-0.7888002190384014,1.0,1.0,0.0,0.0,0.0,0.0,1.0,0.0,0,0,0,0,0,0,1,0,1,1,1,1,0
0.32864719611392706,1.2879383306831464,0.0,0.0,0.0,0.0,0.0,1.0,0.0,0.0,0,1,0,1,0,1,1,1,0,0,0,1,1
-0.32776261895169184,-1.2774445836787656,0.0,0.0,0.0,0.0,0.0,0.0,1.0,0.0,0,0,0,0,1,1,0,0,0,1,1,1,0
-0.24134917494305336,1.002895784642934,1.0,0.0,0.0,0.0,1.0,0.0,0.0,0.0,1,1,0,0,0,1,1,1,1,1,0,0,0
1.300798441211109,-0.46303730927815856,0.0,1.0,0.0,0.0,0.0,0.0,1.0,0.0,1,1,0,1,1,0,1,0,1,1,1,1,0
-1.4993295040688086,-0.5444780367182193,1.0,0.0,1.0,0.0,1.0,0.0,0.0,1.0,0,0,0,0,0,0,0,0,0,0,0,1,0
0.9651154471775519,-0.055833672077855064,1.0,1.0,0.0,1.0,0.0,0.0,1.0,0.0,1,1,0,0,0,0,1,0,1,1,0,1,0
0.8138919201624348,0.7992939660427822,1.0,0.0,0.0,0.0,1.0,0.0,0.0,1.0,0,1,0,1,1,1,1,1,1,1,0,1,0
0.9767480261787151,0.5549717837226001,0.0,1.0,0.0,1.0,0.0,0.0,1.0,0.0,0,1,0,1,0,1,1,0,0,1,0,1,0
-0.304497460949366,-0.8702409464784621,0.0,0.0,0.0,0.0,0.0,0.0,1.0,0.0,0,0,0,1,1,0,0,0,0,1,0,1,1
-0.533825446972291,0.8400143297628127,0.0,0.0,0.0,0.0,0.0,0.0,0.0,0.0,1,1,1,0,1,1,1,0,0,1,0,0,0
-1.5126238800701375,-0.8702409464784621,0.0,0.0,1.0,0.0,0.0,0.0,0.0,1.0,1,0,1,0,0,0,0,0,0,1,1,1,0
1.3340343812144315,1.002895784642934,1.0,1.0,0.0,0.0,0.0,0.0,0.0,0.0,0,1,0,1,0,1,0,1,1,1,0,1,1
0.35523594811658493,-1.2367242199587352,0.0,1.0,0.0,0.0,0.0,0.0,0.0,1.0,0,0,0,1,0,0,0,0,0,1,1,1,1
-0.32942441595185784,-1.2367242199587352,0.0,0.0,0.0,0.0,0.0,0.0,0.0,1.0,0,0,0,0,1,1,0,0,0,0,1,1,1
-1.491020519067978,1.5729808767233588,0.0,0.0,1.0,0.0,1.0,0.0,0.0,0.0,1,0,1,0,0,0,0,0,0,0,0,1,0
-1.5076384890696393,-1.2774445836787656,0.0,0.0,1.0,0.0,0.0,0.0,0.0,1.0,1,0,1,0,0,0,0,0,0,1,0,1,0
-1.3198554280508674,1.4508197855632678,1.0,0.0,1.0,0.0,1.0,1.0,0.0,0.0,1,0,0,1,0,0,0,0,0,0,0,1,0
0.6543594081464871,1.6137012404433893,1.0,0.0,0.0,0.0,1.0,0.0,0.0,1.0,1,1,0,0,1,1,1,1,1,0,0,1,0
-1.5109620830699715,-1.2367242199587352,0.0,0.0,1.0,0.0,0.0,0.0,0.0,1.0,0,0,0,0,0,0,0,0,0,0,0,1,0
1.0083221691818711,-1.2774445836787656,1.0,1.0,0.0,0.0,0.0,0.0,1.0,0.0,1,1,0,1,0,0,0,0,1,1,1,1,1
0.5014740841312035,0.35136996512244845,0.0,0.0,0.0,1.0,0.0,0.0,0.0,0.0,0,1,0,0,1,0,1,1,1,1,0,1,0
-1.303237458049206,1.6137012404433893,1.0,0.0,1.0,0.0,1.0,1.0,0.0,0.0,1,0,1,1,0,0,0,0,0,0,0,1,0
0.356897745116751,-1.0738427650786138,1.0,1.0,0.0,0.0,0.0,0.0,1.0,0.0,1,0,0,1,0,0,0,0,0,1,1,1,0
0.29873485011093664,-1.1552834925186746,0.0,1.0,0.0,0.0,0.0,0.0,1.0,0.0,1,0,1,0,0,0,1,0,0,1,1,1,0
1.0398963121850275,-0.8295205827584317,1.0,1.0,0.0,0.0,0.0,0.0,1.0,0.0,0,1,0,1,0,0,0,0,1,1,1,1,0
0.12092257109316168,1.0436161483629645,0.0,0.0,0.0,1.0,0.0,0.0,1.0,0.0,1,1,0,1,1,0,0,1,0,1,0,1,0
-1.4660935640654862,-1.0331224013585834,0.0,0.0,1.0,0.0,0.0,0.0,0.0,1.0,0,0,0,0,0,0,0,0,0,0,0,1,0
-0.3194536339508612,1.3286586944031769,0.0,0.0,0.0,0.0,0.0,0.0,0.0,1.0,1,0,0,0,1,0,1,0,0,1,0,1,0
0.19404163910047073,-1.2774445836787656,1.0,1.0,0.0,0.0,0.0,0.0,0.0,1.0,0,0,0,0,0,0,0,0,0,1,0,1,0
-1.4893587220678117,0.9621754209229036,1.0,0.0,1.0,1.0,0.0,1.0,0.0,0.0,1,0,0,0,0,0,0,0,0,0,0,1,0
-1.5209328650709681,-1.1552834925186746,1.0,0.0,1.0,0.0,0.0,0.0,0.0,1.0,0,0,0,0,0,0,0,0,0,0,0,1,0
-0.6867107709875744,1.0436161483629645,0.0,0.0,0.0,1.0,0.0,0.0,0.0,1.0,1,0,1,0,0,0,0,0,0,1,0,1,0
1.423771419223402,1.2064976032430856,1.0,1.0,0.0,0.0,1.0,0.0,0.0,0.0,1,1,0,1,0,0,1,1,1,1,0,1,0
-0.10674361792959748,-0.2594354906780068,1.0,0.0,0.0,1.0,0.0,0.0,1.0,0.0,0,0,0,1,1,1,0,0,0,0,0,1,0
0.8620840331672525,1.2064976032430856,1.0,1.0,0.0,0.0,0.0,0.0,0.0,0.0,0,0,0,1,1,1,1,0,0,0,0,1,0
1.1462513201956595,1.0436161483629645,0.0,1.0,0.0,1.0,0.0,1.0,0.0,0.0,1,1,1,0,1,1,0,0,1,0,0,1,0
0.895319973170575,1.4508197855632678,0.0,0.0,0.0,0.0,1.0,0.0,1.0,0.0,1,1,0,1,1,1,1,1,1,1,0,1,0
1.1944434332004772,1.1657772395230555,0.0,1.0,0.0,1.0,0.0,1.0,0.0,0.0,1,1,1,1,1,1,1,0,0,1,0,1,0
0.45494376812655235,0.3920903288424788,0.0,0.0,0.0,0.0,1.0,1.0,0.0,0.0,0,1,0,1,0,0,1,1,1,1,0,1,0
0.6493740171459885,-0.5851984004382496,1.0,1.0,0.0,0.0,0.0,0.0,0.0,0.0,0,0,0,1,0,0,0,0,1,0,0,1,0
-1.502653098069141,0.9621754209229036,0.0,0.0,1.0,0.0,1.0,0.0,0.0,0.0,0,0,0,0,0,0,0,0,0,1,0,1,0
0.8039211381614382,-1.1552834925186746,0.0,1.0,0.0,0.0,0.0,0.0,1.0,0.0,0,1,0,1,0,1,0,0,0,1,1,1,0
-1.4727407520661506,-1.1552834925186746,0.0,0.0,1.0,0.0,0.0,1.0,0.0,0.0,0,0,0,0,0,0,0,0,0,0,0,1,0
-0.304497460949366,0.10704778280226633,0.0,0.0,0.0,1.0,0.0,1.0,0.0,0.0,0,0,1,0,1,1,0,0,0,0,0,1,0
0.7324638671542947,1.2879383306831464,0.0,1.0,0.0,0.0,0.0,0.0,0.0,0.0,1,0,1,1,1,0,0,1,0,1,0,1,0
-1.4561227820644893,-0.055833672077855064,0.0,0.0,1.0,1.0,0.0,0.0,0.0,1.0,0,0,0,0,0,0,0,0,0,0,0,1,0
-1.4860351280674797,1.4100994218432374,0.0,0.0,1.0,0.0,1.0,0.0,0.0,0.0,1,0,0,0,0,0,0,0,0,1,0,1,1
-0.467353566965646,-1.1552834925186746,0.0,0.0,0.0,0.0,0.0,1.0,0.0,0.0,0,0,0,0,0,1,0,0,0,0,1,1,0
1.624848856243503,1.5322605130033284,0.0,1.0,0.0,0.0,1.0,0.0,1.0,0.0,1,1,0,1,1,1,1,1,1,1,0,1,1
-0.3776165289566755,-1.1960038562387048,1.0,0.0,0.0,0.0,0.0,1.0,0.0,0.0,0,0,0,0,0,0,0,0,1,0,1,1,0
1.2343265612044643,0.8400143297628127,1.0,1.0,0.0,0.0,0.0,0.0,1.0,0.0,1,1,0,1,0,1,0,0,1,1,1,1,1
-0.17487729493640844,-1.2367242199587352,1.0,0.0,0.0,0.0,1.0,0.0,0.0,1.0,1,0,1,0,1,1,0,1,0,0,0,1,0
0.7656998071576172,-0.13727439951791576,0.0,1.0,0.0,0.0,0.0,1.0,0.0,0.0,1,1,1,0,0,0,0,0,1,1,0,1,0
-0.7598298389948839,0.5956921474426305,0.0,0.0,0.0,0.0,1.0,0.0,0.0,1.0,0,0,0,0,1,0,1,1,0,0,0,0,0
0.6061672951416694,1.4508197855632678,0.0,1.0,0.0,1.0,0.0,0.0,1.0,0.0,1,0,1,1,0,0,0,0,1,1,1,1,0
0.16911468409797886,-0.8295205827584317,1.0,0.0,0.0,0.0,0.0,0.0,0.0,1.0,0,1,1,0,1,0,0,0,1,1,0,1,0
-0.28123230294704044,-0.9924020376385531,0.0,0.0,0.0,0.0,0.0,0.0,0.0,0.0,1,0,1,0,0,1,0,1,0,0,0,1,0
1.4885815022298807,0.880734693482843,1.0,1.0,0.0,0.0,0.0,0.0,1.0,0.0,1,1,0,1,1,1,1,0,1,0,0,1,0
0.9102761461720702,1.4915401492832983,1.0,1.0,0.0,0.0,1.0,0.0,0.0,1.0,1,0,1,0,0,1,0,1,1,1,0,1,0
0.1574821050968162,-0.2594354906780068,0.0,0.0,0.0,0.0,0.0,0.0,0.0,0.0,0,0,0,1,1,1,0,0,1,1,0,1,0
1.071470455188184,1.6137012404433893,0.0,1.0,0.0,0.0,1.0,0.0,0.0,0.0,1,0,0,1,1,1,1,1,0,1,0,1,0
-0.2130986259402292,1.5322605130033284,0.0,0.0,0.0,0.0,1.0,0.0,0.0,0.0,0,1,0,0,1,0,1,1,1,1,0,0,0
-0.47067716096597834,-1.2774445836787656,1.0,0.0,0.0,0.0,0.0,0.0,0.0,1.0,0,0,1,0,1,0,0,0,0,0,1,1,0
0.8222009051632655,-0.9109613101984924,1.0,1.0,0.0,0.0,0.0,0.0,1.0,0.0,0,1,0,0,0,0,0,0,1,1,1,1,0
0.1873944510998066,-0.1779947632379461,0.0,1.0,0.0,1.0,0.0,0.0,0.0,0.0,1,0,1,0,0,0,0,0,0,1,0,1,0
0.16745288709781284,-1.2774445836787656,1.0,1.0,0.0,0.0,0.0,0.0,1.0,0.0,0,0,0,0,0,0,0,0,0,1,1,1,0
0.9817334171792131,-0.46303730927815856,0.0,1.0,0.0,0.0,0.0,0.0,1.0,0.0,1,1,0,1,0,0,0,0,1,1,0,1,0
0.9651154471775519,0.758573602322752,1.0,1.0,0.0,0.0,0.0,0.0,0.0,0.0,1,0,0,1,1,0,1,0,1,1,1,1,1
-1.502653098069141,0.8400143297628127,0.0,0.0,1.0,1.0,0.0,0.0,0.0,0.0,1,0,1,0,0,0,0,0,0,0,0,1,0
1.0365727181846955,0.8400143297628127,1.0,1.0,0.0,1.0,0.0,0.0,1.0,0.0,0,1,1,0,1,1,1,0,0,0,0,1,0
1.2060760122016398,-0.3408762181180675,1.0,1.0,0.0,0.0,0.0,0.0,1.0,0.0,1,1,0,1,0,0,1,0,1,1,1,1,0
0.9983513871808745,1.5322605130033284,0.0,0.0,0.0,0.0,1.0,1.0,0.0,0.0,1,1,0,1,1,1,1,1,1,1,0,1,0
1.4287568102239003,1.1657772395230555,1.0,1.0,0.0,1.0,0.0,0.0,1.0,0.0,0,1,0,1,1,1,1,0,1,1,0,1,0
-0.33773340095268845,-0.8702409464784621,0.0,0.0,0.0,1.0,0.0,0.0,0.0,1.0,0,0,0,0,1,0,0,1,0,1,0,1,0
0.21730679710279655,-1.2367242199587352,1.0,1.0,0.0,0.0,0.0,1.0,0.0,0.0,0,0,0,0,0,0,0,0,0,1,0,1,0
-1.504314895069307,-0.30015585439803716,1.0,0.0,1.0,1.0,0.0,0.0,0.0,0.0,0,0,0,0,0,0,0,0,0,1,0,1,0
-0.28123230294704044,0.35136996512244845,0.0,0.0,0.0,1.0,0.0,1.0,0.0,0.0,0,0,0,1,0,1,0,0,0,1,0,1,0
0.9950277931805424,-0.5851984004382496,1.0,1.0,0.0,0.0,0.0,0.0,1.0,0.0,1,1,0,1,0,0,0,0,1,1,1,1,0
1.3091074262119398,1.6137012404433893,1.0,1.0,0.0,0.0,1.0,0.0,0.0,0.0,1,1,0,1,0,1,1,0,1,1,1,1,1
0.8570986421667539,1.5729808767233588,0.0,0.0,0.0,0.0,1.0,1.0,0.0,0.0,1,1,1,1,1,1,1,1,1,1,0,1,0
-0.13167057293208934,0.06632741908223598,0.0,0.0,0.0,1.0,0.0,0.0,0.0,1.0,1,0,1,0,1,1,1,0,0,1,0,1,0
1.1312951471941644,-0.13727439951791576,1.0,1.0,0.0,0.0,0.0,1.0,0.0,0.0,0,1,0,0,0,0,1,1,1,1,0,1,0
1.109691786192005,0.3106496014024181,1.0,1.0,0.0,1.0,0.0,1.0,0.0,0.0,1,0,0,0,1,1,1,1,1,1,0,1,1
-0.9775252460166459,0.14776814652229667,1.0,0.0,0.0,1.0,0.0,0.0,0.0,1.0,1,0,0,0,1,0,1,0,0,0,0,0,0
1.2758714862086173,0.5549717837226001,0.0,1.0,0.0,1.0,0.0,0.0,1.0,0.0,1,1,0,1,0,1,0,1,1,1,0,1,0
1.4287568102239003,1.0436161483629645,0.0,1.0,0.0,1.0,0.0,0.0,1.0,0.0,0,1,0,1,1,1,1,0,1,1,0,1,0
0.5529897911363537,0.26992923768238775,1.0,1.0,0.0,1.0,0.0,1.0,0.0,0.0,0,0,0,1,0,1,0,0,0,0,0,1,0
-0.11006721192992953,-1.1552834925186746,1.0,0.0,0.0,0.0,0.0,1.0,0.0,0.0,1,1,1,0,0,0,0,1,0,0,1,1,0
1.0282637331838649,0.7992939660427822,0.0,1.0,0.0,1.0,0.0,1.0,0.0,0.0,1,0,1,1,0,1,1,0,1,1,0,1,0
1.330710787214099,1.5322605130033284,1.0,1.0,0.0,1.0,0.0,0.0,1.0,0.0,1,1,0,1,0,1,1,0,1,1,0,1,1
0.20567421810163386,1.3286586944031769,1.0,1.0,0.0,1.0,0.0,0.0,0.0,0.0,1,0,0,0,0,0,0,0,0,1,0,1,1
-0.6584602219847502,-1.2774445836787656,1.0,0.0,0.0,0.0,0.0,0.0,0.0,1.0,0,0,0,0,0,0,0,0,0,1,0,1,0
1.0930738161903437,1.5322605130033284,0.0,1.0,0.0,1.0,0.0,0.0,1.0,0.0,1,1,0,1,0,0,1,0,1,1,0,1,0
-0.9675544640156493,-0.13727439951791576,0.0,0.0,0.0,0.0,0.0,0.0,0.0,1.0,1,0,1,0,0,1,1,0,0,1,0,0,1
0.8570986421667539,-1.2774445836787656,1.0,1.0,0.0,0.0,0.0,0.0,1.0,0.0,0,1,0,0,0,0,0,0,1,1,1,1,0
0.6809481601491449,1.4100994218432374,0.0,0.0,0.0,0.0,1.0,0.0,0.0,1.0,0,1,0,1,1,0,1,1,1,1,0,1,0
-1.504314895069307,-1.2774445836787656,0.0,0.0,1.0,0.0,0.0,0.0,0.0,1.0,0,0,0,0,0,0,0,0,0,1,0,1,0
0.7989357471609396,-0.2594354906780068,0.0,1.0,0.0,0.0,0.0,0.0,0.0,0.0,0,1,0,0,0,0,0,0,1,1,1,1,0
-1.3181936310507012,-0.0965540357978854,0.0,0.0,1.0,0.0,1.0,0.0,0.0,1.0,1,0,1,1,0,0,0,0,0,1,0,1,0
1.1728400721983174,0.6364125111626608,0.0,1.0,0.0,0.0,0.0,1.0,0.0,0.0,1,1,0,0,0,0,1,1,1,1,0,1,0
-0.3011738669490337,0.9214550572028734,0.0,0.0,0.0,0.0,0.0,0.0,1.0,0.0,1,0,1,0,1,1,0,0,0,0,0,1,0
0.6792863631489789,-1.0331224013585834,1.0,1.0,0.0,0.0,0.0,0.0,0.0,1.0,0,1,0,1,0,0,0,0,0,1,1,1,0
0.8770402061687477,0.18848851024232702,1.0,1.0,0.0,0.0,0.0,0.0,1.0,0.0,0,0,0,1,1,0,0,0,1,1,0,1,0
0.6344178441444933,-0.055833672077855064,0.0,1.0,0.0,0.0,0.0,0.0,0.0,0.0,1,1,0,0,0,1,0,0,0,1,0,1,0
-0.626886078981594,-1.1552834925186746,1.0,0.0,0.0,0.0,0.0,0.0,1.0,0.0,0,0,0,0,0,0,0,0,0,1,0,1,0
-1.3181936310507012,1.6137012404433893,1.0,0.0,1.0,0.0,1.0,1.0,0.0,0.0,1,0,1,1,0,0,0,0,0,1,0,1,0
0.8853491911695783,-1.1145631287986442,1.0,1.0,0.0,0.0,0.0,0.0,1.0,0.0,0,1,0,0,0,0,0,0,1,1,1,1,1
-1.4976677070686424,-1.2774445836787656,1.0,0.0,1.0,0.0,0.0,0.0,0.0,1.0,1,0,1,0,0,0,0,0,0,0,0,1,0
0.8886727851699104,-0.7073594915983407,0.0,1.0,0.0,0.0,0.0,0.0,1.0,0.0,0,1,0,0,0,0,0,0,1,1,0,1,1
-0.44741200296365274,-0.9924020376385531,1.0,0.0,0.0,0.0,0.0,1.0,0.0,0.0,1,0,1,0,1,0,0,0,0,1,0,1,0
-1.451137391063991,0.10704778280226633,0.0,0.0,1.0,1.0,0.0,0.0,0.0,1.0,0,0,0,0,0,0,0,0,0,0,0,1,0
1.329048990213933,0.9621754209229036,0.0,1.0,0.0,0.0,0.0,0.0,1.0,0.0,0,1,0,1,0,1,1,0,1,0,0,1,1
1.3755793062185846,0.3920903288424788,1.0,1.0,0.0,0.0,0.0,0.0,0.0,0.0,1,1,0,1,0,0,1,1,1,1,1,1,0
0.6975661301508063,1.3286586944031769,1.0,1.0,0.0,0.0,0.0,0.0,1.0,0.0,1,0,1,1,1,1,0,0,0,1,0,1,1
-1.477726143066649,-1.2367242199587352,0.0,0.0,1.0,1.0,0.0,0.0,0.0,1.0,1,0,1,0,0,0,0,0,0,0,0,1,0
1.1961052302006432,1.3286586944031769,1.0,1.0,0.0,1.0,0.0,0.0,1.0,0.0,1,1,0,1,1,0,0,0,1,1,0,1,1
0.31202922611226586,-0.5851984004382496,0.0,1.0,0.0,0.0,0.0,0.0,1.0,0.0,0,0,0,1,0,0,0,0,0,1,0,1,0
0.4582673621268844,-0.38159658183809786,0.0,0.0,0.0,1.0,0.0,0.0,1.0,0.0,0,1,0,1,1,0,1,0,1,1,0,1,0
-0.6468276429835875,-1.1552834925186746,0.0,0.0,0.0,0.0,0.0,0.0,0.0,1.0,0,0,0,0,0,0,0,0,0,1,1,1,0
-1.4926823160681442,1.5322605130033284,1.0,0.0,1.0,0.0,1.0,1.0,0.0,0.0,1,0,0,0,0,0,0,0,0,0,0,1,0
-0.467353566965646,-1.1552834925186746,0.0,0.0,0.0,0.0,0.0,0.0,1.0,0.0,0,0,0,1,0,0,0,0,0,0,0,1,0
-0.6567984249845842,-0.5444780367182193,1.0,0.0,0.0,0.0,0.0,0.0,0.0,0.0,0,0,0,0,0,0,0,0,0,1,0,1,0
0.43334040712439253,-0.5851984004382496,0.0,1.0,0.0,0.0,0.0,0.0,1.0,0.0,0,0,0,0,0,1,1,0,0,0,0,1,0
0.6211234681431647,0.22920887396235737,0.0,1.0,0.0,0.0,0.0,0.0,1.0,0.0,1,1,0,0,1,0,0,0,0,1,0,1,1
0.28211688010927544,-1.2367242199587352,1.0,1.0,0.0,0.0,0.0,1.0,0.0,0.0,0,0,0,1,0,0,0,0,0,1,1,1,0
0.9983513871808745,0.5956921474426305,1.0,1.0,0.0,1.0,0.0,0.0,0.0,0.0,0,0,0,1,1,1,0,0,1,0,0,1,0
-1.4843733310673135,0.7992939660427822,0.0,0.0,1.0,0.0,1.0,0.0,0.0,0.0,1,0,1,0,0,0,0,0,0,0,0,1,0
-0.1615829189350795,-0.9516816739185228,1.0,0.0,0.0,0.0,0.0,0.0,0.0,1.0,0,1,0,1,0,0,0,0,0,0,0,1,0
0.8421424691652587,-0.2594354906780068,0.0,0.0,0.0,1.0,0.0,1.0,0.0,0.0,1,1,0,1,1,1,1,1,1,1,0,1,0
-0.45572098796448335,-0.9924020376385531,1.0,0.0,0.0,0.0,0.0,0.0,1.0,0.0,1,0,1,0,0,0,1,0,0,1,1,1,0
0.20567421810163386,0.47353105628253944,1.0,0.0,0.0,1.0,0.0,0.0,1.0,0.0,1,0,0,0,0,1,1,1,1,1,0,1,0
-1.181926277037079,-1.1960038562387048,0.0,0.0,0.0,0.0,0.0,0.0,0.0,1.0,0,0,0,0,0,1,0,0,0,0,0,0,0
-0.6036209209792681,-1.2367242199587352,1.0,0.0,0.0,0.0,0.0,0.0,0.0,0.0,0,0,0,0,0,0,0,0,0,1,0,1,0
0.684271754149477,-0.9516816739185228,0.0,1.0,0.0,0.0,0.0,0.0,0.0,0.0,1,0,1,1,0,0,0,0,1,1,1,1,0
0.35191235411625243,-1.2774445836787656,1.0,1.0,0.0,0.0,0.0,0.0,1.0,0.0,0,0,0,1,0,0,0,0,0,1,1,1,1
0.3170146171127639,-0.30015585439803716,1.0,1.0,0.0,0.0,0.0,0.0,0.0,0.0,0,0,0,0,1,0,0,0,0,0,0,1,0
0.1508349170961516,-1.2367242199587352,0.0,1.0,0.0,0.0,0.0,0.0,1.0,0.0,1,0,0,0,0,0,0,0,0,1,0,1,1
0.3469269631157543,0.43281069256250915,1.0,1.0,0.0,0.0,0.0,0.0,1.0,0.0,0,0,0,0,1,0,0,0,0,1,1,1,0
-1.4577845790646555,-1.2774445836787656,0.0,0.0,1.0,0.0,0.0,0.0,0.0,1.0,0,0,0,0,0,0,0,0,0,0,1,1,0
0.9817334171792131,1.0436161483629645,0.0,1.0,0.0,1.0,0.0,0.0,1.0,0.0,1,1,0,1,0,1,1,0,0,1,0,1,0
0.3884718881199074,1.0843365120829946,0.0,0.0,0.0,0.0,1.0,0.0,0.0,1.0,1,0,1,1,1,0,1,1,1,1,0,1,0
-0.357674964954682,0.47353105628253944,1.0,0.0,0.0,1.0,0.0,0.0,1.0,0.0,0,1,0,0,1,0,1,0,1,1,0,0,0
1.3124310202122718,1.369379058123207,1.0,1.0,0.0,1.0,0.0,0.0,1.0,0.0,0,1,0,1,0,1,0,1,1,1,0,1,0
-1.4893587220678117,1.4508197855632678,1.0,0.0,1.0,0.0,1.0,0.0,0.0,0.0,1,0,1,0,0,0,0,0,0,0,0,1,0
-1.3231790220511994,-0.9516816739185228,1.0,0.0,0.0,0.0,0.0,0.0,1.0,0.0,0,0,0,0,0,0,0,0,0,1,0,0,0
0.6643301901474837,-0.5444780367182193,1.0,1.0,0.0,0.0,0.0,0.0,1.0,0.0,0,0,0,1,1,0,1,0,0,1,0,1,0
-1.4960059100684764,-1.1552834925186746,1.0,0.0,1.0,0.0,0.0,0.0,0.0,1.0,0,0,0,0,0,0,0,0,0,0,0,1,0
1.624848856243503,1.5322605130033284,0.0,1.0,0.0,0.0,1.0,0.0,0.0,0.0,0,1,0,1,1,1,1,1,1,1,0,1,0
-0.6601220189849164,-1.2774445836787656,1.0,0.0,0.0,0.0,0.0,0.0,0.0,1.0,0,0,0,0,0,0,0,0,0,1,0,1,0
0.3485887601159204,-0.9924020376385531,0.0,1.0,0.0,0.0,0.0,0.0,1.0,0.0,0,0,0,1,0,0,0,0,0,1,0,1,0
-1.3348116010523623,0.8400143297628127,1.0,0.0,1.0,0.0,1.0,0.0,0.0,1.0,0,0,0,1,0,0,0,0,0,0,0,1,0
-1.3215172250510334,0.758573602322752,1.0,0.0,1.0,1.0,0.0,0.0,0.0,0.0,0,0,0,1,0,0,0,0,0,0,0,1,1
-1.4561227820644893,-0.8702409464784621,1.0,0.0,1.0,0.0,0.0,0.0,0.0,0.0,1,0,1,0,0,0,0,0,0,0,0,1,0
1.5234792392333694,1.125056875803025,1.0,1.0,0.0,0.0,1.0,0.0,1.0,0.0,1,1,1,1,1,0,1,1,1,1,0,1,0
-0.3078210549496983,-0.62591876415828,1.0,0.0,0.0,0.0,0.0,1.0,0.0,0.0,0,0,0,0,1,1,0,0,0,1,0,1,0
-0.7132995229902325,-1.1960038562387048,1.0,0.0,0.0,0.0,0.0,0.0,1.0,0.0,0,0,0,0,0,0,0,0,0,1,1,1,0
1.4869197052297147,1.5322605130033284,1.0,1.0,0.0,1.0,0.0,0.0,0.0,0.0,1,1,0,0,1,1,1,1,1,1,1,1,0
-1.505976692069473,-1.2774445836787656,1.0,0.0,1.0,0.0,0.0,0.0,0.0,1.0,0,0,0,0,0,0,0,0,0,0,0,1,0
0.6676537841478158,0.43281069256250915,1.0,1.0,0.0,0.0,0.0,0.0,1.0,0.0,0,0,0,1,0,0,0,0,1,1,0,1,1
-1.5009913010689746,-0.6666391278783103,0.0,0.0,1.0,0.0,0.0,0.0,0.0,1.0,1,0,0,0,0,0,0,0,0,0,0,1,0
-0.37595473195650925,1.002895784642934,0.0,0.0,0.0,1.0,0.0,0.0,1.0,0.0,1,0,1,0,1,1,0,0,0,0,0,1,0
-1.4943441130683104,0.18848851024232702,1.0,0.0,1.0,1.0,0.0,1.0,0.0,0.0,1,0,1,0,0,0,0,0,0,0,0,1,0
1.5733331492383529,1.6137012404433893,0.0,1.0,0.0,0.0,1.0,1.0,0.0,0.0,1,1,0,1,1,1,1,1,1,0,0,1,0
0.6659919871476498,-0.8702409464784621,0.0,1.0,0.0,0.0,0.0,1.0,0.0,0.0,0,1,0,1,0,0,0,0,0,1,1,1,1
1.0066603721817051,0.7178532386027215,0.0,1.0,0.0,0.0,0.0,0.0,1.0,0.0,1,0,0,1,0,1,1,0,1,1,1,1,1
-0.47898614596680894,-1.1145631287986442,1.0,0.0,0.0,0.0,0.0,0.0,1.0,0.0,0,0,0,0,0,0,1,0,0,0,1,1,1
0.32698539911376057,-1.2774445836787656,1.0,1.0,0.0,0.0,0.0,0.0,0.0,0.0,1,0,0,1,0,0,0,0,0,1,1,1,0
-1.4976677070686424,-0.6666391278783103,1.0,0.0,1.0,0.0,0.0,0.0,0.0,1.0,0,0,0,0,0,0,0,0,0,1,1,1,0
0.31369102311243185,-1.2367242199587352,1.0,1.0,0.0,0.0,0.0,0.0,1.0,0.0,1,0,0,0,0,0,1,0,0,1,0,1,1
0.14086413509515497,-0.62591876415828,0.0,0.0,0.0,0.0,0.0,0.0,0.0,1.0,0,0,0,1,0,0,1,1,1,1,0,1,0
-1.5093002860698053,-0.6666391278783103,0.0,0.0,1.0,1.0,0.0,1.0,0.0,0.0,0,0,0,0,0,0,0,0,0,0,0,1,0
-0.17653909193657447,-0.7073594915983407,0.0,0.0,0.0,0.0,0.0,0.0,1.0,0.0,0,1,0,0,0,0,1,0,0,1,1,1,0
-1.4943441130683104,-0.9109613101984924,0.0,0.0,1.0,1.0,0.0,0.0,0.0,1.0,0,0,0,0,0,0,0,0,0,1,0,1,0
1.3440051632154282,0.5549717837226001,0.0,1.0,0.0,1.0,0.0,0.0,0.0,0.0,0,1,1,0,1,1,0,1,1,1,1,1,0
1.476948923228718,1.2879383306831464,1.0,1.0,0.0,0.0,1.0,1.0,0.0,0.0,1,1,1,1,0,1,1,1,1,1,0,1,0
0.47820892612887816,-1.2774445836787656,0.0,1.0,0.0,0.0,0.0,0.0,0.0,1.0,0,0,0,1,0,1,0,0,0,1,0,1,0
-0.3693075439558449,-0.30015585439803716,1.0,0.0,0.0,1.0,0.0,0.0,0.0,1.0,1,0,1,0,0,1,1,0,0,0,0,1,0
1.1778254631988159,1.5729808767233588,1.0,1.0,0.0,0.0,1.0,1.0,0.0,0.0,1,0,1,0,1,1,1,1,1,0,0,1,0
-0.6518130339840859,-0.9924020376385531,1.0,0.0,0.0,0.0,0.0,0.0,0.0,1.0,0,0,0,0,0,0,0,0,0,1,1,1,0
1.4586691562268908,1.6137012404433893,0.0,1.0,0.0,0.0,1.0,0.0,0.0,0.0,1,1,1,0,1,1,1,1,1,1,0,1,0
-0.801374763999037,0.6771328748826912,0.0,0.0,0.0,0.0,0.0,0.0,0.0,0.0,1,0,0,0,1,0,0,0,1,0,0,0,0
-0.31280644595019663,-0.13727439951791576,1.0,0.0,0.0,1.0,0.0,1.0,0.0,0.0,1,1,1,0,1,1,1,1,0,1,0,0,0
1.3572995392167568,1.6137012404433893,1.0,1.0,0.0,0.0,1.0,0.0,0.0,0.0,1,1,0,1,1,1,1,1,0,0,0,1,0
0.9651154471775519,-0.055833672077855064,1.0,1.0,0.0,0.0,0.0,0.0,1.0,0.0,1,0,0,1,0,1,1,0,1,0,1,1,0
1.0282637331838649,0.7178532386027215,0.0,1.0,0.0,0.0,0.0,0.0,1.0,0.0,0,1,0,1,0,0,0,0,1,1,0,1,0
0.612814483142334,1.5729808767233588,1.0,0.0,0.0,0.0,1.0,0.0,1.0,0.0,1,1,0,1,1,0,1,1,1,0,0,1,0
0.8404806721650927,1.5322605130033284,1.0,0.0,0.0,0.0,1.0,1.0,0.0,0.0,1,1,0,1,1,1,1,1,1,0,0,1,1
1.0930738161903437,1.5729808767233588,1.0,1.0,0.0,1.0,0.0,1.0,0.0,0.0,0,1,0,1,1,0,0,1,0,0,0,1,0
0.10928999209199854,1.1657772395230555,1.0,0.0,0.0,0.0,1.0,0.0,0.0,0.0,1,0,1,0,1,1,1,1,0,1,0,1,0
1.044881703185526,-0.015113308357824713,1.0,1.0,0.0,0.0,0.0,0.0,1.0,0.0,0,1,0,0,0,0,0,1,1,1,1,1,0
0.4931650991303729,-1.2774445836787656,0.0,1.0,0.0,0.0,0.0,0.0,1.0,0.0,0,1,1,0,0,0,0,0,0,1,1,1,0
1.2409737492051283,1.4508197855632678,1.0,1.0,0.0,0.0,1.0,0.0,0.0,0.0,0,1,0,1,1,1,1,0,0,1,0,1,0
-1.3746947290563494,1.2064976032430856,1.0,0.0,1.0,0.0,1.0,0.0,0.0,0.0,0,0,0,1,0,0,0,0,0,0,0,1,0
0.2089978121019659,-1.0331224013585834,0.0,1.0,0.0,0.0,0.0,0.0,1.0,0.0,0,0,1,0,0,0,0,0,0,1,0,1,0
0.6809481601491449,-0.5037576729981889,1.0,1.0,0.0,0.0,0.0,0.0,1.0,0.0,0,0,0,1,0,0,0,0,1,1,1,1,0
-1.505976692069473,-1.0738427650786138,1.0,0.0,1.0,1.0,0.0,0.0,0.0,1.0,1,0,1,0,0,0,0,0,0,0,0,1,0
-0.17653909193657447,0.025607055362205634,0.0,0.0,0.0,0.0,0.0,0.0,0.0,0.0,0,1,0,0,1,1,1,0,1,1,0,0,1
0.9119379431722362,-0.1779947632379461,1.0,1.0,0.0,1.0,0.0,0.0,0.0,0.0,1,1,1,1,0,0,0,0,1,0,0,1,0
-1.4926823160681442,-0.21871512695797646,1.0,0.0,1.0,0.0,1.0,1.0,0.0,0.0,0,0,0,0,0,0,0,0,0,0,0,1,0
-0.6933579589882389,-1.0331224013585834,1.0,0.0,0.0,0.0,0.0,0.0,0.0,1.0,0,0,0,0,0,0,0,0,0,0,0,1,0
0.5230774451333633,-0.2594354906780068,1.0,1.0,0.0,0.0,0.0,0.0,1.0,0.0,0,0,0,1,0,0,0,1,0,1,1,1,0
0.8321716871642622,-1.1145631287986442,1.0,1.0,0.0,0.0,0.0,0.0,1.0,0.0,0,1,0,1,0,1,0,0,0,1,1,1,1
0.8554368451665879,-0.0965540357978854,1.0,1.0,0.0,0.0,0.0,1.0,0.0,0.0,0,1,0,1,1,0,0,0,0,1,0,1,1
0.8537750481664219,1.247217966963116,1.0,1.0,0.0,1.0,0.0,1.0,0.0,0.0,0,1,0,1,0,1,0,0,0,0,0,1,0
-0.46569176996548,-1.2774445836787656,1.0,0.0,0.0,0.0,0.0,0.0,1.0,0.0,0,0,0,0,0,1,0,0,0,1,1,1,0
0.6593447991469852,0.8400143297628127,0.0,0.0,0.0,1.0,0.0,0.0,1.0,0.0,0,1,1,1,0,1,1,1,1,1,0,1,0
0.827186296163764,-0.748079855318371,0.0,1.0,0.0,0.0,0.0,1.0,0.0,0.0,1,1,1,0,0,1,0,1,0,1,1,1,0
1.1429277261953275,-0.46303730927815856,0.0,1.0,0.0,0.0,0.0,0.0,0.0,0.0,0,1,0,0,0,1,0,1,1,1,0,1,0
-1.4893587220678117,-0.62591876415828,1.0,0.0,1.0,1.0,0.0,0.0,0.0,1.0,0,0,0,0,0,0,0,0,0,0,0,1,0
-1.4710789550659844,-0.6666391278783103,1.0,0.0,1.0,0.0,1.0,0.0,0.0,1.0,1,0,1,0,0,0,0,0,0,0,0,1,0
-0.08846385092776998,0.10704778280226633,0.0,0.0,0.0,0.0,0.0,0.0,1.0,0.0,0,1,0,0,0,0,1,0,0,1,0,1,0
0.4898415051300408,-0.015113308357824713,0.0,1.0,0.0,0.0,0.0,0.0,1.0,0.0,0,1,0,0,0,0,0,0,0,1,0,1,1
-1.502653098069141,-0.1779947632379461,0.0,0.0,1.0,0.0,0.0,0.0,0.0,0.0,1,0,1,0,0,0,0,0,0,1,0,1,0
-1.4760643460664828,-1.2774445836787656,0.0,0.0,1.0,0.0,0.0,0.0,0.0,1.0,0,0,0,0,0,0,0,0,0,1,0,1,0
-0.43411762696232353,1.0843365120829946,1.0,0.0,0.0,0.0,0.0,0.0,1.0,0.0,0,1,0,0,0,0,0,1,1,1,0,0,0
-1.3780183230566818,1.6137012404433893,0.0,0.0,1.0,1.0,0.0,0.0,0.0,0.0,1,0,1,1,0,0,0,0,0,1,0,1,0
0.021214751083194285,0.14776814652229667,1.0,0.0,0.0,1.0,0.0,0.0,0.0,1.0,0,1,0,0,0,1,0,1,0,1,1,1,0
0.011243969082197169,0.3106496014024181,0.0,0.0,0.0,0.0,0.0,0.0,0.0,1.0,0,0,0,0,1,1,0,0,1,0,0,1,0
0.5463426031356892,0.3106496014024181,1.0,1.0,0.0,0.0,0.0,0.0,1.0,0.0,1,0,1,1,0,0,1,0,0,1,0,1,0
0.2704843011081128,-0.9516816739185228,0.0,0.0,0.0,0.0,0.0,0.0,0.0,1.0,0,1,1,0,0,0,1,1,1,1,1,1,0
0.3236618051134285,1.247217966963116,1.0,0.0,0.0,0.0,1.0,1.0,0.0,0.0,1,0,1,0,1,1,1,1,1,0,0,1,0
0.5230774451333633,-1.1960038562387048,0.0,1.0,0.0,0.0,0.0,0.0,1.0,0.0,0,0,0,0,0,0,0,0,1,1,0,1,0
-0.14828854293375057,0.3106496014024181,1.0,0.0,0.0,1.0,0.0,0.0,0.0,1.0,1,1,1,0,0,1,1,1,1,0,0,0,0
0.3402797751150897,-0.9924020376385531,1.0,1.0,0.0,0.0,0.0,0.0,0.0,1.0,1,0,0,0,1,0,0,0,0,1,0,1,0
0.8438042661654253,0.06632741908223598,1.0,1.0,0.0,1.0,0.0,0.0,0.0,1.0,1,0,0,0,1,0,0,1,1,0,0,1,1
-0.8229781250011965,-1.1145631287986442,1.0,0.0,0.0,0.0,0.0,0.0,0.0,1.0,0,0,0,0,1,0,1,1,0,0,1,0,0
1.1528985081963241,-0.9516816739185228,1.0,1.0,0.0,0.0,0.0,1.0,0.0,0.0,0,1,0,1,0,1,0,0,1,1,1,1,1
0.142525932095321,-0.9516816739185228,1.0,0.0,0.0,0.0,0.0,1.0,0.0,0.0,1,1,0,1,0,1,1,0,0,1,0,1,0
-0.16823010693574386,-0.055833672077855064,1.0,0.0,0.0,0.0,0.0,0.0,0.0,0.0,1,1,1,1,0,0,0,0,0,0,0,1,0
-1.4926823160681442,0.7178532386027215,0.0,0.0,1.0,1.0,0.0,0.0,0.0,0.0,1,0,0,0,0,0,0,0,0,1,0,1,0
0.7141841001524675,-1.2367242199587352,0.0,1.0,0.0,0.0,0.0,0.0,1.0,0.0,0,0,0,0,1,1,0,1,0,1,1,1,0
-0.6351950639824246,-1.2774445836787656,0.0,0.0,0.0,0.0,0.0,0.0,1.0,0.0,0,0,0,0,0,0,0,0,0,1,1,1,0
0.1774236690988095,-0.9924020376385531,1.0,1.0,0.0,0.0,0.0,0.0,0.0,1.0,0,0,0,0,0,0,0,0,0,1,1,1,0
-0.7980511699987046,-0.9516816739185228,0.0,0.0,0.0,0.0,0.0,0.0,1.0,0.0,0,1,0,0,0,1,0,0,0,0,0,0,0
0.18074726309914202,-1.2367242199587352,0.0,1.0,0.0,0.0,0.0,0.0,0.0,0.0,0,0,0,0,0,0,0,0,0,1,1,1,1
-0.31280644595019663,-1.1960038562387048,0.0,0.0,0.0,0.0,0.0,0.0,1.0,0.0,0,0,0,0,1,1,0,0,0,0,1,1,0
1.0282637331838649,-0.30015585439803716,1.0,1.0,0.0,0.0,0.0,1.0,0.0,0.0,1,1,0,0,0,0,0,1,1,1,0,1,0
-0.613591702980265,-1.2774445836787656,1.0,0.0,0.0,0.0,0.0,0.0,1.0,0.0,0,0,0,0,0,0,0,0,0,0,0,1,1
0.5496661971360212,0.5142514200025698,0.0,0.0,0.0,0.0,0.0,0.0,0.0,1.0,1,0,1,1,1,1,1,1,1,0,0,1,0
0.6460504231456565,0.758573602322752,1.0,1.0,0.0,0.0,0.0,0.0,1.0,0.0,1,0,1,1,0,1,1,0,0,1,1,1,1
-1.4876969250676457,0.9214550572028734,0.0,0.0,1.0,0.0,0.0,1.0,0.0,0.0,1,0,1,0,0,0,0,0,0,0,0,1,0
0.046141706085686136,0.22920887396235737,0.0,0.0,0.0,0.0,0.0,0.0,0.0,0.0,0,0,0,1,1,1,1,0,0,1,0,1,0
-0.62854787598176,-1.2367242199587352,1.0,0.0,0.0,0.0,0.0,0.0,0.0,1.0,0,0,0,0,0,0,0,0,0,0,1,1,0
-1.5009913010689746,0.22920887396235737,1.0,0.0,1.0,0.0,0.0,0.0,1.0,0.0,1,0,1,0,0,0,0,0,0,0,0,1,0
-0.4972659129686364,0.06632741908223598,1.0,0.0,0.0,0.0,0.0,0.0,1.0,0.0,0,0,0,0,0,1,0,0,0,1,0,1,0
1.2293411702039656,1.5322605130033284,0.0,1.0,0.0,1.0,0.0,0.0,1.0,0.0,1,1,0,1,0,0,1,0,1,1,0,1,0
-0.3194536339508612,-0.7888002190384014,0.0,0.0,0.0,1.0,0.0,0.0,0.0,1.0,0,0,0,0,1,0,0,1,0,0,0,1,0
0.3485887601159204,0.26992923768238775,1.0,1.0,0.0,0.0,0.0,0.0,1.0,0.0,0,0,0,1,0,0,0,0,0,0,1,1,0
1.302460238211275,1.1657772395230555,0.0,1.0,0.0,1.0,0.0,0.0,1.0,0.0,0,1,0,1,0,1,1,0,1,1,0,1,0
1.1761636661986499,-0.8295205827584317,0.0,1.0,0.0,0.0,0.0,0.0,0.0,0.0,0,1,0,1,0,0,1,0,1,1,1,1,0
1.1595456961969886,0.35136996512244845,1.0,1.0,0.0,0.0,1.0,1.0,0.0,0.0,0,1,0,0,0,1,0,1,1,1,0,1,0
0.29707305311077065,-0.46303730927815856,1.0,1.0,0.0,0.0,0.0,0.0,1.0,0.0,0,0,0,1,0,0,0,0,0,1,0,1,0
-0.4889569279678058,0.9214550572028734,1.0,0.0,0.0,1.0,0.0,0.0,0.0,0.0,0,1,0,0,0,0,1,0,1,1,0,0,1
-0.1499503399339166,1.4915401492832983,1.0,0.0,0.0,0.0,1.0,0.0,0.0,0.0,1,1,0,0,1,0,1,1,1,0,0,0,0
1.3622849302172555,-0.2594354906780068,1.0,1.0,0.0,0.0,0.0,0.0,1.0,0.0,1,1,1,1,0,1,1,0,1,0,1,1,1
0.749081837155956,1.4915401492832983,0.0,1.0,0.0,1.0,0.0,1.0,0.0,0.0,1,1,0,0,1,1,0,0,0,0,0,1,1
-0.5454580259734538,-0.5851984004382496,0.0,0.0,0.0,0.0,0.0,0.0,1.0,0.0,1,1,0,0,0,0,1,0,1,1,1,0,1
-0.3493659799538514,0.5956921474426305,1.0,0.0,0.0,0.0,0.0,0.0,1.0,0.0,1,0,1,1,0,1,0,0,0,0,0,1,0
0.682609957149311,1.6137012404433893,0.0,0.0,0.0,0.0,1.0,0.0,0.0,0.0,1,1,1,0,1,1,1,1,1,0,0,1,0
-0.4906187249679718,0.025607055362205634,1.0,0.0,0.0,0.0,0.0,0.0,1.0,0.0,1,0,0,0,0,1,1,1,1,1,0,0,1
-1.341458789053027,-1.2367242199587352,0.0,0.0,0.0,0.0,0.0,0.0,0.0,1.0,1,0,1,0,0,0,0,0,0,1,1,0,0
0.8703930181680831,1.6137012404433893,0.0,0.0,0.0,0.0,1.0,1.0,0.0,0.0,1,1,1,1,1,1,1,1,1,0,0,1,0
0.24888094010595296,0.18848851024232702,1.0,1.0,0.0,0.0,0.0,0.0,0.0,0.0,1,0,0,0,0,0,0,0,0,1,0,1,1
1.0415581091851935,1.2064976032430856,0.0,1.0,0.0,0.0,0.0,1.0,0.0,0.0,1,1,1,1,0,1,1,0,0,1,0,1,1
-1.4926823160681442,1.5729808767233588,0.0,0.0,1.0,0.0,1.0,1.0,0.0,0.0,1,0,0,0,0,0,0,0,0,0,0,1,0
-0.31446824295036285,-0.38159658183809786,1.0,0.0,0.0,0.0,0.0,0.0,0.0,0.0,0,0,1,0,0,1,0,1,0,1,0,1,0
-1.4843733310673135,-0.6666391278783103,0.0,0.0,1.0,1.0,0.0,0.0,0.0,1.0,0,0,0,0,0,0,0,0,0,0,0,1,0
0.1574821050968162,-0.9516816739185228,1.0,0.0,0.0,0.0,0.0,0.0,0.0,1.0,0,0,0,0,1,0,1,1,1,1,0,1,0
-1.3165318340505352,-0.62591876415828,1.0,0.0,1.0,0.0,1.0,0.0,0.0,1.0,1,0,1,1,0,0,0,0,0,1,0,1,0
-1.4561227820644893,-1.1552834925186746,0.0,0.0,1.0,0.0,0.0,0.0,0.0,0.0,0,0,0,0,0,0,0,0,0,0,1,1,0
-0.5055748979694671,-1.2774445836787656,0.0,0.0,0.0,0.0,0.0,0.0,1.0,0.0,1,0,0,0,1,0,0,0,0,1,1,1,1
0.4948268961305394,-0.3408762181180675,0.0,1.0,0.0,0.0,0.0,0.0,0.0,1.0,1,0,0,1,0,0,1,0,0,1,0,1,0
0.21564500010263052,-1.2774445836787656,0.0,1.0,0.0,0.0,0.0,0.0,1.0,0.0,0,0,0,0,0,0,0,0,0,1,0,1,1
1.6298342472440013,1.6137012404433893,1.0,1.0,0.0,0.0,1.0,0.0,0.0,0.0,0,1,0,1,1,1,1,1,1,0,0,1,1
-1.3364733980525287,1.6137012404433893,0.0,0.0,1.0,0.0,1.0,0.0,1.0,0.0,1,0,0,1,0,0,0,0,0,0,0,1,0
-1.4976677070686424,-0.8702409464784621,0.0,0.0,1.0,0.0,0.0,1.0,0.0,0.0,0,0,1,0,0,0,0,0,0,0,0,1,0
-1.479387940066815,-0.9516816739185228,1.0,0.0,1.0,0.0,0.0,0.0,0.0,1.0,0,0,0,0,0,0,0,0,0,0,1,1,0
-0.4856333339674735,-1.2367242199587352,0.0,0.0,0.0,0.0,0.0,1.0,0.0,0.0,1,0,0,0,0,1,0,0,0,0,1,1,1
1.1877962451998125,1.125056875803025,0.0,1.0,0.0,1.0,0.0,1.0,0.0,0.0,1,1,0,1,0,0,1,0,1,1,0,1,1
1.0349109211845293,-0.13727439951791576,1.0,1.0,0.0,0.0,0.0,0.0,1.0,0.0,1,1,0,1,0,1,1,0,0,1,1,1,1
0.32200000811326246,0.6771328748826912,0.0,0.0,0.0,0.0,1.0,0.0,0.0,0.0,0,1,0,0,0,0,1,1,1,1,0,1,0
1.3074456292117733,-0.0965540357978854,0.0,1.0,0.0,0.0,0.0,0.0,1.0,0.0,0,1,0,1,0,1,1,0,1,1,0,1,1
-1.5192710680708021,0.8400143297628127,0.0,0.0,1.0,1.0,0.0,1.0,0.0,0.0,1,0,0,0,0,0,0,0,0,0,0,1,0
-1.3215172250510334,0.26992923768238775,1.0,0.0,1.0,0.0,1.0,0.0,0.0,1.0,0,0,1,1,0,0,0,0,0,0,0,1,0
-1.5192710680708021,-0.9516816739185228,0.0,0.0,1.0,0.0,0.0,0.0,0.0,1.0,0,0,0,0,0,0,0,0,0,0,0,1,0
0.5696077611380149,0.26992923768238775,1.0,1.0,0.0,1.0,0.0,0.0,1.0,0.0,0,0,0,0,0,0,1,1,0,0,0,1,0
0.16412929309748078,-0.9924020376385531,1.0,1.0,0.0,0.0,0.0,0.0,1.0,0.0,0,0,0,0,0,0,0,0,0,1,0,1,1
0.8438042661654253,0.758573602322752,0.0,1.0,0.0,1.0,0.0,0.0,1.0,0.0,1,1,1,1,0,0,1,0,0,1,0,1,0
-1.3098846460498705,1.5729808767233588,1.0,0.0,1.0,0.0,1.0,1.0,0.0,0.0,1,0,1,1,0,0,0,0,0,0,0,1,0
-1.3331498040521963,1.5729808767233588,1.0,0.0,1.0,0.0,1.0,0.0,0.0,1.0,0,0,0,1,0,0,0,0,0,1,0,1,1
-1.502653098069141,1.5322605130033284,0.0,0.0,1.0,0.0,1.0,1.0,0.0,0.0,1,0,0,0,0,0,0,0,0,1,0,1,1
-1.3132082400502028,-1.2774445836787656,0.0,0.0,0.0,0.0,0.0,0.0,1.0,0.0,0,0,0,0,0,0,0,0,0,0,1,0,1
-0.1582593249347472,0.22920887396235737,1.0,0.0,0.0,0.0,1.0,0.0,0.0,0.0,1,1,0,0,1,1,0,1,1,1,0,0,0
0.8354952811645946,-0.1779947632379461,0.0,1.0,0.0,0.0,0.0,1.0,0.0,0.0,1,1,0,0,0,1,1,0,0,0,0,1,0
-1.5076384890696393,-0.015113308357824713,0.0,0.0,1.0,0.0,0.0,0.0,0.0,0.0,1,0,0,0,0,0,0,0,0,0,0,1,0
-0.4972659129686364,0.6771328748826912,1.0,0.0,0.0,0.0,1.0,0.0,0.0,1.0,1,0,0,0,0,1,0,0,0,0,0,1,1
-1.3514295710540236,0.18848851024232702,0.0,0.0,1.0,0.0,1.0,0.0,0.0,0.0,1,0,1,1,0,0,0,0,0,1,0,1,0
-0.3493659799538514,-0.9109613101984924,0.0,0.0,0.0,0.0,0.0,0.0,1.0,0.0,0,0,0,0,0,0,1,1,0,0,0,1,0
1.5002140812310438,1.4100994218432374,1.0,1.0,0.0,1.0,0.0,1.0,0.0,0.0,1,1,0,1,1,1,1,0,1,0,0,1,0
-0.9725398550161476,-1.0331224013585834,1.0,0.0,0.0,1.0,0.0,1.0,0.0,0.0,0,0,0,0,0,0,1,1,0,1,0,0,0
0.7573908221567865,0.758573602322752,0.0,1.0,0.0,1.0,0.0,1.0,0.0,0.0,0,1,0,0,0,0,0,0,1,0,0,1,0
-0.6518130339840859,-0.9516816739185228,0.0,0.0,0.0,0.0,0.0,0.0,1.0,0.0,0,0,0,0,0,0,0,0,0,0,1,1,0
0.785641371159611,-0.9516816739185228,0.0,1.0,0.0,0.0,0.0,0.0,0.0,1.0,0,1,0,0,0,0,0,0,1,1,0,1,0
-0.46402997296531395,-1.1552834925186746,1.0,0.0,0.0,0.0,0.0,0.0,0.0,1.0,0,0,0,0,0,0,0,1,0,1,0,1,0
1.1379423351948288,1.5729808767233588,1.0,1.0,0.0,0.0,1.0,0.0,1.0,0.0,1,0,0,1,1,1,1,0,1,1,0,1,0
0.6526976111463211,0.7178532386027215,0.0,1.0,0.0,0.0,0.0,0.0,0.0,0.0,1,0,1,1,0,0,0,0,1,1,1,1,0
1.0565142821866886,-0.3408762181180675,0.0,1.0,0.0,0.0,1.0,0.0,1.0,0.0,1,1,1,0,0,0,1,0,1,1,0,1,1
-0.16656830993557784,-0.4223169455581282,1.0,0.0,0.0,1.0,0.0,0.0,0.0,0.0,1,0,0,0,1,0,0,0,1,1,0,1,0
1.5533915852363596,0.47353105628253944,1.0,1.0,0.0,0.0,0.0,0.0,1.0,0.0,0,1,0,1,1,1,1,0,1,1,0,1,0
-1.3464441800535252,0.025607055362205634,0.0,0.0,1.0,0.0,0.0,0.0,0.0,0.0,1,0,1,1,0,0,0,0,0,0,0,1,0
0.3436033691154218,-1.2774445836787656,0.0,1.0,0.0,0.0,0.0,0.0,1.0,0.0,0,0,0,1,0,0,0,0,0,1,1,1,0
0.179085466098976,0.880734693482843,0.0,0.0,0.0,1.0,0.0,1.0,0.0,0.0,1,1,0,1,0,0,0,0,1,1,1,1,0
1.2293411702039656,0.3920903288424788,1.0,1.0,0.0,0.0,0.0,0.0,1.0,0.0,0,1,0,1,0,1,0,0,1,1,1,1,0
-0.6302096729819263,-1.2774445836787656,0.0,0.0,0.0,0.0,0.0,0.0,1.0,0.0,0,0,0,0,0,0,0,0,0,0,1,1,0
-1.4710789550659844,-1.2774445836787656,0.0,0.0,1.0,0.0,0.0,0.0,0.0,1.0,0,0,0,0,0,0,0,0,0,0,0,1,0
0.1873944510998066,-0.0965540357978854,1.0,0.0,0.0,1.0,0.0,0.0,1.0,0.0,0,0,0,0,1,1,0,1,1,0,0,1,0
-1.1370577580325938,-1.2774445836787656,0.0,0.0,0.0,0.0,0.0,0.0,0.0,1.0,0,0,0,0,0,0,0,1,0,0,0,0,0
0.6693155811479823,-0.6666391278783103,1.0,0.0,0.0,0.0,0.0,0.0,1.0,0.0,1,1,1,1,1,1,0,1,1,0,0,1,0
-1.4843733310673135,-1.2774445836787656,1.0,0.0,1.0,0.0,0.0,0.0,0.0,1.0,0,0,0,0,0,0,0,0,0,1,1,1,0
-0.801374763999037,-0.9516816739185228,1.0,0.0,0.0,0.0,0.0,0.0,0.0,1.0,1,0,0,0,0,0,0,1,1,0,1,0,0
1.2044142152014738,0.5549717837226001,1.0,1.0,0.0,0.0,0.0,0.0,1.0,0.0,1,1,0,1,0,0,1,0,1,1,1,1,1
0.14418772909548702,-1.2774445836787656,1.0,1.0,0.0,0.0,0.0,0.0,1.0,0.0,0,0,0,0,0,0,0,0,0,1,1,1,0
-0.3410569949530208,1.5729808767233588,1.0,0.0,0.0,0.0,1.0,0.0,0.0,0.0,1,0,0,0,1,0,0,1,0,0,0,1,0
0.35191235411625243,0.43281069256250915,1.0,1.0,0.0,0.0,0.0,1.0,0.0,0.0,0,0,0,1,0,0,0,0,0,1,0,1,0
-0.6750781919864114,0.7178532386027215,1.0,0.0,0.0,1.0,0.0,0.0,0.0,0.0,1,0,0,0,1,0,0,1,1,1,0,0,0
0.3402797751150897,-0.7888002190384014,0.0,1.0,0.0,0.0,0.0,0.0,0.0,1.0,0,0,0,1,0,0,0,0,0,1,1,1,0
1.1711782751981514,-0.5444780367182193,1.0,1.0,0.0,1.0,0.0,0.0,0.0,0.0,1,1,1,0,0,1,0,1,1,0,1,1,0
1.1063681921916724,0.35136996512244845,0.0,1.0,0.0,0.0,0.0,0.0,0.0,0.0,0,1,0,1,0,0,1,0,1,0,0,1,0
0.21232140610229844,-1.2774445836787656,0.0,1.0,0.0,0.0,0.0,0.0,1.0,0.0,0,0,0,0,0,0,0,0,0,1,1,1,1
-0.35268957395418365,-0.3408762181180675,0.0,0.0,0.0,0.0,0.0,1.0,0.0,0.0,0,1,0,0,0,1,1,0,1,1,1,0,0
-0.028639158921789646,0.3106496014024181,0.0,0.0,0.0,1.0,0.0,0.0,0.0,0.0,1,0,0,1,0,1,0,0,1,0,0,1,0
0.14584952609565352,-1.1960038562387048,0.0,0.0,0.0,0.0,0.0,0.0,0.0,0.0,1,0,1,1,0,1,1,0,1,1,0,1,0
-0.003712203919297562,0.18848851024232702,0.0,0.0,0.0,1.0,0.0,0.0,0.0,0.0,0,0,0,1,1,0,0,0,1,0,0,1,0
1.461992750227223,1.4100994218432374,0.0,1.0,0.0,0.0,1.0,1.0,0.0,0.0,1,1,1,1,1,0,1,1,1,1,1,1,0
1.1329569441943304,-0.015113308357824713,0.0,1.0,0.0,0.0,0.0,0.0,1.0,0.0,1,1,1,1,0,1,0,0,1,1,0,1,0
-0.518869273970796,-1.0738427650786138,0.0,0.0,0.0,0.0,0.0,0.0,1.0,0.0,1,0,0,0,0,0,0,1,0,1,1,1,0
0.8255244991635975,-0.015113308357824713,0.0,1.0,0.0,0.0,0.0,0.0,1.0,0.0,1,0,1,1,1,0,0,0,1,0,0,1,0
0.6144762801425001,1.0843365120829946,0.0,1.0,0.0,0.0,0.0,0.0,1.0,0.0,0,0,0,1,0,1,1,0,0,1,0,1,0
0.18240906009930805,-0.0965540357978854,0.0,0.0,0.0,1.0,0.0,0.0,0.0,0.0,1,1,0,0,0,1,1,1,0,0,0,1,0
-1.5076384890696393,-0.5037576729981889,1.0,0.0,1.0,0.0,0.0,0.0,1.0,0.0,0,0,1,0,0,0,0,0,0,1,1,1,0
-1.3381351950526947,-0.21871512695797646,0.0,0.0,1.0,0.0,1.0,0.0,1.0,0.0,1,0,1,1,0,0,0,0,0,0,0,1,0
0.47820892612887816,-0.5037576729981889,0.0,1.0,0.0,0.0,0.0,0.0,1.0,0.0,0,0,0,1,1,0,0,0,0,1,1,1,1
-1.4843733310673135,-0.9516816739185228,1.0,0.0,1.0,1.0,0.0,0.0,0.0,1.0,0,0,1,0,0,0,0,0,0,0,0,1,0
0.27380789510844483,1.4508197855632678,0.0,0.0,0.0,1.0,0.0,1.0,0.0,0.0,1,0,1,1,1,1,1,0,1,1,0,1,0
-0.11172900893009581,1.4915401492832983,0.0,0.0,0.0,0.0,1.0,1.0,0.0,0.0,1,0,1,1,1,0,0,1,0,0,0,1,0
0.6493740171459885,-0.2594354906780068,1.0,1.0,0.0,0.0,0.0,0.0,0.0,1.0,0,0,0,1,0,0,1,1,0,1,0,1,0
-1.491020519067978,1.4915401492832983,1.0,0.0,1.0,0.0,1.0,0.0,0.0,0.0,1,0,1,0,0,0,0,0,0,0,0,1,0
-1.4744025490663168,-0.8702409464784621,1.0,0.0,1.0,0.0,1.0,0.0,0.0,1.0,0,0,0,0,0,0,0,0,0,0,0,1,0
-0.46569176996548,-1.2774445836787656,1.0,0.0,0.0,0.0,0.0,0.0,0.0,1.0,0,0,0,1,0,0,0,0,0,0,0,1,0
-1.4727407520661506,-0.9109613101984924,1.0,0.0,1.0,1.0,0.0,0.0,0.0,1.0,1,0,1,0,0,0,0,0,0,0,0,1,0
0.3652067301175816,0.9214550572028734,0.0,0.0,0.0,1.0,0.0,0.0,0.0,0.0,1,1,1,1,1,1,0,1,0,1,0,1,0
0.021214751083194285,0.47353105628253944,1.0,0.0,0.0,1.0,0.0,0.0,1.0,0.0,0,0,0,0,1,0,0,1,1,0,0,1,0
0.5197538511330312,0.5549717837226001,1.0,1.0,0.0,0.0,0.0,0.0,1.0,0.0,1,1,0,0,0,0,0,0,0,1,1,1,1
-0.16656830993557784,1.4915401492832983,1.0,0.0,0.0,0.0,1.0,0.0,0.0,0.0,1,0,1,0,1,1,1,0,0,1,0,1,0
0.45660556512671835,-0.8702409464784621,1.0,1.0,0.0,0.0,0.0,0.0,1.0,0.0,0,1,0,0,0,0,0,0,0,1,0,1,1
1.2376501552047963,-0.8702409464784621,0.0,1.0,0.0,0.0,0.0,0.0,1.0,0.0,1,1,0,1,0,1,0,0,1,1,1,1,0
-0.5255164619714603,-0.13727439951791576,1.0,0.0,0.0,0.0,0.0,0.0,0.0,0.0,0,0,0,0,0,0,1,0,0,0,0,1,0
1.1595456961969886,1.002895784642934,0.0,1.0,0.0,0.0,0.0,0.0,1.0,0.0,1,1,0,1,1,0,0,0,1,1,0,1,0
-1.5458598200734601,-0.1779947632379461,1.0,0.0,1.0,1.0,0.0,1.0,0.0,0.0,0,0,0,0,0,0,0,0,0,0,0,1,0
-0.3393951979528547,0.3920903288424788,0.0,0.0,0.0,0.0,0.0,1.0,0.0,0.0,0,0,0,0,1,0,1,0,0,0,0,1,0
-1.4660935640654862,-1.2367242199587352,0.0,0.0,1.0,0.0,0.0,0.0,0.0,1.0,0,0,0,0,0,0,0,0,0,0,1,1,0
-0.801374763999037,-0.38159658183809786,1.0,0.0,0.0,1.0,0.0,0.0,0.0,0.0,0,0,1,0,1,1,0,1,0,0,0,0,0
-1.4727407520661506,-0.5851984004382496,0.0,0.0,1.0,0.0,0.0,0.0,0.0,1.0,1,0,1,0,0,0,0,0,0,0,0,1,0
-1.328164413051698,1.2064976032430856,1.0,0.0,1.0,1.0,0.0,0.0,0.0,0.0,1,0,1,1,0,0,0,0,0,0,0,1,0
0.2006888271011353,-1.2774445836787656,0.0,1.0,0.0,0.0,0.0,0.0,0.0,1.0,0,0,0,0,0,0,0,0,0,1,1,1,0
0.8072447321617703,-0.6666391278783103,1.0,1.0,0.0,0.0,0.0,1.0,0.0,0.0,0,1,0,1,0,0,0,1,0,1,1,1,0
1.0581760791868549,-1.1960038562387048,0.0,1.0,0.0,0.0,0.0,0.0,1.0,0.0,0,1,0,1,0,0,0,0,1,1,1,1,0
0.7989357471609396,1.4100994218432374,1.0,0.0,0.0,1.0,0.0,0.0,0.0,0.0,0,1,0,1,1,1,1,1,1,1,0,1,0
-1.4860351280674797,1.2064976032430856,1.0,0.0,1.0,0.0,1.0,1.0,0.0,0.0,0,0,0,0,0,0,0,0,0,1,0,1,0
1.3207400052131024,1.002895784642934,0.0,1.0,0.0,0.0,0.0,1.0,0.0,0.0,1,1,0,1,0,1,1,0,1,1,1,1,0
0.16745288709781284,-1.2367242199587352,1.0,1.0,0.0,0.0,0.0,0.0,1.0,0.0,0,0,0,0,0,0,0,0,0,1,0,1,0
0.4117370461222332,-0.38159658183809786,0.0,0.0,0.0,0.0,1.0,0.0,0.0,0.0,1,0,1,1,1,0,1,1,1,1,0,1,0
-0.9874960280176428,-0.30015585439803716,0.0,0.0,0.0,0.0,1.0,0.0,0.0,0.0,0,0,1,0,1,0,0,1,0,0,0,0,0
1.440389389225063,1.6137012404433893,0.0,1.0,0.0,0.0,1.0,0.0,0.0,0.0,0,1,0,1,0,1,1,1,1,1,0,1,1
0.641065032145158,-1.2367242199587352,0.0,1.0,0.0,0.0,0.0,0.0,1.0,0.0,1,0,0,1,0,0,0,0,1,1,0,1,0
-1.481049737066981,-0.9924020376385531,0.0,0.0,1.0,1.0,0.0,0.0,0.0,0.0,0,0,0,0,0,0,0,0,0,1,0,1,0
-0.47067716096597834,-1.1145631287986442,0.0,0.0,0.0,0.0,0.0,0.0,0.0,1.0,0,0,0,1,0,0,0,0,0,1,1,1,0
-0.5172074769706297,0.10704778280226633,1.0,0.0,0.0,0.0,0.0,0.0,1.0,0.0,0,1,0,0,0,0,1,0,1,0,0,0,0
-1.3348116010523623,-0.3408762181180675,1.0,0.0,1.0,1.0,0.0,0.0,1.0,0.0,0,0,0,1,0,0,0,0,0,0,0,1,0
0.22893937610395967,-1.2367242199587352,0.0,1.0,0.0,0.0,0.0,0.0,1.0,0.0,1,0,1,0,0,0,0,0,0,1,0,1,0
1.3340343812144315,1.6137012404433893,1.0,1.0,0.0,0.0,1.0,1.0,0.0,0.0,1,1,1,1,1,1,1,1,0,1,0,1,0
1.3872118852197473,0.35136996512244845,0.0,1.0,0.0,0.0,0.0,0.0,1.0,0.0,0,0,0,1,1,1,1,1,1,1,0,1,0
-0.5122220859701314,-1.1552834925186746,1.0,0.0,0.0,0.0,0.0,0.0,1.0,0.0,0,0,1,0,1,0,0,0,0,0,1,1,0
0.356897745116751,-0.2594354906780068,1.0,1.0,0.0,1.0,0.0,0.0,0.0,0.0,0,0,0,0,0,1,0,0,0,0,0,1,0
0.9800716201790471,-1.0331224013585834,1.0,1.0,0.0,0.0,0.0,0.0,1.0,0.0,0,1,0,0,0,1,0,0,1,1,1,1,0
0.13920233809498894,-1.2774445836787656,0.0,1.0,0.0,0.0,0.0,0.0,1.0,0.0,1,0,0,0,0,0,0,0,0,1,1,1,0
-0.2081132349397309,-1.1552834925186746,0.0,0.0,0.0,0.0,0.0,0.0,0.0,1.0,1,0,1,1,0,1,0,1,0,1,0,1,0
0.46989994112804756,0.6364125111626608,1.0,0.0,0.0,0.0,1.0,1.0,0.0,0.0,0,1,0,0,0,1,1,1,1,0,0,1,0
0.966777244177718,-1.2367242199587352,1.0,1.0,0.0,0.0,0.0,0.0,1.0,0.0,0,1,0,1,0,0,0,0,1,1,1,1,1
0.47987072312904416,-0.8295205827584317,0.0,0.0,0.0,1.0,0.0,0.0,1.0,0.0,1,1,0,0,1,0,1,1,1,1,0,1,1
1.4852579082295487,1.125056875803025,1.0,1.0,0.0,0.0,0.0,0.0,0.0,0.0,1,1,0,1,1,0,1,1,1,1,0,1,0
-0.18484807693740507,0.9214550572028734,1.0,0.0,0.0,0.0,1.0,0.0,1.0,0.0,0,0,0,0,1,0,1,1,0,1,0,1,0
-1.1835880740372453,-1.2774445836787656,1.0,0.0,0.0,0.0,0.0,0.0,0.0,1.0,0,0,0,0,0,0,0,1,0,0,0,0,0
-1.4860351280674797,-1.2774445836787656,1.0,0.0,1.0,0.0,0.0,0.0,0.0,1.0,0,0,0,0,0,0,0,0,0,0,0,1,0
0.37517751211857825,-1.1552834925186746,1.0,1.0,0.0,0.0,0.0,0.0,1.0,0.0,0,0,0,1,0,0,0,0,0,1,1,1,0
-1.3397969920528607,-1.2774445836787656,1.0,0.0,0.0,0.0,0.0,0.0,0.0,1.0,0,0,0,0,0,0,0,0,0,1,1,0,0
0.05777428508684881,0.3920903288424788,0.0,0.0,0.0,0.0,1.0,1.0,0.0,0.0,0,1,0,0,0,0,1,1,0,0,0,1,0
-0.5055748979694671,-1.2774445836787656,0.0,0.0,0.0,0.0,0.0,0.0,0.0,0.0,0,0,0,0,1,0,0,0,0,0,0,1,0
0.8172155141627669,-1.0331224013585834,1.0,1.0,0.0,0.0,0.0,1.0,0.0,0.0,0,0,0,1,0,0,1,0,1,1,1,1,0
0.2937494591104381,-1.1960038562387048,1.0,1.0,0.0,0.0,0.0,1.0,0.0,0.0,0,0,0,0,0,0,1,0,0,1,0,1,0
0.5945347161405068,1.6137012404433893,0.0,0.0,0.0,0.0,1.0,1.0,0.0,0.0,1,1,0,1,1,1,1,0,1,1,0,1,0
-0.5238546649712943,-0.7073594915983407,1.0,0.0,0.0,0.0,0.0,0.0,1.0,0.0,0,0,0,1,0,0,0,0,0,1,0,1,0
0.5180920541328647,-1.1552834925186746,1.0,1.0,0.0,0.0,0.0,0.0,1.0,0.0,1,0,0,0,0,0,0,0,1,1,1,1,0
-1.3148700370503688,-0.8702409464784621,0.0,0.0,1.0,1.0,0.0,0.0,1.0,0.0,0,0,0,1,0,0,0,0,0,0,0,1,0
-1.3065610520495383,-1.1145631287986442,0.0,0.0,1.0,0.0,0.0,0.0,0.0,1.0,0,0,0,1,0,0,0,0,0,0,0,1,0
-0.29785027294870164,-1.2774445836787656,0.0,0.0,0.0,0.0,0.0,0.0,1.0,0.0,0,0,0,0,1,0,1,0,0,1,1,1,1
1.5334500212343665,1.6137012404433893,1.0,1.0,0.0,0.0,1.0,1.0,0.0,0.0,1,1,0,1,1,0,1,1,1,1,0,1,0
0.43167861012422654,0.9214550572028734,0.0,1.0,0.0,0.0,0.0,1.0,0.0,0.0,1,0,0,1,0,1,0,0,0,1,0,1,0
-1.2816340970470463,0.3106496014024181,0.0,0.0,1.0,0.0,0.0,0.0,1.0,0.0,1,0,1,1,0,0,0,0,0,1,0,1,0
-1.491020519067978,1.002895784642934,0.0,0.0,1.0,0.0,1.0,0.0,0.0,0.0,1,0,0,0,0,0,0,0,0,0,0,1,0
0.4748853321285456,-1.2774445836787656,1.0,1.0,0.0,0.0,0.0,0.0,1.0,0.0,0,0,0,0,0,0,0,0,1,1,1,1,0
1.0049985751815391,-1.2774445836787656,1.0,1.0,0.0,0.0,0.0,0.0,1.0,0.0,1,1,0,0,1,0,0,0,1,1,1,1,0
-1.3148700370503688,-1.2774445836787656,0.0,0.0,0.0,0.0,0.0,0.0,0.0,1.0,0,0,0,0,0,0,0,0,0,0,1,0,0
0.534710024134526,0.7992939660427822,1.0,0.0,0.0,1.0,0.0,0.0,1.0,0.0,1,1,1,1,0,1,1,0,1,1,0,1,1
1.1180007711928355,0.35136996512244845,1.0,1.0,0.0,0.0,0.0,0.0,1.0,0.0,0,1,0,1,0,0,1,0,1,1,1,1,1
-0.27957050594687416,0.43281069256250915,1.0,0.0,0.0,1.0,0.0,0.0,0.0,1.0,1,0,0,0,0,0,0,0,1,1,0,1,0
-1.5109620830699715,0.5956921474426305,0.0,0.0,1.0,0.0,1.0,0.0,0.0,0.0,1,0,1,0,0,0,0,0,0,0,0,1,0
-0.4773243489666429,-1.1960038562387048,1.0,0.0,0.0,0.0,0.0,0.0,0.0,0.0,0,0,0,1,0,0,0,0,0,0,0,1,0
0.48651791112970877,1.369379058123207,1.0,0.0,0.0,0.0,1.0,1.0,0.0,0.0,1,0,1,1,1,1,1,1,1,0,1,1,1
-0.3161300399505289,0.9214550572028734,1.0,0.0,0.0,0.0,1.0,1.0,0.0,0.0,1,0,1,0,0,0,1,1,0,1,0,1,0
-1.517609271070636,-0.13727439951791576,1.0,0.0,1.0,1.0,0.0,0.0,0.0,1.0,0,0,0,0,0,0,0,0,0,0,0,1,0
0.641065032145158,-0.8295205827584317,0.0,1.0,0.0,0.0,0.0,0.0,1.0,0.0,0,0,1,1,0,0,0,0,1,1,0,1,0
1.3440051632154282,1.369379058123207,0.0,1.0,0.0,0.0,0.0,0.0,1.0,0.0,1,1,0,1,0,1,1,0,1,1,0,1,0
1.217708591202803,0.10704778280226633,1.0,1.0,0.0,0.0,0.0,0.0,1.0,0.0,0,1,0,1,0,0,1,0,1,1,1,1,1
0.8321716871642622,-0.9109613101984924,1.0,1.0,0.0,0.0,0.0,0.0,1.0,0.0,1,1,0,1,0,0,1,0,0,1,1,1,1
0.3652067301175816,-0.21871512695797646,1.0,1.0,0.0,0.0,0.0,0.0,0.0,0.0,1,0,1,1,0,0,0,0,0,1,0,1,0
1.0149693571825356,1.0436161483629645,0.0,1.0,0.0,0.0,0.0,0.0,1.0,0.0,0,1,0,0,0,0,0,1,1,1,0,1,0
1.4952286902305454,0.880734693482843,1.0,1.0,0.0,0.0,1.0,0.0,0.0,0.0,1,1,0,0,1,1,1,1,1,0,1,1,0
-1.4926823160681442,-0.9516816739185228,1.0,0.0,1.0,0.0,0.0,0.0,0.0,1.0,0,0,0,0,0,0,0,0,0,0,0,1,0
-1.5109620830699715,-1.2367242199587352,1.0,0.0,1.0,1.0,0.0,1.0,0.0,0.0,0,0,0,0,0,0,0,0,0,0,1,1,0
0.14418772909548702,-1.0738427650786138,1.0,1.0,0.0,0.0,0.0,0.0,1.0,0.0,0,0,0,0,0,0,0,0,0,1,0,1,0
0.8803638001690798,-0.2594354906780068,0.0,1.0,0.0,0.0,0.0,0.0,1.0,0.0,0,1,0,0,0,0,0,0,1,1,1,1,1
-1.479387940066815,-0.9516816739185228,0.0,0.0,1.0,0.0,0.0,0.0,0.0,1.0,0,0,0,0,0,0,0,0,0,0,0,1,0
-0.3327480099521901,-0.9924020376385531,1.0,0.0,0.0,0.0,0.0,0.0,0.0,1.0,1,0,0,0,0,1,1,0,0,1,0,1,0
0.5546515881365197,-0.8295205827584317,1.0,1.0,0.0,0.0,0.0,0.0,1.0,0.0,0,0,0,0,0,0,0,0,1,1,0,1,0
-0.520531070970962,-0.7073594915983407,0.0,0.0,0.0,0.0,0.0,0.0,1.0,0.0,0,0,0,1,0,0,0,0,0,1,1,1,0
0.5131066631323666,0.43281069256250915,1.0,0.0,0.0,1.0,0.0,0.0,1.0,0.0,1,1,0,1,1,0,1,0,1,1,0,1,0
1.1811490571991479,0.3920903288424788,1.0,1.0,0.0,0.0,0.0,0.0,1.0,0.0,0,1,0,1,0,0,0,1,1,1,0,1,0
0.016229360082695727,-0.055833672077855064,0.0,0.0,0.0,0.0,0.0,1.0,0.0,0.0,0,0,0,1,1,0,1,1,0,0,1,1,0
0.8703930181680831,1.369379058123207,0.0,1.0,0.0,0.0,1.0,1.0,0.0,0.0,0,0,1,1,1,0,1,1,0,1,0,1,0
0.6875953481498096,-0.5851984004382496,0.0,1.0,0.0,0.0,0.0,0.0,1.0,0.0,0,0,0,1,0,1,0,1,0,1,1,1,1
-1.4876969250676457,-1.2774445836787656,1.0,0.0,1.0,0.0,0.0,0.0,0.0,1.0,0,0,0,0,0,0,0,0,0,0,0,1,0
0.9750862291785486,1.1657772395230555,1.0,1.0,0.0,0.0,1.0,0.0,1.0,0.0,1,0,0,1,0,1,0,1,1,1,1,1,0
0.5014740841312035,-0.9109613101984924,1.0,1.0,0.0,0.0,0.0,0.0,1.0,0.0,0,0,0,1,0,1,0,0,0,0,0,1,0
0.22893937610395967,-1.2774445836787656,1.0,1.0,0.0,0.0,0.0,0.0,1.0,0.0,0,0,0,0,0,0,0,0,0,1,1,1,1
0.2920876621102721,-0.5851984004382496,0.0,1.0,0.0,0.0,0.0,0.0,1.0,0.0,0,0,0,0,0,1,0,0,0,1,0,1,1
1.325725396213601,-0.3408762181180675,1.0,1.0,0.0,0.0,0.0,0.0,1.0,0.0,1,1,0,1,0,1,1,0,1,1,1,1,0
-1.5109620830699715,-1.1960038562387048,0.0,0.0,1.0,0.0,0.0,0.0,0.0,1.0,1,0,1,0,0,0,0,0,0,0,0,1,0
-1.4827115340671475,0.7178532386027215,1.0,0.0,1.0,1.0,0.0,1.0,0.0,0.0,0,0,0,0,0,0,0,0,0,0,0,1,0
-0.6717545979860794,-1.2774445836787656,1.0,0.0,0.0,0.0,0.0,0.0,1.0,0.0,1,0,1,0,0,0,0,0,0,0,0,1,0
-0.3427187919531868,-1.2367242199587352,1.0,0.0,0.0,0.0,0.0,0.0,0.0,1.0,0,0,0,0,1,0,0,1,0,1,0,1,0
-1.4993295040688086,-0.62591876415828,1.0,0.0,1.0,1.0,0.0,0.0,0.0,0.0,0,0,0,0,0,0,0,0,0,1,0,1,0
1.3373579752147637,1.4915401492832983,1.0,1.0,0.0,0.0,1.0,0.0,1.0,0.0,1,1,1,1,0,1,1,0,1,1,0,1,0
0.7956121531606076,1.6137012404433893,1.0,0.0,0.0,0.0,1.0,1.0,0.0,0.0,1,1,0,1,1,1,1,1,1,1,0,1,0
0.3153528201125979,-1.1960038562387048,0.0,1.0,0.0,0.0,0.0,0.0,1.0,0.0,0,0,0,1,0,0,0,0,0,1,1,1,0
0.34526516611558833,0.7178532386027215,1.0,0.0,0.0,0.0,1.0,0.0,0.0,0.0,1,1,1,1,1,1,1,0,0,1,0,1,1
-1.479387940066815,0.8400143297628127,0.0,0.0,1.0,0.0,1.0,0.0,0.0,1.0,0,0,0,0,0,0,0,0,0,0,0,1,0
1.4736253292283856,1.0436161483629645,0.0,1.0,0.0,0.0,1.0,1.0,0.0,0.0,1,1,0,1,1,1,0,1,1,1,0,1,0
-1.1304105700319294,0.5549717837226001,1.0,0.0,0.0,1.0,0.0,0.0,0.0,0.0,0,0,0,0,1,0,0,0,0,1,0,0,0
1.5999219012410113,1.6137012404433893,1.0,1.0,0.0,0.0,0.0,1.0,0.0,0.0,1,1,0,1,1,1,1,1,1,1,0,1,1
0.31369102311243185,-1.2774445836787656,0.0,1.0,0.0,0.0,0.0,0.0,1.0,0.0,0,0,0,1,0,0,0,0,0,1,1,1,1
0.9734244321783826,-1.0738427650786138,0.0,1.0,0.0,0.0,0.0,0.0,0.0,1.0,1,0,1,1,0,1,1,0,1,1,0,1,0
0.46823814412788106,1.6137012404433893,1.0,0.0,0.0,0.0,1.0,0.0,0.0,0.0,1,1,0,1,1,1,1,1,0,0,0,1,0
-0.31446824295036285,-1.1552834925186746,1.0,0.0,0.0,0.0,0.0,0.0,0.0,1.0,0,1,0,0,0,0,0,0,0,1,0,1,0
-1.5093002860698053,0.7992939660427822,0.0,0.0,1.0,0.0,1.0,0.0,0.0,1.0,1,0,1,0,0,0,0,0,0,0,0,1,0
-1.3098846460498705,-1.318164947398796,1.0,0.0,1.0,0.0,1.0,0.0,0.0,1.0,1,0,1,1,0,0,0,0,0,0,0,1,0
-1.4727407520661506,-1.2367242199587352,0.0,0.0,1.0,1.0,0.0,0.0,0.0,1.0,0,0,0,0,0,0,0,0,0,0,0,1,0
-1.5093002860698053,1.3286586944031769,0.0,0.0,1.0,0.0,1.0,0.0,0.0,0.0,1,0,0,0,0,0,0,0,0,0,0,1,0
1.2044142152014738,0.43281069256250915,1.0,1.0,0.0,0.0,0.0,0.0,1.0,0.0,1,1,0,1,0,1,0,0,1,1,1,1,1
1.1778254631988159,-1.1552834925186746,1.0,1.0,0.0,0.0,0.0,0.0,1.0,0.0,1,1,0,1,0,1,0,0,1,1,1,1,0
0.8072447321617703,-0.30015585439803716,1.0,1.0,0.0,1.0,0.0,0.0,1.0,0.0,1,1,0,1,1,0,0,0,0,1,1,1,1
0.4615909561272169,0.758573602322752,0.0,0.0,0.0,1.0,0.0,1.0,0.0,0.0,1,1,0,1,0,1,0,1,1,1,0,1,0
0.3319707901142591,-0.8295205827584317,1.0,0.0,0.0,0.0,0.0,0.0,0.0,0.0,0,1,0,1,0,0,1,0,1,0,0,1,0
0.1774236690988095,1.002895784642934,0.0,0.0,0.0,1.0,0.0,0.0,0.0,0.0,1,1,1,0,1,0,0,0,1,1,1,1,0
-1.491020519067978,-0.3408762181180675,0.0,0.0,1.0,1.0,0.0,0.0,0.0,1.0,1,0,1,0,0,0,0,0,0,0,0,1,0
-0.2130986259402292,1.2879383306831464,0.0,0.0,0.0,1.0,0.0,0.0,0.0,0.0,1,0,0,1,0,0,1,1,0,0,0,1,0
1.3589613362169235,-1.1552834925186746,0.0,1.0,0.0,1.0,0.0,0.0,1.0,0.0,0,1,0,0,0,1,1,1,1,1,1,1,0
1.1877962451998125,-0.2594354906780068,0.0,1.0,0.0,0.0,0.0,0.0,0.0,0.0,0,1,0,1,0,0,1,0,1,1,0,1,0
-1.4860351280674797,-0.7073594915983407,0.0,0.0,1.0,0.0,0.0,0.0,0.0,1.0,1,0,1,0,0,0,0,0,0,0,0,1,0
-1.2999138640488739,1.2879383306831464,1.0,0.0,1.0,0.0,1.0,1.0,0.0,0.0,1,0,0,1,0,0,0,0,0,0,0,1,1
1.0548524851865226,0.14776814652229667,1.0,1.0,0.0,0.0,0.0,0.0,1.0,0.0,1,1,0,1,0,1,0,0,1,1,1,1,1
1.0049985751815391,-0.21871512695797646,0.0,1.0,0.0,0.0,0.0,1.0,0.0,0.0,1,1,0,1,0,0,0,0,1,0,0,1,0
0.20235062410130134,-1.2774445836787656,1.0,1.0,0.0,0.0,0.0,0.0,0.0,1.0,1,0,0,0,0,0,0,0,0,0,1,1,1
0.7042133181514708,0.10704778280226633,0.0,0.0,0.0,1.0,0.0,1.0,0.0,0.0,0,1,0,1,1,0,1,1,1,1,1,1,0
0.30372024111143525,-1.1552834925186746,1.0,1.0,0.0,0.0,0.0,0.0,1.0,0.0,0,0,0,0,0,0,1,0,0,1,1,1,0
-0.641842251983089,-0.9924020376385531,0.0,0.0,0.0,0.0,0.0,0.0,1.0,0.0,1,0,1,0,0,0,0,0,0,1,0,1,0
-1.4876969250676457,-0.9109613101984924,1.0,0.0,1.0,0.0,0.0,1.0,0.0,0.0,0,0,0,0,0,0,0,0,0,1,0,1,0
-0.5172074769706297,-1.2367242199587352,0.0,0.0,0.0,0.0,0.0,0.0,0.0,1.0,0,0,0,0,0,1,0,0,0,0,0,1,0
1.4852579082295487,1.0436161483629645,0.0,1.0,0.0,0.0,1.0,0.0,0.0,0.0,1,1,0,1,1,1,1,0,1,1,1,1,0
0.6144762801425001,0.758573602322752,1.0,0.0,0.0,0.0,1.0,1.0,0.0,0.0,1,1,0,0,1,1,1,1,1,1,0,1,0
-1.5126238800701375,0.5549717837226001,0.0,0.0,1.0,0.0,1.0,0.0,0.0,1.0,1,0,1,0,0,0,0,0,0,1,0,1,0
-1.4993295040688086,-1.2774445836787656,1.0,0.0,1.0,0.0,0.0,0.0,0.0,0.0,0,0,0,0,0,0,0,0,0,1,0,1,0
0.2671607071077802,0.5549717837226001,1.0,1.0,0.0,0.0,0.0,0.0,0.0,0.0,0,0,0,1,0,0,0,0,0,0,0,1,0
1.4919050962302134,0.7178532386027215,0.0,1.0,0.0,0.0,0.0,0.0,0.0,0.0,1,1,0,1,1,1,0,1,1,1,0,1,0
0.00792037508186511,0.8400143297628127,1.0,0.0,0.0,0.0,0.0,1.0,0.0,0.0,1,0,1,0,0,1,0,1,1,0,0,1,0
1.639805029244998,1.1657772395230555,1.0,1.0,0.0,0.0,0.0,0.0,1.0,0.0,1,1,0,1,0,1,1,1,1,1,0,1,0
-1.4660935640654862,-1.1145631287986442,1.0,0.0,1.0,0.0,0.0,0.0,0.0,0.0,0,0,0,0,0,0,0,0,0,0,0,1,0
0.7374492581547932,0.5956921474426305,1.0,0.0,0.0,1.0,0.0,0.0,0.0,0.0,0,1,0,0,1,1,1,1,1,1,0,1,0
0.9966895901807084,0.880734693482843,0.0,1.0,0.0,1.0,0.0,0.0,0.0,0.0,0,0,0,1,0,1,1,0,1,1,0,1,0
-1.3098846460498705,-0.5444780367182193,1.0,0.0,0.0,0.0,0.0,1.0,0.0,0.0,0,0,1,0,0,0,0,0,0,1,0,0,0
1.3523141482162588,-0.2594354906780068,0.0,1.0,0.0,0.0,1.0,0.0,1.0,0.0,0,1,1,0,0,1,1,1,1,1,0,1,0
-1.3082228490497045,1.5322605130033284,1.0,0.0,1.0,0.0,1.0,0.0,0.0,1.0,1,0,1,1,0,0,0,0,0,0,0,1,0
1.2559299222066236,-0.62591876415828,1.0,1.0,0.0,0.0,0.0,0.0,1.0,0.0,1,1,0,1,0,1,1,0,1,1,0,1,0
1.1778254631988159,-0.0965540357978854,0.0,1.0,0.0,0.0,0.0,0.0,1.0,0.0,0,1,0,1,0,1,0,0,1,1,1,1,0
-1.3547531650543558,-1.2774445836787656,0.0,0.0,1.0,0.0,0.0,0.0,0.0,1.0,0,0,1,1,0,0,0,0,0,0,0,1,0
-1.3015756610490399,-0.5444780367182193,0.0,0.0,1.0,0.0,1.0,0.0,0.0,1.0,1,0,1,1,0,0,0,0,0,0,0,1,0
0.29042586511010604,-0.2594354906780068,0.0,0.0,0.0,0.0,1.0,1.0,0.0,0.0,1,1,0,0,0,1,1,0,1,1,0,1,0
0.3087056321119333,-0.46303730927815856,0.0,1.0,0.0,0.0,0.0,0.0,0.0,0.0,1,0,1,0,0,1,0,0,0,1,1,1,0
1.113015380192337,0.7178532386027215,1.0,1.0,0.0,1.0,0.0,0.0,1.0,0.0,1,1,0,1,0,1,0,0,1,1,0,1,0
-0.34438058895335305,1.4508197855632678,0.0,0.0,0.0,1.0,0.0,0.0,1.0,0.0,1,1,0,0,1,0,1,0,1,1,0,0,0
1.222693982203301,-1.1960038562387048,1.0,1.0,0.0,0.0,0.0,0.0,0.0,0.0,0,1,0,1,0,0,1,0,1,1,1,1,0
1.2742096892084507,-0.9516816739185228,1.0,1.0,0.0,0.0,0.0,0.0,1.0,0.0,1,1,1,0,0,0,1,1,1,0,0,1,0
-1.0157465770204666,0.758573602322752,0.0,0.0,0.0,0.0,1.0,0.0,0.0,0.0,1,0,1,0,1,0,0,1,0,0,0,0,0
-0.6983433499887373,-0.9516816739185228,0.0,0.0,0.0,0.0,0.0,0.0,1.0,0.0,0,0,0,0,0,0,0,0,0,1,0,1,0
1.5683477582378549,0.35136996512244845,1.0,1.0,0.0,1.0,0.0,0.0,1.0,0.0,1,1,1,1,0,1,1,1,1,1,1,1,1
1.1927816362003112,-0.4223169455581282,1.0,1.0,0.0,0.0,0.0,0.0,1.0,0.0,0,1,0,1,0,1,0,0,1,1,0,1,0
-0.2928648819482031,-0.46303730927815856,0.0,0.0,0.0,1.0,0.0,0.0,1.0,0.0,1,1,1,0,1,0,1,0,1,1,1,0,0
1.7046151122514768,1.5729808767233588,1.0,1.0,0.0,0.0,1.0,0.0,0.0,0.0,1,1,1,1,1,1,1,1,1,1,0,1,0
-0.6318714699820923,-1.2774445836787656,1.0,0.0,0.0,0.0,0.0,0.0,1.0,0.0,0,0,0,0,0,0,0,0,0,0,1,1,0
0.572931355138347,-0.2594354906780068,1.0,0.0,0.0,1.0,0.0,1.0,0.0,0.0,1,1,1,1,0,0,1,1,1,1,0,1,0
0.012905766082363669,1.5729808767233588,1.0,0.0,0.0,0.0,1.0,0.0,0.0,0.0,1,0,0,1,1,1,0,1,0,0,0,1,0
-0.6634456129852487,-1.1552834925186746,1.0,0.0,0.0,0.0,0.0,1.0,0.0,0.0,0,0,0,0,0,0,0,0,0,1,0,1,0
0.4998122871310375,-0.8295205827584317,0.0,1.0,0.0,0.0,0.0,0.0,1.0,0.0,0,0,0,1,1,0,0,0,0,1,0,1,0
0.8005975441611056,-0.5851984004382496,0.0,1.0,0.0,0.0,0.0,0.0,1.0,0.0,1,0,0,1,0,0,0,1,1,1,0,1,0
0.3386179781149237,-1.1960038562387048,0.0,1.0,0.0,0.0,0.0,0.0,1.0,0.0,0,0,0,1,0,0,0,0,0,1,0,1,0
1.39884446422091,1.6137012404433893,0.0,1.0,0.0,1.0,0.0,0.0,0.0,0.0,1,1,0,1,1,1,0,0,1,1,0,1,1
0.3386179781149237,-0.8702409464784621,1.0,1.0,0.0,0.0,0.0,0.0,1.0,0.0,0,0,0,0,0,1,0,0,0,0,1,1,0
0.5114448661322006,-1.2774445836787656,0.0,1.0,0.0,0.0,0.0,1.0,0.0,0.0,0,1,0,0,0,0,0,0,0,0,1,1,0
-1.5109620830699715,-0.7888002190384014,1.0,0.0,1.0,1.0,0.0,1.0,0.0,0.0,0,0,0,0,0,0,0,0,0,0,0,1,0
1.478610720228884,1.6137012404433893,0.0,1.0,0.0,1.0,0.0,0.0,1.0,0.0,1,1,0,1,0,1,1,1,1,1,1,1,0
-0.28787949094770476,0.3920903288424788,1.0,0.0,0.0,1.0,0.0,1.0,0.0,0.0,1,0,0,1,1,0,0,0,0,0,0,1,0
-1.4976677070686424,-0.62591876415828,0.0,0.0,1.0,0.0,0.0,1.0,0.0,0.0,0,0,0,0,0,0,0,0,0,0,0,1,0
-0.44741200296365274,-1.0331224013585834,0.0,0.0,0.0,0.0,0.0,0.0,0.0,1.0,0,0,0,0,0,1,0,0,0,1,0,1,1
1.789366759259949,1.4508197855632678,0.0,1.0,0.0,0.0,1.0,0.0,0.0,1.0,1,1,0,1,1,1,1,1,1,0,0,1,0
-1.3497677740538576,0.9621754209229036,1.0,0.0,1.0,0.0,1.0,0.0,0.0,0.0,1,0,1,1,0,0,0,0,0,0,0,1,0
-1.477726143066649,0.22920887396235737,0.0,0.0,1.0,1.0,0.0,0.0,0.0,1.0,1,0,1,0,0,0,0,0,0,0,0,1,0
1.6863353452496495,1.6137012404433893,0.0,1.0,0.0,0.0,1.0,0.0,1.0,0.0,1,1,1,1,1,1,1,1,1,1,0,1,0
-1.3198554280508674,0.6364125111626608,0.0,0.0,1.0,1.0,0.0,1.0,0.0,0.0,0,0,0,1,0,0,0,0,0,0,0,1,0
1.4736253292283856,0.7992939660427822,0.0,1.0,0.0,0.0,0.0,0.0,1.0,0.0,1,1,0,1,1,1,1,0,1,1,0,1,1
-1.4993295040688086,0.10704778280226633,0.0,0.0,1.0,1.0,0.0,0.0,0.0,1.0,1,0,1,0,0,0,0,0,0,0,0,1,0
1.5467443972356951,1.4100994218432374,1.0,1.0,0.0,0.0,1.0,0.0,0.0,0.0,1,1,0,1,0,1,1,1,1,1,0,1,0
-1.1586611190347533,-1.2774445836787656,0.0,0.0,0.0,0.0,0.0,0.0,0.0,1.0,0,0,0,0,1,0,0,0,0,0,0,0,0
0.5264010391336954,0.8400143297628127,1.0,1.0,0.0,0.0,0.0,0.0,0.0,1.0,0,0,0,0,0,1,0,1,0,1,0,1,0
-1.461108173064988,0.06632741908223598,1.0,0.0,1.0,0.0,0.0,0.0,0.0,1.0,1,0,1,0,0,0,0,0,0,0,0,1,0
-0.9825106370171443,-1.1960038562387048,0.0,0.0,0.0,0.0,0.0,1.0,0.0,0.0,0,0,0,0,0,0,0,0,1,0,1,0,0
0.466576347127715,-1.2774445836787656,0.0,1.0,0.0,0.0,0.0,0.0,1.0,0.0,1,0,0,0,0,0,0,0,1,0,1,1,0
0.8371570781647607,-0.5444780367182193,1.0,1.0,0.0,0.0,0.0,0.0,0.0,1.0,0,0,0,0,0,0,1,1,1,0,0,1,0
1.7046151122514768,1.125056875803025,0.0,1.0,0.0,0.0,1.0,0.0,0.0,0.0,1,1,0,1,1,1,1,1,1,1,0,1,1
-1.502653098069141,-0.8702409464784621,1.0,0.0,1.0,0.0,1.0,1.0,0.0,0.0,0,0,0,0,0,0,0,0,0,0,0,1,0
1.3838882912194153,0.5956921474426305,0.0,1.0,0.0,0.0,0.0,0.0,1.0,0.0,0,1,0,1,0,1,1,0,1,1,1,1,0
-0.5105602889699654,-0.5851984004382496,1.0,0.0,0.0,0.0,0.0,0.0,1.0,0.0,0,0,0,0,1,0,0,0,0,0,1,1,0
1.6780263602488188,1.125056875803025,0.0,1.0,0.0,0.0,1.0,1.0,0.0,0.0,1,1,1,1,1,1,1,1,1,0,0,1,0
-1.328164413051698,1.6137012404433893,1.0,0.0,1.0,0.0,1.0,1.0,0.0,0.0,1,0,0,1,0,0,0,0,0,0,0,1,0
-1.491020519067978,0.26992923768238775,1.0,0.0,1.0,1.0,0.0,0.0,0.0,1.0,0,0,0,0,0,0,0,0,0,0,0,1,0
0.5480044001358552,1.0843365120829946,0.0,1.0,0.0,1.0,0.0,1.0,0.0,0.0,1,0,0,0,1,0,1,0,0,1,0,1,0
0.1724382780983114,-1.2367242199587352,1.0,1.0,0.0,0.0,0.0,0.0,0.0,1.0,1,0,1,0,0,0,0,0,0,0,0,1,0
0.14418772909548702,-1.2774445836787656,1.0,1.0,0.0,0.0,0.0,0.0,1.0,0.0,0,0,0,0,0,0,0,0,0,0,1,1,1
0.8454660631655913,-0.5037576729981889,1.0,1.0,0.0,0.0,0.0,0.0,1.0,0.0,1,1,1,0,0,0,0,0,1,1,1,1,0
0.9568064621767214,-1.0738427650786138,0.0,1.0,0.0,0.0,0.0,0.0,0.0,0.0,0,1,0,1,0,0,0,0,1,1,1,1,0
0.719169491152966,1.5729808767233588,1.0,1.0,0.0,0.0,1.0,1.0,0.0,0.0,0,0,0,1,0,0,1,1,0,1,0,1,0
0.051127097086184216,-0.3408762181180675,0.0,0.0,0.0,0.0,0.0,0.0,0.0,1.0,1,0,0,1,1,1,1,0,0,0,0,1,0
0.9933659961803764,1.4100994218432374,1.0,1.0,0.0,0.0,0.0,1.0,0.0,0.0,1,1,0,1,0,0,0,0,1,1,0,1,1
0.534710024134526,-1.2774445836787656,1.0,1.0,0.0,0.0,0.0,0.0,0.0,1.0,0,1,0,0,0,0,0,0,0,1,1,1,0
0.574593152138513,0.6364125111626608,0.0,1.0,0.0,1.0,0.0,0.0,0.0,1.0,1,1,1,1,0,0,0,0,0,1,1,1,0
0.2438955491054544,0.18848851024232702,0.0,0.0,0.0,1.0,0.0,0.0,0.0,1.0,1,1,0,1,0,1,0,1,0,0,0,1,0
-0.9991286070188055,-0.8702409464784621,1.0,0.0,0.0,0.0,0.0,0.0,0.0,1.0,0,0,0,0,0,1,1,0,0,0,0,0,0
-1.4694171580658184,-1.1960038562387048,1.0,0.0,1.0,0.0,0.0,1.0,0.0,0.0,1,0,0,0,0,0,0,0,0,1,1,1,0
1.0365727181846955,-0.5851984004382496,0.0,1.0,0.0,0.0,0.0,1.0,0.0,0.0,1,1,0,0,0,0,1,0,1,1,0,1,0
-0.6634456129852487,0.7178532386027215,1.0,0.0,0.0,1.0,0.0,0.0,0.0,0.0,1,0,1,0,0,0,0,0,0,1,0,1,0
1.4835961112293827,1.4100994218432374,0.0,1.0,0.0,1.0,0.0,0.0,1.0,0.0,1,1,1,1,1,0,1,1,1,1,0,1,0
0.2089978121019659,-0.30015585439803716,0.0,0.0,0.0,0.0,0.0,0.0,0.0,1.0,1,1,0,0,1,1,0,1,0,1,0,1,0
0.4582673621268844,-1.2367242199587352,0.0,1.0,0.0,0.0,0.0,0.0,1.0,0.0,0,0,0,1,0,0,1,0,0,1,1,1,1
-1.4976677070686424,-0.9516816739185228,1.0,0.0,1.0,0.0,0.0,1.0,0.0,0.0,0,0,0,0,0,0,0,0,0,0,0,1,0
-0.8146691400003658,-0.9109613101984924,0.0,0.0,0.0,1.0,0.0,0.0,0.0,1.0,0,0,1,0,1,1,0,1,0,0,0,0,0
-1.4926823160681442,1.5322605130033284,0.0,0.0,1.0,0.0,1.0,1.0,0.0,0.0,1,0,0,0,0,0,0,0,0,0,0,1,0
0.11593718009266311,-0.9516816739185228,1.0,0.0,0.0,0.0,0.0,0.0,0.0,0.0,0,1,0,0,1,0,1,1,0,1,0,1,0
-1.4827115340671475,-1.1552834925186746,0.0,0.0,1.0,0.0,0.0,1.0,0.0,0.0,0,0,0,0,0,0,0,0,0,1,0,1,0
-0.4590445819648154,-1.2367242199587352,0.0,0.0,0.0,0.0,0.0,0.0,0.0,1.0,0,0,0,0,1,0,0,0,0,0,0,1,0
0.4615909561272169,-1.2774445836787656,0.0,1.0,0.0,0.0,0.0,0.0,1.0,0.0,0,1,1,0,0,0,0,0,0,0,1,1,0
-1.3165318340505352,-0.5444780367182193,1.0,0.0,0.0,0.0,0.0,0.0,0.0,0.0,0,0,0,0,0,0,0,0,0,1,0,0,0
-1.479387940066815,-1.0331224013585834,1.0,0.0,1.0,0.0,0.0,0.0,0.0,0.0,1,0,1,0,0,0,0,0,0,1,0,1,0
-0.7265938989915613,-1.2774445836787656,1.0,0.0,0.0,0.0,0.0,0.0,1.0,0.0,0,0,0,0,0,0,0,0,0,1,1,1,0
-0.6900343649879066,-1.2774445836787656,1.0,0.0,0.0,0.0,0.0,0.0,1.0,0.0,0,0,0,0,0,0,0,0,0,0,0,1,1
-1.479387940066815,-0.9516816739185228,0.0,0.0,1.0,1.0,0.0,0.0,0.0,1.0,1,0,1,0,0,0,0,0,0,0,0,1,0
-1.0140847800203006,-1.1960038562387048,0.0,0.0,0.0,0.0,0.0,0.0,0.0,1.0,0,0,0,0,1,0,0,1,0,0,1,0,0
-0.2081132349397309,-0.9516816739185228,0.0,0.0,0.0,0.0,0.0,0.0,0.0,1.0,0,1,0,0,1,0,1,1,1,0,1,0,0
-0.29785027294870164,-1.1145631287986442,0.0,0.0,0.0,0.0,0.0,1.0,0.0,0.0,0,0,0,0,1,0,1,0,0,0,0,1,0
0.8022593411612722,0.9621754209229036,0.0,1.0,0.0,1.0,0.0,0.0,0.0,0.0,1,1,1,0,0,0,0,0,1,0,0,1,0
-0.23636378394255506,-0.5851984004382496,0.0,0.0,0.0,0.0,0.0,0.0,0.0,1.0,0,0,1,1,1,0,0,0,0,0,0,1,0
1.044881703185526,0.6771328748826912,1.0,1.0,0.0,0.0,0.0,0.0,1.0,0.0,0,1,0,1,0,0,0,0,1,1,1,1,1
0.47820892612887816,1.5322605130033284,1.0,0.0,0.0,0.0,1.0,0.0,0.0,1.0,1,0,0,1,1,1,1,1,1,0,0,1,0
1.438727592224897,1.6137012404433893,0.0,1.0,0.0,0.0,1.0,1.0,0.0,0.0,0,1,0,1,0,1,1,1,1,1,0,1,0
0.32033821111309646,-1.0738427650786138,0.0,1.0,0.0,0.0,0.0,0.0,1.0,0.0,0,0,0,0,0,0,1,0,0,0,1,1,1
0.9983513871808745,-0.62591876415828,1.0,1.0,0.0,0.0,0.0,0.0,1.0,0.0,1,1,0,1,0,0,0,0,1,1,0,1,1
-0.626886078981594,-0.13727439951791576,1.0,0.0,0.0,0.0,0.0,0.0,1.0,0.0,1,1,0,0,0,0,0,0,1,1,0,0,0
1.3473287572157604,-1.0738427650786138,0.0,1.0,0.0,0.0,0.0,0.0,1.0,0.0,1,1,0,1,0,1,1,0,1,1,1,1,0
1.2575917192067896,1.247217966963116,1.0,1.0,0.0,0.0,1.0,0.0,1.0,0.0,1,1,0,1,0,0,1,0,1,0,0,1,0
0.3020584441112687,-0.6666391278783103,1.0,1.0,0.0,0.0,0.0,0.0,0.0,0.0,1,0,0,1,0,0,0,0,0,1,1,1,0
-0.11339080593026184,1.0843365120829946,1.0,0.0,0.0,1.0,0.0,0.0,0.0,0.0,0,1,0,0,0,0,1,0,0,1,0,1,0
-0.23968737794288733,-1.1960038562387048,0.0,0.0,0.0,0.0,0.0,0.0,1.0,0.0,0,0,0,0,0,0,1,0,1,0,0,1,0
-1.1802644800369129,-0.9924020376385531,0.0,0.0,0.0,0.0,0.0,0.0,0.0,1.0,0,0,0,0,0,1,0,0,0,1,0,0,0
0.6576830021468192,-1.0331224013585834,0.0,1.0,0.0,0.0,0.0,0.0,1.0,0.0,1,1,0,1,0,0,0,0,0,1,1,1,1
-1.5009913010689746,1.4508197855632678,0.0,0.0,1.0,0.0,1.0,1.0,0.0,0.0,0,0,0,0,0,0,0,0,0,0,0,1,0
1.5617005702371902,1.4508197855632678,0.0,1.0,0.0,0.0,1.0,1.0,0.0,0.0,1,1,1,1,1,0,1,1,1,0,0,1,0
1.3872118852197473,0.7992939660427822,0.0,1.0,0.0,1.0,0.0,0.0,1.0,0.0,1,1,0,1,0,1,1,0,1,1,0,1,1
1.4270950132237343,1.6137012404433893,1.0,1.0,0.0,0.0,1.0,1.0,0.0,0.0,1,1,1,1,1,1,0,1,1,1,0,1,0
-1.5109620830699715,-0.015113308357824713,0.0,0.0,1.0,1.0,0.0,0.0,0.0,1.0,1,0,0,0,0,0,0,0,0,0,0,1,0
-1.4860351280674797,1.6137012404433893,0.0,0.0,1.0,0.0,1.0,0.0,0.0,0.0,1,0,0,0,0,0,0,0,0,0,0,1,0
0.1724382780983114,-1.2774445836787656,1.0,1.0,0.0,0.0,0.0,1.0,0.0,0.0,1,0,1,0,0,0,0,0,0,1,0,1,0
-0.035286346922454,0.3920903288424788,1.0,0.0,0.0,1.0,0.0,1.0,0.0,0.0,1,1,1,0,1,0,0,1,0,0,0,1,0
-1.329826210051864,-0.30015585439803716,0.0,0.0,1.0,0.0,1.0,1.0,0.0,0.0,0,0,0,1,0,0,0,0,0,0,1,1,0
-0.4607063789649817,0.5142514200025698,1.0,0.0,0.0,0.0,0.0,0.0,0.0,0.0,0,0,0,0,1,0,0,0,0,1,0,1,0
-0.14496494893341827,0.43281069256250915,0.0,0.0,0.0,1.0,0.0,1.0,0.0,0.0,1,1,1,0,1,0,1,1,1,1,0,0,0
0.4815325201292102,0.18848851024232702,1.0,0.0,0.0,1.0,0.0,0.0,0.0,1.0,1,1,0,1,1,0,1,0,1,0,0,1,0
0.6992279271509723,-0.5037576729981889,0.0,1.0,0.0,0.0,0.0,1.0,0.0,0.0,0,1,0,1,0,0,0,0,0,1,1,1,1
-1.3397969920528607,-1.1552834925186746,0.0,0.0,0.0,0.0,0.0,0.0,1.0,0.0,0,0,0,0,0,0,0,0,0,1,1,0,0
1.506861269231708,1.247217966963116,1.0,1.0,0.0,0.0,1.0,1.0,0.0,0.0,1,1,0,0,1,1,1,1,1,1,0,1,0
0.8620840331672525,-1.1960038562387048,1.0,1.0,0.0,0.0,0.0,0.0,0.0,1.0,0,1,0,0,0,0,0,0,1,0,0,1,0
-1.3115464430500368,1.369379058123207,1.0,0.0,1.0,0.0,1.0,1.0,0.0,0.0,1,0,1,1,0,0,0,0,0,1,0,1,0
1.3606231332170895,-0.1779947632379461,1.0,1.0,0.0,0.0,0.0,0.0,1.0,0.0,0,1,0,1,0,1,1,0,1,1,1,1,0
0.6792863631489789,-0.9924020376385531,0.0,1.0,0.0,0.0,0.0,0.0,1.0,0.0,0,1,0,1,0,0,0,0,0,0,0,1,1
-1.343120586053193,1.5729808767233588,1.0,0.0,1.0,0.0,1.0,0.0,0.0,1.0,0,0,1,1,0,0,0,0,0,0,0,1,0
-1.3464441800535252,-1.2774445836787656,1.0,0.0,0.0,0.0,0.0,0.0,1.0,0.0,0,0,0,0,0,0,0,0,0,1,1,0,0
-1.3181936310507012,1.6137012404433893,0.0,0.0,1.0,0.0,1.0,0.0,0.0,0.0,1,0,1,1,0,0,0,0,0,0,0,1,0
-0.3393951979528547,-0.6666391278783103,1.0,0.0,0.0,0.0,0.0,0.0,0.0,0.0,1,0,0,0,1,1,0,0,0,1,0,1,1
1.0581760791868549,1.369379058123207,1.0,1.0,0.0,0.0,1.0,0.0,0.0,1.0,1,0,0,1,1,1,1,1,0,0,0,1,0
0.39013368512007346,-0.8702409464784621,0.0,1.0,0.0,0.0,0.0,0.0,1.0,0.0,0,0,0,1,0,0,0,0,0,1,1,1,0
0.544680806135523,0.758573602322752,1.0,0.0,0.0,1.0,0.0,1.0,0.0,0.0,0,0,0,1,1,1,1,1,1,1,0,1,0
-0.8728320350061801,-0.9924020376385531,0.0,0.0,0.0,0.0,0.0,0.0,1.0,0.0,0,1,1,0,1,0,0,0,0,1,0,0,0
0.9352031011745621,-0.748079855318371,1.0,1.0,0.0,0.0,0.0,0.0,1.0,0.0,0,1,0,0,0,0,0,0,1,1,0,1,0
0.9551446651765553,-1.1552834925186746,0.0,1.0,0.0,0.0,0.0,0.0,1.0,0.0,0,1,0,1,0,1,0,1,0,1,1,1,0
0.6626683931473177,1.5322605130033284,0.0,0.0,0.0,0.0,1.0,0.0,0.0,1.0,0,1,0,1,1,1,1,0,1,0,0,1,0
0.04115631508518757,1.5322605130033284,0.0,0.0,0.0,0.0,1.0,0.0,1.0,0.0,0,0,1,1,1,1,0,1,0,0,0,1,0
1.221032185203135,0.880734693482843,0.0,1.0,0.0,1.0,0.0,1.0,0.0,0.0,1,1,0,1,0,1,0,0,1,1,1,1,1
0.33695618111475767,-0.1779947632379461,1.0,1.0,0.0,0.0,0.0,0.0,0.0,0.0,0,0,1,0,1,0,0,0,0,1,1,1,0
-1.462769970065154,-0.3408762181180675,1.0,0.0,1.0,0.0,1.0,0.0,0.0,1.0,0,0,0,0,0,0,0,0,0,0,0,1,0
-0.11006721192992953,1.4915401492832983,0.0,0.0,0.0,0.0,1.0,1.0,0.0,0.0,1,1,0,0,0,1,0,0,0,1,0,1,0
-0.3410569949530208,0.3920903288424788,1.0,0.0,0.0,0.0,0.0,0.0,0.0,1.0,1,0,1,0,1,1,0,0,0,0,0,1,0
0.16080569909714826,-1.2367242199587352,0.0,1.0,0.0,0.0,0.0,0.0,1.0,0.0,0,0,0,0,0,0,0,0,0,1,1,1,1
1.1628692901973208,0.26992923768238775,0.0,1.0,0.0,0.0,0.0,0.0,1.0,0.0,0,1,0,1,0,0,1,0,1,1,0,1,1
1.4952286902305454,0.5142514200025698,1.0,1.0,0.0,0.0,1.0,0.0,0.0,0.0,1,1,1,1,0,1,1,1,1,1,0,1,0
0.534710024134526,1.6137012404433893,1.0,0.0,0.0,0.0,1.0,0.0,0.0,0.0,1,0,1,1,1,1,1,1,1,1,0,1,0
-1.477726143066649,0.22920887396235737,0.0,0.0,1.0,0.0,1.0,0.0,0.0,1.0,0,0,0,0,0,0,0,0,0,0,0,1,0
0.10098100709116792,1.6137012404433893,1.0,0.0,0.0,0.0,1.0,0.0,0.0,0.0,1,0,0,1,1,1,1,1,0,1,0,1,0
-1.3530913680541898,-1.2774445836787656,1.0,0.0,1.0,0.0,0.0,0.0,0.0,1.0,0,0,0,1,0,0,0,0,0,1,1,1,0
-1.4943441130683104,1.6137012404433893,1.0,0.0,1.0,0.0,1.0,1.0,0.0,0.0,1,0,1,0,0,0,0,0,0,1,0,1,0
-1.2982520670487077,0.9214550572028734,1.0,0.0,1.0,0.0,1.0,0.0,0.0,0.0,1,0,0,1,0,0,0,0,0,0,0,1,0
-0.28621769394753876,0.758573602322752,0.0,0.0,0.0,1.0,0.0,0.0,1.0,0.0,1,1,1,0,0,0,1,1,1,1,0,0,0
0.7291402731539627,1.247217966963116,1.0,0.0,0.0,0.0,1.0,0.0,0.0,0.0,0,1,0,0,1,1,1,1,1,1,0,1,0
-1.4744025490663168,-1.2774445836787656,0.0,0.0,1.0,0.0,0.0,0.0,0.0,1.0,0,0,0,0,0,0,0,0,0,0,0,1,0
-1.4993295040688086,-0.38159658183809786,0.0,0.0,1.0,0.0,1.0,0.0,0.0,1.0,1,0,1,0,0,0,0,0,0,1,0,1,0
-0.47233895796614456,-1.2774445836787656,0.0,0.0,0.0,0.0,0.0,0.0,1.0,0.0,0,0,0,0,0,1,0,0,0,0,1,1,0
-0.34604238595351905,-1.2367242199587352,0.0,0.0,0.0,0.0,0.0,0.0,0.0,1.0,0,0,0,1,0,0,0,1,0,1,0,1,0
1.440389389225063,0.7992939660427822,0.0,1.0,0.0,0.0,0.0,1.0,0.0,0.0,0,1,0,1,1,1,1,0,1,0,0,1,1
-0.3427187919531868,0.14776814652229667,0.0,0.0,0.0,1.0,0.0,0.0,0.0,1.0,0,0,0,1,1,0,0,0,0,0,0,1,0
-0.6451658459834212,-1.2774445836787656,0.0,0.0,0.0,0.0,0.0,0.0,0.0,1.0,0,0,0,0,0,0,0,0,0,0,0,1,0
-0.19149526493806968,-0.1779947632379461,0.0,0.0,0.0,1.0,0.0,0.0,0.0,1.0,0,0,0,1,1,0,1,0,0,0,0,1,0
0.15582030809665018,-1.0331224013585834,0.0,0.0,0.0,1.0,0.0,0.0,1.0,0.0,1,0,1,0,1,1,1,0,1,0,0,1,0
1.1894580421999785,-0.748079855318371,1.0,1.0,0.0,0.0,0.0,0.0,1.0,0.0,0,1,0,1,0,1,0,0,1,1,1,1,0
0.006258578081699082,1.6137012404433893,1.0,0.0,0.0,0.0,1.0,1.0,0.0,0.0,1,1,0,0,1,1,1,1,1,1,0,0,1
-1.4710789550659844,-1.2774445836787656,0.0,0.0,1.0,0.0,0.0,0.0,0.0,1.0,1,0,1,0,0,0,0,0,0,1,1,1,0
-1.5259182560714666,-0.9109613101984924,0.0,0.0,1.0,0.0,0.0,0.0,0.0,1.0,0,0,0,0,0,0,0,0,0,0,0,1,0
-1.4943441130683104,0.3920903288424788,1.0,0.0,1.0,1.0,0.0,0.0,0.0,0.0,0,0,0,0,0,0,0,0,0,0,0,1,0
-1.3198554280508674,-1.0331224013585834,0.0,0.0,0.0,0.0,0.0,0.0,0.0,0.0,0,0,0,0,0,0,0,0,0,0,0,0,0
0.33363258711442517,-1.1552834925186746,1.0,1.0,0.0,0.0,0.0,0.0,0.0,0.0,0,0,0,0,0,0,1,0,0,1,1,1,0
1.6464522172456624,1.6137012404433893,1.0,1.0,0.0,0.0,1.0,1.0,0.0,0.0,1,1,1,1,1,1,1,1,1,1,0,1,0
-1.3397969920528607,-0.5037576729981889,0.0,0.0,0.0,0.0,0.0,0.0,1.0,0.0,1,0,0,0,0,0,0,0,0,1,1,0,0
1.476948923228718,1.247217966963116,1.0,1.0,0.0,0.0,1.0,1.0,0.0,0.0,0,1,0,0,1,1,1,1,1,0,0,1,0
-0.6551366279844181,0.9621754209229036,0.0,0.0,0.0,0.0,1.0,0.0,0.0,0.0,0,0,0,0,1,1,1,1,0,0,0,0,0
-0.4573827849646494,-1.1145631287986442,0.0,0.0,0.0,0.0,0.0,0.0,0.0,1.0,0,0,1,0,0,0,0,1,0,1,0,1,0
1.5184938482328711,1.6137012404433893,0.0,1.0,0.0,0.0,1.0,0.0,0.0,0.0,1,1,0,1,0,1,1,1,1,1,0,1,0
0.6610065961471517,1.4508197855632678,1.0,1.0,0.0,0.0,0.0,0.0,1.0,0.0,1,0,1,1,0,1,1,0,0,1,0,1,1
-0.15659752793458118,1.4100994218432374,1.0,0.0,0.0,1.0,0.0,0.0,0.0,1.0,1,0,1,0,1,1,0,1,0,0,0,1,0
-0.6684310039857471,-0.9924020376385531,1.0,0.0,0.0,0.0,0.0,0.0,0.0,0.0,1,0,1,0,0,0,0,0,0,0,0,1,0
0.9468356801757247,0.7992939660427822,1.0,1.0,0.0,0.0,0.0,0.0,0.0,0.0,1,1,1,1,0,1,0,1,0,1,0,1,0
-1.479387940066815,-0.5851984004382496,0.0,0.0,1.0,0.0,0.0,0.0,0.0,1.0,1,0,1,0,0,0,0,0,0,1,0,1,0
-1.3065610520495383,1.0843365120829946,0.0,0.0,1.0,0.0,1.0,0.0,0.0,1.0,1,0,1,1,0,0,0,0,0,0,0,1,0
-1.4677553610656522,1.125056875803025,0.0,0.0,1.0,0.0,1.0,0.0,0.0,1.0,0,0,0,0,0,0,0,0,0,0,0,1,0
0.9750862291785486,-1.0331224013585834,1.0,1.0,0.0,0.0,0.0,0.0,1.0,0.0,0,1,0,1,0,0,0,0,1,1,0,1,0
-0.9958050130184734,1.0843365120829946,1.0,0.0,0.0,1.0,0.0,0.0,0.0,1.0,1,0,1,0,1,0,1,0,0,0,0,0,0
-0.13333236993225536,0.5549717837226001,1.0,0.0,0.0,0.0,1.0,0.0,0.0,0.0,0,1,0,0,1,0,1,1,1,1,0,0,0
-0.44575020596348647,-1.1145631287986442,1.0,0.0,0.0,0.0,0.0,0.0,1.0,0.0,0,0,0,0,0,1,0,0,0,1,0,1,0
-0.023653767921291324,1.0843365120829946,1.0,0.0,0.0,0.0,1.0,1.0,0.0,0.0,1,1,0,0,1,0,1,1,1,1,0,0,1
0.6659919871476498,1.5322605130033284,0.0,0.0,0.0,0.0,1.0,0.0,0.0,0.0,1,1,0,1,0,1,1,1,1,1,0,1,0
0.2073360151017999,-0.748079855318371,0.0,1.0,0.0,0.0,0.0,1.0,0.0,0.0,0,0,0,0,0,0,0,0,0,1,1,1,0
-0.4856333339674735,0.47353105628253944,0.0,0.0,0.0,0.0,0.0,0.0,0.0,1.0,0,0,0,1,0,0,0,0,0,1,0,1,0
0.9917041991802098,1.2879383306831464,0.0,1.0,0.0,0.0,1.0,1.0,0.0,0.0,1,0,0,1,1,0,1,0,1,1,0,1,0
-0.16656830993557784,1.0436161483629645,0.0,0.0,0.0,0.0,1.0,0.0,0.0,1.0,1,1,1,0,1,0,1,1,1,0,0,0,0
1.1794872601989819,0.5549717837226001,0.0,1.0,0.0,1.0,0.0,0.0,1.0,0.0,1,1,0,1,0,0,0,1,1,0,0,1,1
1.1346187411944968,1.0436161483629645,1.0,1.0,0.0,0.0,0.0,0.0,1.0,0.0,1,1,0,1,0,1,0,0,1,1,0,1,1
1.0947356131905097,1.6137012404433893,0.0,1.0,0.0,0.0,1.0,1.0,0.0,0.0,1,1,0,1,0,1,0,0,1,1,0,1,0
-0.8130073430001998,-0.0965540357978854,0.0,0.0,0.0,0.0,0.0,0.0,1.0,0.0,0,0,0,0,0,0,1,0,1,1,1,0,1
-0.1499503399339166,-0.8702409464784621,1.0,0.0,0.0,0.0,0.0,0.0,0.0,0.0,0,0,0,1,1,1,0,0,0,0,0,1,1
-0.28289409994720643,0.06632741908223598,0.0,0.0,0.0,0.0,0.0,0.0,1.0,0.0,0,1,0,0,0,1,1,0,1,1,0,0,1
-0.6169152969805971,0.880734693482843,1.0,0.0,0.0,0.0,1.0,0.0,0.0,0.0,0,1,0,0,1,1,0,0,0,0,0,0,0
-0.47067716096597834,-1.1960038562387048,0.0,0.0,0.0,0.0,0.0,0.0,1.0,0.0,0,1,0,0,0,1,0,0,1,1,1,0,0
-1.3248408190513656,1.6137012404433893,0.0,0.0,1.0,0.0,1.0,0.0,0.0,1.0,1,0,1,1,0,0,0,0,0,0,0,1,0
0.6676537841478158,0.3106496014024181,0.0,1.0,0.0,0.0,0.0,0.0,1.0,0.0,1,0,1,1,0,0,1,1,0,1,1,1,0
0.03118553308419093,-1.2367242199587352,0.0,0.0,0.0,0.0,0.0,0.0,0.0,1.0,1,1,1,0,0,0,0,0,1,0,1,1,0
-0.046918925923616905,0.880734693482843,1.0,0.0,0.0,0.0,1.0,1.0,0.0,0.0,1,1,1,1,0,0,1,0,0,0,0,1,0
-0.48729513096763954,-0.748079855318371,0.0,0.0,0.0,0.0,0.0,0.0,0.0,0.0,0,0,0,0,1,0,0,0,0,0,0,1,0
0.19071804510013865,-1.2774445836787656,0.0,1.0,0.0,0.0,0.0,0.0,1.0,0.0,0,0,0,0,0,0,0,0,0,0,1,1,0
1.0000131841810405,-0.9109613101984924,0.0,1.0,0.0,0.0,0.0,0.0,1.0,0.0,0,1,0,1,0,1,1,0,0,1,1,1,0
-0.4856333339674735,-1.2774445836787656,0.0,0.0,0.0,0.0,0.0,0.0,1.0,0.0,0,0,0,0,1,0,0,0,0,0,0,1,0
-1.4960059100684764,-1.2774445836787656,1.0,0.0,1.0,0.0,0.0,0.0,0.0,1.0,0,0,0,0,0,0,0,0,0,0,1,1,0
-0.003712203919297562,0.9621754209229036,1.0,0.0,0.0,1.0,0.0,0.0,0.0,0.0,0,0,0,1,1,1,0,1,0,1,0,1,0
0.4931650991303729,1.4508197855632678,0.0,0.0,0.0,0.0,1.0,0.0,0.0,0.0,1,1,0,0,1,1,0,1,1,1,0,1,0
-1.504314895069307,-0.748079855318371,0.0,0.0,1.0,1.0,0.0,0.0,0.0,1.0,1,0,1,0,0,0,0,0,0,1,0,1,0
1.156222102196656,1.4508197855632678,1.0,1.0,0.0,0.0,1.0,0.0,1.0,0.0,1,1,1,0,1,0,0,1,1,1,0,1,0
0.3070438351117673,0.9214550572028734,1.0,1.0,0.0,0.0,0.0,0.0,1.0,0.0,1,0,0,1,0,0,0,0,0,1,0,1,1
-0.8595376590048512,-0.6666391278783103,0.0,0.0,0.0,0.0,0.0,0.0,1.0,0.0,0,0,0,0,1,0,0,0,1,1,0,0,0
0.4915033021302069,-0.9516816739185228,1.0,1.0,0.0,0.0,0.0,0.0,1.0,0.0,0,1,0,0,0,0,0,0,0,1,0,1,1
0.022876548083360315,-0.748079855318371,1.0,0.0,0.0,0.0,0.0,0.0,1.0,0.0,1,0,1,0,1,1,0,0,1,1,1,1,0
1.1279715531938321,1.0436161483629645,1.0,1.0,0.0,0.0,0.0,0.0,1.0,0.0,1,1,0,1,0,0,1,0,1,1,1,1,1
-0.613591702980265,0.8400143297628127,1.0,0.0,0.0,0.0,0.0,0.0,0.0,0.0,0,1,0,0,1,1,0,0,0,1,0,0,0
1.1495749141959914,1.5322605130033284,1.0,1.0,0.0,0.0,1.0,1.0,0.0,0.0,1,0,0,1,1,1,1,0,1,1,0,1,0
1.0315873271841969,-0.748079855318371,0.0,1.0,0.0,0.0,0.0,0.0,1.0,0.0,1,1,1,1,0,0,0,0,1,1,0,1,1
0.09101022509017127,-0.4223169455581282,1.0,0.0,0.0,1.0,0.0,0.0,0.0,0.0,1,0,1,0,1,0,1,1,1,1,1,1,0
0.4449729861255557,-0.9109613101984924,0.0,1.0,0.0,0.0,0.0,1.0,0.0,0.0,1,0,0,1,1,0,0,0,0,1,0,1,0
-1.2849576910473786,-0.13727439951791576,0.0,0.0,1.0,0.0,1.0,0.0,0.0,1.0,1,0,1,1,0,0,0,0,0,0,0,1,0
0.16080569909714826,-1.2774445836787656,0.0,1.0,0.0,0.0,0.0,0.0,1.0,0.0,0,0,0,0,0,0,0,0,0,1,1,1,0
0.6510358141461546,0.6771328748826912,1.0,0.0,0.0,1.0,0.0,0.0,1.0,0.0,1,1,0,1,1,0,1,1,1,0,1,1,0
1.1778254631988159,1.4508197855632678,0.0,1.0,0.0,0.0,0.0,0.0,1.0,0.0,1,1,0,1,0,1,0,0,1,1,1,1,1
0.44164939212522314,-1.2774445836787656,0.0,1.0,0.0,0.0,0.0,0.0,1.0,0.0,0,0,0,0,0,0,0,0,1,0,1,1,0
-0.8113455460000336,-0.0965540357978854,0.0,0.0,0.0,1.0,0.0,1.0,0.0,0.0,0,1,0,0,0,0,0,1,0,1,0,0,0
0.47987072312904416,1.6137012404433893,0.0,0.0,0.0,0.0,1.0,1.0,0.0,0.0,1,0,0,1,1,1,1,1,1,0,0,1,0
-1.4577845790646555,-0.9109613101984924,0.0,0.0,1.0,0.0,0.0,0.0,0.0,1.0,0,0,0,0,0,0,0,0,0,1,0,1,0
0.2937494591104381,-1.0331224013585834,1.0,1.0,0.0,0.0,0.0,0.0,1.0,0.0,0,0,0,1,0,0,0,0,0,0,1,1,0
0.3319707901142591,-0.9516816739185228,0.0,1.0,0.0,0.0,0.0,0.0,1.0,0.0,0,0,0,1,0,0,0,0,0,1,1,1,0
-0.49394231896830415,-1.2774445836787656,0.0,0.0,0.0,0.0,0.0,0.0,0.0,1.0,0,0,1,0,1,0,0,0,0,0,0,1,0
0.13754054109482292,-0.5037576729981889,0.0,0.0,0.0,0.0,0.0,1.0,0.0,0.0,0,1,0,1,0,1,0,1,0,1,0,1,0
-1.479387940066815,-1.2774445836787656,0.0,0.0,1.0,0.0,0.0,0.0,0.0,1.0,0,0,0,0,0,0,0,0,0,1,0,1,0
0.3735157151184122,-0.13727439951791576,0.0,1.0,0.0,0.0,0.0,1.0,0.0,0.0,0,0,0,1,0,0,0,0,0,1,0,1,0
0.3070438351117673,-1.2774445836787656,1.0,1.0,0.0,0.0,0.0,0.0,1.0,0.0,0,0,0,0,0,0,0,1,0,0,0,1,0
0.5829021371393436,-1.1960038562387048,1.0,1.0,0.0,0.0,0.0,0.0,0.0,1.0,0,0,0,0,1,0,0,1,0,1,0,1,0
0.8188773111629334,-0.5037576729981889,0.0,1.0,0.0,0.0,0.0,0.0,0.0,0.0,0,0,0,0,1,0,1,0,1,1,0,1,0
1.1429277261953275,1.2879383306831464,1.0,1.0,0.0,0.0,0.0,1.0,0.0,0.0,0,1,1,0,0,1,0,1,1,1,0,1,0
-1.481049737066981,-1.2774445836787656,1.0,0.0,1.0,0.0,0.0,0.0,0.0,1.0,0,0,0,0,0,0,0,0,0,1,1,1,0
-1.1736172920362484,-1.0738427650786138,0.0,0.0,0.0,0.0,0.0,0.0,0.0,0.0,0,0,0,0,1,0,0,0,0,0,0,0,0
-1.4943441130683104,0.7178532386027215,1.0,0.0,1.0,0.0,1.0,0.0,1.0,0.0,1,0,0,0,0,0,0,0,0,0,0,1,0
-0.18650987393757135,-1.0738427650786138,1.0,0.0,0.0,0.0,0.0,0.0,0.0,0.0,0,1,0,0,1,0,0,0,0,1,0,1,0
-0.6651074099854147,-1.0331224013585834,1.0,0.0,0.0,0.0,0.0,0.0,1.0,0.0,1,0,1,0,0,0,0,0,0,0,0,1,0
0.8654076271675846,1.6137012404433893,1.0,1.0,0.0,0.0,1.0,1.0,0.0,0.0,1,1,1,1,0,0,1,0,0,1,0,1,0
-0.5055748979694671,-0.9924020376385531,1.0,0.0,0.0,0.0,0.0,0.0,0.0,0.0,1,0,0,0,0,1,0,0,0,1,0,1,0
1.393859073220412,1.4100994218432374,0.0,1.0,0.0,0.0,1.0,1.0,0.0,0.0,1,1,1,1,1,0,0,1,1,0,0,1,0
0.9568064621767214,-0.3408762181180675,0.0,1.0,0.0,0.0,0.0,0.0,1.0,0.0,1,1,0,1,0,0,0,0,1,1,1,1,1
0.9867188081797118,1.6137012404433893,0.0,1.0,0.0,0.0,1.0,1.0,0.0,0.0,1,1,0,1,1,1,0,0,0,1,0,1,0
-1.505976692069473,0.025607055362205634,1.0,0.0,1.0,1.0,0.0,0.0,0.0,0.0,1,0,1,0,0,0,0,0,0,1,0,1,0
-1.3198554280508674,-1.2367242199587352,1.0,0.0,0.0,0.0,0.0,0.0,1.0,0.0,0,0,0,0,0,0,0,0,0,1,1,0,0
0.10596639809166647,1.5322605130033284,1.0,0.0,0.0,0.0,1.0,0.0,0.0,1.0,1,1,0,0,1,1,0,1,0,0,0,1,0
0.016229360082695727,-0.4223169455581282,0.0,0.0,0.0,1.0,0.0,0.0,0.0,0.0,0,0,0,0,0,1,1,0,1,0,0,1,0
1.1528985081963241,1.0843365120829946,0.0,1.0,0.0,0.0,0.0,0.0,0.0,0.0,0,1,0,1,1,1,1,0,0,1,0,1,0
-1.4760643460664828,0.14776814652229667,1.0,0.0,1.0,1.0,0.0,1.0,0.0,0.0,0,0,0,0,0,0,0,0,0,1,0,1,0
-1.4893587220678117,0.758573602322752,0.0,0.0,1.0,0.0,1.0,0.0,0.0,1.0,1,0,1,0,0,0,0,0,0,0,0,1,0
0.4200460311230638,0.8400143297628127,1.0,0.0,0.0,1.0,0.0,0.0,0.0,0.0,1,0,0,1,1,0,1,1,1,0,0,1,0
-1.4976677070686424,-0.5037576729981889,0.0,0.0,1.0,1.0,0.0,0.0,0.0,0.0,1,0,1,0,0,0,0,0,0,0,0,1,0
1.1612074931971548,1.247217966963116,1.0,1.0,0.0,0.0,1.0,1.0,0.0,0.0,1,1,0,0,1,0,1,0,1,0,0,1,0
0.33363258711442517,0.3106496014024181,0.0,1.0,0.0,0.0,0.0,1.0,0.0,0.0,0,0,0,0,0,1,0,0,0,0,0,1,0
-1.51594747407047,0.10704778280226633,1.0,0.0,1.0,1.0,0.0,0.0,0.0,1.0,0,0,0,0,0,0,0,0,0,1,0,1,0
0.47156173812821356,-0.2594354906780068,1.0,1.0,0.0,1.0,0.0,0.0,0.0,0.0,1,1,1,0,0,0,0,0,0,0,0,1,0
1.0232783421833662,-0.21871512695797646,1.0,1.0,0.0,0.0,0.0,0.0,1.0,0.0,1,1,0,1,0,1,1,0,0,1,1,1,1
-0.06353689592527814,0.8400143297628127,1.0,0.0,0.0,1.0,0.0,1.0,0.0,0.0,0,0,1,0,1,1,0,1,0,0,0,1,0
0.22561578210362715,0.06632741908223598,1.0,1.0,0.0,0.0,0.0,1.0,0.0,0.0,1,0,0,0,0,0,0,0,0,0,0,1,1
1.003336778181373,-0.5444780367182193,0.0,1.0,0.0,0.0,0.0,0.0,1.0,0.0,1,1,0,1,0,0,0,0,1,1,0,1,1
0.7091987091519689,0.43281069256250915,1.0,1.0,0.0,0.0,0.0,1.0,0.0,0.0,1,0,0,0,1,1,1,0,0,1,0,1,0
-1.502653098069141,-1.0738427650786138,1.0,0.0,1.0,0.0,0.0,0.0,0.0,1.0,1,0,1,0,0,0,0,0,0,0,0,1,0
-1.328164413051698,0.9621754209229036,1.0,0.0,1.0,0.0,1.0,0.0,0.0,1.0,0,0,1,1,0,0,0,0,0,1,0,1,0
-0.8462432830035223,1.002895784642934,1.0,0.0,0.0,0.0,0.0,0.0,1.0,0.0,0,0,0,0,0,1,0,0,1,1,1,0,0
0.641065032145158,0.06632741908223598,1.0,1.0,0.0,0.0,0.0,0.0,0.0,1.0,1,0,1,0,0,0,1,0,1,1,0,1,0
-0.9476129000136557,-0.9109613101984924,0.0,0.0,0.0,0.0,0.0,0.0,1.0,0.0,0,0,0,0,0,1,0,1,0,0,0,0,0
-1.479387940066815,-1.2774445836787656,0.0,0.0,1.0,0.0,0.0,0.0,0.0,1.0,0,0,0,0,0,0,0,0,0,1,1,1,0
-1.3580767590546883,-0.7888002190384014,0.0,0.0,0.0,0.0,0.0,0.0,1.0,0.0,0,0,0,0,0,0,0,0,0,1,1,0,0
1.1246479591934997,0.9621754209229036,1.0,1.0,0.0,0.0,0.0,0.0,1.0,0.0,0,1,0,1,0,1,0,0,1,0,0,1,0
1.2924894562102784,0.9214550572028734,0.0,1.0,0.0,0.0,0.0,1.0,0.0,0.0,1,1,0,1,0,1,1,0,1,1,0,1,0
0.9352031011745621,0.14776814652229667,0.0,0.0,0.0,0.0,1.0,1.0,0.0,0.0,1,1,1,1,1,1,1,1,1,1,0,1,0
-1.491020519067978,0.5956921474426305,1.0,0.0,1.0,1.0,0.0,0.0,0.0,0.0,1,0,0,0,0,0,0,0,0,0,0,1,0
-1.4843733310673135,-0.8295205827584317,0.0,0.0,1.0,0.0,0.0,1.0,0.0,0.0,1,0,1,0,0,0,0,0,0,1,0,1,0
0.6875953481498096,-1.2774445836787656,0.0,1.0,0.0,0.0,0.0,0.0,1.0,0.0,0,0,0,0,0,0,1,0,1,1,1,1,0
0.5230774451333633,-0.3408762181180675,1.0,1.0,0.0,0.0,0.0,0.0,1.0,0.0,0,0,0,1,0,1,0,0,0,1,0,1,1
1.1678546811978192,1.247217966963116,0.0,1.0,0.0,1.0,0.0,0.0,0.0,0.0,0,1,0,1,0,1,0,0,1,0,1,1,0
-0.8279635160016948,0.10704778280226633,0.0,0.0,0.0,0.0,0.0,0.0,1.0,0.0,0,0,0,0,0,0,1,0,1,1,0,0,1
-0.14164135493308597,1.4100994218432374,0.0,0.0,0.0,1.0,0.0,1.0,0.0,0.0,0,0,0,0,1,1,0,1,0,0,0,1,0
0.6659919871476498,-0.30015585439803716,1.0,1.0,0.0,0.0,0.0,0.0,1.0,0.0,0,1,0,1,0,0,0,0,0,1,1,1,0
1.2991366442109427,-0.46303730927815856,1.0,1.0,0.0,0.0,0.0,0.0,0.0,1.0,0,1,0,1,1,0,1,0,1,0,0,1,0
0.10098100709116792,-0.7888002190384014,0.0,0.0,0.0,0.0,0.0,0.0,0.0,0.0,0,1,0,0,1,1,0,1,0,0,0,1,0
0.3469269631157543,0.10704778280226633,1.0,1.0,0.0,0.0,0.0,0.0,1.0,0.0,1,0,0,1,0,0,0,0,0,1,1,1,0
-1.3265026160515319,1.5729808767233588,1.0,0.0,1.0,0.0,1.0,0.0,0.0,0.0,1,0,0,1,0,0,0,0,0,0,0,1,1
-1.5093002860698053,-0.13727439951791576,0.0,0.0,1.0,0.0,0.0,1.0,0.0,0.0,0,0,0,0,0,0,0,0,0,0,0,1,0
-0.5122220859701314,1.5729808767233588,1.0,0.0,0.0,0.0,1.0,0.0,1.0,0.0,1,1,0,0,0,1,0,0,1,0,1,0,0
0.8055829351616043,-1.0331224013585834,1.0,1.0,0.0,0.0,0.0,0.0,1.0,0.0,1,1,0,0,0,0,0,0,1,1,0,1,1
-0.3244390249513595,1.002895784642934,0.0,0.0,0.0,0.0,0.0,0.0,1.0,0.0,0,1,0,0,0,1,1,0,1,1,0,0,1
0.37850110611891075,1.3286586944031769,1.0,0.0,0.0,0.0,1.0,0.0,0.0,0.0,1,1,0,1,1,0,1,1,0,0,0,1,0
-1.477726143066649,-0.21871512695797646,1.0,0.0,1.0,1.0,0.0,0.0,0.0,1.0,0,0,0,0,0,0,0,0,0,0,0,1,0
0.33695618111475767,-1.0738427650786138,1.0,1.0,0.0,0.0,0.0,0.0,1.0,0.0,0,0,0,1,0,0,0,0,0,1,1,1,0
1.7478218342557958,1.6137012404433893,0.0,1.0,0.0,0.0,1.0,1.0,0.0,0.0,0,1,0,1,1,1,1,1,1,1,0,1,1
-1.4960059100684764,-1.2774445836787656,1.0,0.0,1.0,0.0,0.0,0.0,0.0,1.0,0,0,0,0,0,0,0,0,0,1,0,1,0
-0.6501512369839195,-0.8702409464784621,1.0,0.0,0.0,0.0,0.0,1.0,0.0,0.0,0,0,0,0,0,0,0,0,0,0,0,1,0
-1.3148700370503688,0.26992923768238775,1.0,0.0,1.0,0.0,1.0,0.0,0.0,1.0,1,0,1,1,0,0,0,0,0,0,0,1,0
0.830509890164096,1.0843365120829946,0.0,1.0,0.0,0.0,0.0,0.0,1.0,0.0,0,0,0,1,1,1,1,0,0,1,0,1,1
0.3402797751150897,-0.2594354906780068,1.0,0.0,0.0,1.0,0.0,0.0,0.0,0.0,0,1,0,0,1,0,0,1,1,0,0,1,0
-0.4922805219681379,-1.2367242199587352,1.0,0.0,0.0,0.0,0.0,0.0,0.0,1.0,0,0,0,0,0,0,1,0,0,0,0,1,1
0.03118553308419093,1.6137012404433893,0.0,0.0,0.0,0.0,1.0,0.0,0.0,0.0,1,1,1,0,1,1,1,1,1,0,0,0,0
0.07605405208867606,1.3286586944031769,1.0,0.0,0.0,1.0,0.0,1.0,0.0,0.0,1,0,0,1,1,1,1,0,0,0,0,1,0
1.5334500212343665,1.6137012404433893,1.0,1.0,0.0,0.0,1.0,1.0,0.0,0.0,1,1,1,1,0,1,1,1,1,0,0,1,0
0.7706851981581158,-1.0738427650786138,1.0,1.0,0.0,0.0,0.0,0.0,0.0,0.0,0,1,0,1,0,0,0,1,0,1,0,1,0
-1.4943441130683104,-0.015113308357824713,1.0,0.0,1.0,1.0,0.0,1.0,0.0,0.0,0,0,0,0,0,0,0,0,0,0,0,1,1
0.36354493311741554,0.7178532386027215,0.0,0.0,0.0,1.0,0.0,0.0,0.0,0.0,1,1,0,1,0,0,1,0,1,0,0,1,0
-0.08680205392760396,1.1657772395230555,1.0,0.0,0.0,0.0,1.0,0.0,0.0,1.0,1,1,0,0,1,0,1,1,1,1,0,0,0
1.2127232002023045,-0.7073594915983407,0.0,1.0,0.0,0.0,0.0,0.0,1.0,0.0,0,1,0,0,0,1,1,0,1,1,1,1,0
1.6747027662484868,1.6137012404433893,1.0,1.0,0.0,0.0,1.0,0.0,0.0,0.0,1,1,0,1,1,1,1,1,1,0,0,1,0
-1.5225946620711341,-0.9516816739185228,1.0,0.0,1.0,0.0,0.0,0.0,0.0,1.0,0,0,0,0,0,0,0,0,0,1,1,1,0
-1.504314895069307,-1.2774445836787656,0.0,0.0,1.0,0.0,0.0,0.0,0.0,1.0,0,0,0,0,0,0,0,0,0,0,0,1,0
0.7241548821534641,-0.8295205827584317,0.0,1.0,0.0,0.0,0.0,0.0,1.0,0.0,0,1,0,1,0,0,0,0,0,1,0,1,0
-1.2018678410390724,0.18848851024232702,0.0,0.0,0.0,0.0,0.0,1.0,0.0,0.0,0,0,0,0,0,0,0,1,0,0,1,0,0
-1.4744025490663168,1.1657772395230555,1.0,0.0,1.0,1.0,0.0,0.0,0.0,1.0,1,0,1,0,0,0,0,0,0,0,0,1,0
-1.4943441130683104,-0.5851984004382496,1.0,0.0,1.0,1.0,0.0,0.0,0.0,0.0,1,0,1,0,0,0,0,0,0,0,0,1,0
-0.6351950639824246,-0.46303730927815856,1.0,0.0,0.0,0.0,0.0,0.0,0.0,1.0,0,0,1,0,0,0,0,0,0,0,0,1,0
-0.2779087089467081,1.4508197855632678,1.0,0.0,0.0,0.0,1.0,0.0,0.0,1.0,1,1,1,0,1,1,1,1,0,1,0,0,0
0.2837786771094415,-0.8295205827584317,1.0,1.0,0.0,0.0,0.0,1.0,0.0,0.0,0,0,0,1,0,0,0,0,0,1,0,1,1
-1.343120586053193,-1.2367242199587352,0.0,0.0,0.0,0.0,0.0,0.0,1.0,0.0,0,0,0,0,0,0,0,0,0,0,1,0,1
1.2160467942026365,1.2064976032430856,0.0,1.0,0.0,0.0,0.0,0.0,1.0,0.0,1,1,0,1,0,0,1,0,1,1,0,1,0
1.1263097561936661,-0.13727439951791576,0.0,1.0,0.0,0.0,0.0,0.0,1.0,0.0,0,1,0,1,0,0,0,1,1,0,1,1,1
-1.03568814102246,-1.2774445836787656,1.0,0.0,0.0,0.0,0.0,0.0,0.0,1.0,0,0,1,0,0,1,0,1,0,0,0,0,0
0.50313588113137,-1.1145631287986442,1.0,1.0,0.0,0.0,0.0,0.0,0.0,0.0,1,0,0,1,0,0,1,0,0,1,1,1,1
-1.46443176706532,-1.2774445836787656,0.0,0.0,1.0,0.0,0.0,0.0,1.0,0.0,0,0,0,0,0,0,0,0,0,0,0,1,0
1.3057838322116073,1.2064976032430856,1.0,1.0,0.0,0.0,1.0,0.0,1.0,0.0,0,1,1,1,0,0,1,1,1,1,0,1,0
-1.479387940066815,0.14776814652229667,0.0,0.0,1.0,0.0,1.0,0.0,0.0,0.0,1,0,1,0,0,0,0,0,0,0,0,1,0
1.2808568772091153,-0.1779947632379461,0.0,1.0,0.0,0.0,0.0,0.0,1.0,0.0,0,1,0,1,0,0,1,1,1,1,1,1,1
0.29707305311077065,1.4915401492832983,0.0,0.0,0.0,1.0,0.0,1.0,0.0,0.0,1,0,1,1,1,1,0,1,1,0,0,1,0
1.044881703185526,-0.8702409464784621,0.0,1.0,0.0,0.0,0.0,1.0,0.0,0.0,1,0,0,1,1,0,0,1,1,1,1,1,0
1.461992750227223,1.247217966963116,0.0,1.0,0.0,0.0,0.0,0.0,1.0,0.0,1,1,0,1,0,1,1,1,1,1,0,1,0
-1.4827115340671475,-0.38159658183809786,1.0,0.0,1.0,1.0,0.0,0.0,0.0,0.0,0,0,0,0,0,0,0,0,0,0,0,1,0
-1.4960059100684764,-0.9109613101984924,1.0,0.0,1.0,0.0,0.0,1.0,0.0,0.0,0,0,0,0,0,0,0,0,0,0,0,1,0
-1.289943082047877,1.5729808767233588,0.0,0.0,1.0,0.0,1.0,1.0,0.0,0.0,1,0,0,1,0,0,0,0,0,1,0,1,0
0.17576187209864347,0.5142514200025698,0.0,0.0,0.0,0.0,0.0,0.0,1.0,0.0,0,1,0,1,1,0,0,1,0,1,0,1,1
-1.3530913680541898,1.5322605130033284,0.0,0.0,1.0,0.0,1.0,0.0,0.0,1.0,1,0,1,1,0,0,0,0,0,0,0,1,0
0.6643301901474837,-0.4223169455581282,0.0,1.0,0.0,0.0,0.0,0.0,1.0,0.0,0,1,1,1,0,0,0,0,0,1,0,1,0
-1.3863273080575123,0.7992939660427822,0.0,0.0,1.0,0.0,1.0,0.0,0.0,1.0,1,0,1,1,0,0,0,0,0,0,0,1,0
1.3091074262119398,0.9214550572028734,1.0,1.0,0.0,1.0,0.0,0.0,1.0,0.0,1,1,0,1,0,0,1,1,1,1,1,1,0
-0.15992112193491323,1.3286586944031769,0.0,0.0,0.0,0.0,1.0,1.0,0.0,0.0,0,1,0,0,1,0,1,1,1,0,0,0,0
-1.502653098069141,1.6137012404433893,0.0,0.0,1.0,0.0,1.0,0.0,0.0,0.0,1,0,1,0,0,0,0,0,0,0,0,1,0
-1.5009913010689746,-0.9109613101984924,1.0,0.0,1.0,1.0,0.0,0.0,0.0,0.0,1,0,0,0,0,0,0,0,0,0,0,1,0
-1.4860351280674797,-1.0331224013585834,0.0,0.0,1.0,1.0,0.0,0.0,0.0,1.0,0,0,1,0,0,0,0,0,0,0,0,1,0
0.6909189421501416,-1.1145631287986442,1.0,1.0,0.0,0.0,0.0,0.0,1.0,0.0,0,1,0,0,0,1,0,0,0,1,0,1,1
0.4599291591270504,-0.3408762181180675,0.0,0.0,0.0,0.0,1.0,1.0,0.0,0.0,1,1,1,1,1,0,1,0,1,0,0,1,0
1.7295420672539685,1.6137012404433893,0.0,1.0,0.0,0.0,1.0,1.0,0.0,0.0,1,1,1,1,1,1,1,1,1,1,0,1,0
-0.7049905379894018,-0.46303730927815856,1.0,0.0,0.0,0.0,0.0,0.0,0.0,1.0,0,0,0,0,1,0,0,1,1,1,0,0,0
-0.13167057293208934,1.4915401492832983,1.0,0.0,0.0,1.0,0.0,1.0,0.0,0.0,1,1,0,0,0,1,1,1,1,1,0,0,0
-0.32776261895169184,0.47353105628253944,1.0,0.0,0.0,0.0,0.0,0.0,0.0,0.0,1,0,1,0,0,1,0,1,0,1,0,1,0
0.014567563082529699,1.1657772395230555,0.0,0.0,0.0,1.0,0.0,0.0,1.0,0.0,1,0,1,1,0,0,1,0,1,1,0,1,1
1.2692242982079527,-0.3408762181180675,1.0,1.0,0.0,0.0,0.0,1.0,0.0,0.0,0,1,0,1,0,1,1,0,1,1,1,1,1
0.85876043916692,-1.2774445836787656,0.0,1.0,0.0,0.0,0.0,0.0,1.0,0.0,0,1,0,0,0,0,0,0,1,0,1,1,0
-0.46402997296531395,-1.0738427650786138,0.0,0.0,0.0,0.0,0.0,0.0,0.0,0.0,0,0,0,0,0,0,0,1,0,1,1,1,0
0.8404806721650927,-1.1552834925186746,1.0,1.0,0.0,0.0,0.0,0.0,1.0,0.0,0,1,0,1,0,1,0,0,0,1,1,1,0
1.4437129832253957,1.6137012404433893,1.0,1.0,0.0,0.0,1.0,0.0,1.0,0.0,1,1,0,1,0,1,1,1,1,1,0,1,0
0.9052907551715716,1.6137012404433893,1.0,0.0,0.0,0.0,1.0,0.0,0.0,0.0,0,1,0,1,1,1,1,1,1,0,0,1,0
0.3436033691154218,-0.748079855318371,1.0,1.0,0.0,0.0,0.0,0.0,1.0,0.0,1,0,0,1,0,0,0,0,0,1,0,1,1
-1.3198554280508674,-1.0331224013585834,1.0,0.0,1.0,0.0,0.0,0.0,0.0,0.0,0,0,0,1,0,0,0,0,0,1,0,1,0
0.34526516611558833,0.6364125111626608,0.0,1.0,0.0,1.0,0.0,0.0,1.0,0.0,0,0,0,0,0,1,0,0,0,0,0,1,0
-1.504314895069307,0.9214550572028734,1.0,0.0,1.0,1.0,0.0,0.0,0.0,1.0,1,0,1,0,0,0,0,0,0,0,0,1,0
-1.5109620830699715,-1.2774445836787656,1.0,0.0,1.0,0.0,0.0,1.0,0.0,0.0,0,0,0,0,0,0,0,0,0,0,0,1,0
1.5766567432386855,0.5142514200025698,1.0,1.0,0.0,1.0,0.0,1.0,0.0,0.0,0,1,0,0,1,1,1,1,1,0,0,1,0
0.18407085709947407,-1.1960038562387048,1.0,1.0,0.0,0.0,0.0,0.0,0.0,1.0,0,0,0,0,0,0,0,0,0,1,0,1,0
-1.5009913010689746,1.5729808767233588,0.0,0.0,1.0,0.0,1.0,0.0,0.0,1.0,1,0,0,0,0,0,0,0,0,0,0,1,0
-1.479387940066815,-0.9924020376385531,1.0,0.0,1.0,0.0,0.0,0.0,0.0,1.0,1,0,0,0,0,0,0,0,0,0,0,1,0
0.36853032411791364,-1.1960038562387048,0.0,1.0,0.0,0.0,0.0,0.0,1.0,0.0,1,0,0,1,0,0,0,0,0,1,1,1,0
0.5280628361338618,1.4915401492832983,1.0,0.0,0.0,0.0,1.0,0.0,0.0,0.0,1,1,1,0,1,1,0,1,1,0,0,1,0
0.12424616509349373,-1.2774445836787656,1.0,1.0,0.0,0.0,0.0,0.0,1.0,0.0,1,0,1,0,0,0,0,0,0,1,1,1,0
1.6946443302504801,1.6137012404433893,0.0,1.0,0.0,0.0,1.0,1.0,0.0,0.0,1,1,0,1,1,1,1,1,1,1,0,1,1
0.29042586511010604,-0.8702409464784621,1.0,1.0,0.0,0.0,0.0,0.0,1.0,0.0,0,0,0,0,1,0,0,0,0,1,1,1,0
0.5264010391336954,1.5729808767233588,1.0,0.0,0.0,0.0,1.0,0.0,0.0,0.0,0,1,0,1,1,1,1,1,0,0,0,1,0
0.1724382780983114,-1.2774445836787656,0.0,1.0,0.0,0.0,0.0,0.0,0.0,1.0,0,0,0,0,0,0,0,0,0,1,1,1,0
-0.1732154979362424,0.025607055362205634,0.0,0.0,0.0,0.0,1.0,0.0,0.0,0.0,1,1,0,0,1,0,1,1,1,0,0,0,0
-1.5192710680708021,-0.6666391278783103,0.0,0.0,1.0,1.0,0.0,0.0,0.0,1.0,0,0,0,0,0,0,0,0,0,0,0,1,0
1.0266019361836989,0.9621754209229036,0.0,1.0,0.0,1.0,0.0,0.0,1.0,0.0,1,0,0,1,1,1,1,1,0,0,0,1,1
-1.4893587220678117,-1.2774445836787656,0.0,0.0,1.0,0.0,0.0,1.0,0.0,0.0,0,0,0,0,0,0,0,0,0,0,0,1,0
0.17576187209864347,-1.1145631287986442,1.0,0.0,0.0,0.0,0.0,0.0,1.0,0.0,0,1,0,0,0,0,1,0,1,1,1,1,0
-1.5076384890696393,1.002895784642934,1.0,0.0,1.0,1.0,0.0,0.0,0.0,1.0,1,0,1,0,0,0,0,0,0,0,0,1,0
-0.952598291014154,0.9621754209229036,1.0,0.0,0.0,1.0,0.0,1.0,0.0,0.0,1,0,1,0,0,1,1,0,0,1,0,0,0
0.9717626351782166,-0.9924020376385531,1.0,1.0,0.0,0.0,0.0,0.0,1.0,0.0,0,0,0,1,0,1,1,0,1,1,1,1,0
-0.12003799393092641,-0.4223169455581282,0.0,0.0,0.0,0.0,0.0,0.0,0.0,1.0,1,0,1,0,1,1,1,0,0,0,1,1,0
-1.4960059100684764,-1.2774445836787656,0.0,0.0,1.0,0.0,0.0,0.0,0.0,1.0,0,0,0,0,0,0,0,0,0,0,0,1,0
-0.021991970921125294,0.3106496014024181,0.0,0.0,0.0,0.0,0.0,1.0,0.0,0.0,0,0,1,0,1,0,0,1,1,1,0,1,0
-1.4960059100684764,0.5549717837226001,1.0,0.0,1.0,0.0,1.0,1.0,0.0,0.0,1,0,1,0,0,0,0,0,0,0,0,1,0
-1.4976677070686424,1.247217966963116,1.0,0.0,1.0,0.0,1.0,0.0,0.0,1.0,1,0,1,0,0,0,0,0,0,0,0,1,0
1.5101848632320405,1.4508197855632678,1.0,1.0,0.0,0.0,1.0,0.0,1.0,0.0,1,1,1,1,1,1,1,0,1,1,0,1,0
1.3822264942192488,1.4915401492832983,1.0,1.0,0.0,0.0,1.0,1.0,0.0,0.0,1,1,1,0,1,1,0,1,1,1,0,1,0
0.8570986421667539,0.9621754209229036,0.0,1.0,0.0,0.0,0.0,0.0,1.0,0.0,1,0,0,1,0,1,1,1,0,0,0,1,0
0.03783272108485552,-0.9109613101984924,0.0,0.0,0.0,1.0,0.0,0.0,0.0,1.0,1,1,1,0,0,1,1,0,0,1,0,1,0
1.3207400052131024,1.247217966963116,1.0,1.0,0.0,1.0,0.0,1.0,0.0,0.0,0,0,0,1,1,1,1,1,1,0,0,1,0
-0.40752887495966567,-0.3408762181180675,0.0,0.0,0.0,0.0,1.0,0.0,0.0,1.0,1,1,1,0,1,1,1,1,0,1,0,0,0
-0.28787949094770476,-0.5444780367182193,0.0,0.0,0.0,0.0,0.0,0.0,0.0,1.0,0,0,0,1,0,0,1,0,0,1,0,1,0
0.7972739501607736,-0.4223169455581282,1.0,1.0,0.0,0.0,0.0,0.0,1.0,0.0,1,0,1,1,0,0,1,0,1,1,0,1,0
0.6543594081464871,-0.13727439951791576,1.0,1.0,0.0,0.0,0.0,0.0,1.0,0.0,1,0,0,1,1,1,0,0,0,1,1,1,0
0.3502505571160864,-0.7888002190384014,1.0,0.0,0.0,1.0,0.0,0.0,0.0,1.0,1,1,0,1,0,0,1,0,1,1,1,1,0
-1.288281285047711,1.5322605130033284,0.0,0.0,1.0,0.0,1.0,0.0,0.0,0.0,1,0,0,1,0,0,0,0,0,1,0,1,0
1.1512367111961581,0.6771328748826912,0.0,1.0,0.0,0.0,0.0,0.0,1.0,0.0,1,1,0,0,0,1,1,0,1,0,0,1,0
1.4885815022298807,0.43281069256250915,0.0,1.0,0.0,1.0,0.0,0.0,0.0,1.0,1,1,0,1,1,0,1,1,1,1,1,1,1
-1.5009913010689746,-1.1960038562387048,0.0,0.0,1.0,0.0,0.0,0.0,0.0,1.0,0,0,0,0,0,0,0,0,0,1,1,1,0
0.2787932861089434,0.3920903288424788,1.0,0.0,0.0,1.0,0.0,0.0,1.0,0.0,1,1,1,0,0,0,1,1,1,0,0,1,0
-0.33607160395252245,1.002895784642934,1.0,0.0,0.0,1.0,0.0,0.0,0.0,1.0,0,0,0,0,0,1,0,1,0,1,0,1,0
0.05445069108651675,-1.2367242199587352,1.0,0.0,0.0,0.0,0.0,0.0,0.0,0.0,0,0,0,0,1,0,1,0,1,0,1,1,1
1.6879971422498155,1.6137012404433893,0.0,1.0,0.0,0.0,1.0,1.0,0.0,0.0,1,1,0,1,1,1,1,1,1,1,0,1,0
1.3190782082129364,0.5549717837226001,0.0,1.0,0.0,0.0,0.0,0.0,1.0,0.0,0,1,0,1,0,1,1,0,1,1,0,1,1
1.1728400721983174,1.369379058123207,1.0,1.0,0.0,0.0,0.0,1.0,0.0,0.0,1,1,0,1,0,0,0,1,1,1,1,1,1
1.2376501552047963,1.2064976032430856,1.0,1.0,0.0,1.0,0.0,0.0,1.0,0.0,0,1,0,1,1,1,0,1,0,0,1,1,0
0.8770402061687477,1.6137012404433893,0.0,0.0,0.0,0.0,1.0,0.0,0.0,0.0,1,1,0,1,1,1,1,1,1,1,0,1,0
0.82884809316393,0.10704778280226633,1.0,1.0,0.0,1.0,0.0,0.0,1.0,0.0,1,0,1,0,0,1,0,1,1,1,0,1,0
0.8454660631655913,-0.62591876415828,1.0,1.0,0.0,0.0,0.0,1.0,0.0,0.0,1,0,0,1,1,1,1,0,0,0,1,1,0
0.9185851311729007,1.6137012404433893,0.0,0.0,0.0,0.0,1.0,0.0,1.0,0.0,1,1,0,1,1,1,1,1,1,1,0,1,0
-1.491020519067978,-0.1779947632379461,0.0,0.0,1.0,1.0,0.0,0.0,0.0,1.0,1,0,1,0,0,0,0,0,0,0,0,1,0
-1.3165318340505352,0.9621754209229036,1.0,0.0,1.0,0.0,1.0,1.0,0.0,0.0,1,0,0,1,0,0,0,0,0,1,1,1,0
0.5014740841312035,-0.055833672077855064,0.0,1.0,0.0,0.0,0.0,1.0,0.0,0.0,0,0,0,1,0,0,0,1,0,1,1,1,0
-1.5259182560714666,0.5142514200025698,1.0,0.0,1.0,1.0,0.0,0.0,0.0,0.0,0,0,0,0,0,0,0,0,0,0,0,1,0
-1.2965902700485417,-1.2774445836787656,0.0,0.0,1.0,0.0,0.0,0.0,0.0,1.0,0,0,0,1,0,0,0,0,0,1,0,1,0
-0.5039131009693008,-1.2367242199587352,0.0,0.0,0.0,0.0,0.0,0.0,0.0,1.0,0,0,0,0,0,1,0,0,0,1,1,1,0
-1.4561227820644893,-1.0738427650786138,0.0,0.0,1.0,0.0,0.0,0.0,0.0,1.0,0,0,0,0,0,0,0,0,0,1,0,1,0
1.07313225218835,0.6364125111626608,0.0,1.0,0.0,1.0,0.0,0.0,1.0,0.0,1,1,0,0,0,1,1,0,1,1,0,1,0
-1.3082228490497045,-0.30015585439803716,1.0,0.0,1.0,0.0,0.0,0.0,0.0,0.0,1,0,1,1,0,0,0,0,0,1,0,1,0
-1.4976677070686424,1.2879383306831464,1.0,0.0,1.0,0.0,1.0,0.0,0.0,0.0,1,0,1,0,0,0,0,0,0,1,0,1,0
-0.9891578250178088,0.7178532386027215,1.0,0.0,0.0,0.0,0.0,0.0,0.0,1.0,0,0,0,0,1,1,0,0,0,1,0,0,0
1.2127232002023045,0.7992939660427822,0.0,1.0,0.0,1.0,0.0,0.0,0.0,0.0,1,1,1,1,0,0,1,0,1,0,0,1,0
0.18074726309914202,-1.1552834925186746,1.0,1.0,0.0,0.0,0.0,0.0,1.0,0.0,1,0,0,0,0,0,0,0,0,1,0,1,1
0.8703930181680831,-0.015113308357824713,0.0,1.0,0.0,0.0,0.0,0.0,1.0,0.0,0,1,0,0,0,0,0,0,1,0,0,1,1
0.3020584441112687,0.5142514200025698,1.0,0.0,0.0,0.0,1.0,1.0,0.0,0.0,1,0,1,1,1,1,0,1,1,0,0,1,0
0.7740087921584478,-0.9516816739185228,1.0,1.0,0.0,0.0,0.0,0.0,1.0,0.0,1,1,0,1,1,0,0,0,0,1,0,1,0
1.3689321182179202,1.369379058123207,0.0,1.0,0.0,1.0,0.0,1.0,0.0,0.0,1,1,0,1,0,0,1,1,1,1,1,1,1
0.9003053641710731,-1.1960038562387048,1.0,1.0,0.0,0.0,0.0,0.0,1.0,0.0,0,1,1,1,0,0,1,0,0,0,1,1,0
-1.4843733310673135,0.880734693482843,0.0,0.0,1.0,0.0,1.0,0.0,0.0,1.0,0,0,0,0,0,0,0,0,0,0,0,1,0
-0.8196545310008642,-1.2774445836787656,0.0,0.0,0.0,0.0,0.0,0.0,1.0,0.0,1,0,1,0,0,0,0,1,1,0,1,0,0
1.5135084572323727,1.2879383306831464,0.0,1.0,0.0,0.0,1.0,0.0,0.0,0.0,1,1,1,1,1,1,0,1,1,0,0,1,0
0.30372024111143525,-0.055833672077855064,0.0,1.0,0.0,0.0,0.0,0.0,1.0,0.0,0,0,0,1,0,0,0,0,0,1,1,1,1
0.8321716871642622,-0.748079855318371,0.0,1.0,0.0,0.0,0.0,0.0,0.0,1.0,0,1,0,0,0,0,0,0,1,1,1,1,0
0.677624566148813,-0.8295205827584317,0.0,1.0,0.0,1.0,0.0,1.0,0.0,0.0,0,0,0,0,1,0,0,0,1,1,0,1,0
-0.12668518193159078,1.4100994218432374,1.0,0.0,0.0,1.0,0.0,0.0,0.0,0.0,1,0,0,0,1,1,0,1,0,1,0,1,1
0.24888094010595296,0.10704778280226633,0.0,0.0,0.0,0.0,0.0,0.0,1.0,0.0,1,0,1,1,1,0,1,1,1,0,1,1,0
0.2920876621102721,0.5142514200025698,0.0,0.0,0.0,0.0,1.0,0.0,0.0,1.0,0,1,0,1,1,0,0,1,0,0,0,1,0
-0.6235624849812617,-0.9109613101984924,1.0,0.0,0.0,0.0,0.0,0.0,0.0,1.0,0,0,0,0,0,0,0,0,0,0,0,1,0
-0.20645143793956489,-0.13727439951791576,0.0,0.0,0.0,0.0,0.0,0.0,0.0,0.0,0,0,0,1,1,1,0,0,0,1,0,1,1
-1.3348116010523623,-0.3408762181180675,0.0,0.0,1.0,1.0,0.0,0.0,0.0,0.0,0,0,0,1,0,0,0,0,0,0,0,1,0
-1.4960059100684764,1.369379058123207,1.0,0.0,1.0,0.0,1.0,0.0,0.0,1.0,1,0,1,0,0,0,0,0,0,1,0,1,0
0.7175076941527995,0.758573602322752,1.0,1.0,0.0,1.0,0.0,0.0,0.0,1.0,0,0,0,0,1,0,0,0,1,0,0,1,0
-1.304899255049372,0.5142514200025698,0.0,0.0,1.0,0.0,1.0,0.0,0.0,1.0,1,0,0,1,0,0,0,0,0,0,0,1,0
-1.5209328650709681,0.6771328748826912,0.0,0.0,1.0,1.0,0.0,1.0,0.0,0.0,1,0,0,0,0,0,0,0,0,0,0,1,0
-1.502653098069141,-0.13727439951791576,0.0,0.0,1.0,0.0,1.0,0.0,0.0,1.0,1,0,0,0,0,0,0,0,0,1,0,1,0
1.506861269231708,0.3106496014024181,1.0,1.0,0.0,0.0,0.0,1.0,0.0,0.0,1,1,1,1,1,1,0,1,1,1,0,1,0
1.0565142821866886,0.18848851024232702,0.0,1.0,0.0,0.0,0.0,0.0,1.0,0.0,0,1,0,1,0,0,0,0,1,1,1,1,1
0.1657910900976468,-0.30015585439803716,1.0,1.0,0.0,0.0,0.0,0.0,1.0,0.0,0,0,0,0,0,0,0,0,0,0,0,1,0
-0.47067716096597834,-0.4223169455581282,0.0,0.0,0.0,0.0,0.0,0.0,1.0,0.0,0,1,0,0,0,0,1,0,1,1,0,0,0
0.0278619390838584,1.6137012404433893,1.0,0.0,0.0,0.0,1.0,0.0,0.0,0.0,0,1,0,0,1,1,1,1,1,1,0,0,0
-0.8196545310008642,-1.0331224013585834,0.0,0.0,0.0,0.0,0.0,1.0,0.0,0.0,0,1,0,0,0,1,0,0,0,1,1,0,0
0.576254949138679,0.025607055362205634,1.0,0.0,0.0,0.0,1.0,1.0,0.0,0.0,1,1,1,0,0,1,1,1,1,0,0,1,0
0.47654712912871167,-0.38159658183809786,0.0,1.0,0.0,0.0,0.0,0.0,0.0,1.0,0,0,0,0,0,1,0,1,0,1,0,1,0
1.2127232002023045,-0.3408762181180675,1.0,1.0,0.0,0.0,0.0,0.0,1.0,0.0,0,1,0,1,0,1,0,0,1,1,1,1,1
0.4915033021302069,-1.2774445836787656,0.0,1.0,0.0,0.0,0.0,0.0,1.0,0.0,0,0,0,0,0,0,0,0,1,0,1,1,0
0.8604222361670865,1.4915401492832983,1.0,0.0,0.0,0.0,1.0,0.0,0.0,1.0,0,1,0,1,1,1,1,1,1,0,0,1,0
-1.4694171580658184,-1.1960038562387048,0.0,0.0,1.0,1.0,0.0,1.0,0.0,0.0,0,0,1,0,0,0,0,0,0,1,0,1,0
0.3652067301175816,0.9621754209229036,1.0,0.0,0.0,1.0,0.0,0.0,0.0,0.0,0,1,0,0,0,1,0,1,1,1,0,1,0
1.503537675231376,1.3286586944031769,1.0,1.0,0.0,1.0,0.0,1.0,0.0,0.0,0,1,0,1,1,0,1,1,1,1,0,1,0
-1.4594463760648215,1.5729808767233588,1.0,0.0,1.0,1.0,0.0,0.0,1.0,0.0,1,0,0,0,0,0,0,0,0,0,0,1,0
0.5180920541328647,-0.748079855318371,0.0,1.0,0.0,0.0,0.0,0.0,0.0,0.0,0,0,0,1,0,0,1,0,0,1,0,1,1
0.179085466098976,-1.2367242199587352,0.0,1.0,0.0,0.0,0.0,0.0,1.0,0.0,0,0,0,0,0,0,0,0,0,1,0,1,0
0.641065032145158,-0.015113308357824713,0.0,1.0,0.0,1.0,0.0,0.0,1.0,0.0,0,0,0,1,0,0,0,0,1,0,1,1,0
0.08934842809000525,0.3106496014024181,1.0,0.0,0.0,0.0,0.0,0.0,1.0,0.0,0,1,0,0,1,0,1,0,0,0,0,1,0
-1.462769970065154,-1.2774445836787656,1.0,0.0,1.0,0.0,0.0,1.0,0.0,0.0,0,0,0,0,0,0,0,0,0,0,0,1,0
0.8089065291619363,-1.2774445836787656,1.0,1.0,0.0,0.0,0.0,0.0,1.0,0.0,0,1,0,0,0,0,0,0,1,1,1,1,0
0.17077648109814536,-1.0331224013585834,0.0,1.0,0.0,0.0,0.0,0.0,0.0,1.0,0,0,0,0,0,0,0,0,0,1,0,1,0
-0.45405919096431707,-0.7073594915983407,0.0,0.0,0.0,0.0,0.0,0.0,1.0,0.0,1,0,0,1,0,0,0,0,0,1,0,1,0
0.9850570111795457,-0.62591876415828,0.0,1.0,0.0,0.0,0.0,0.0,1.0,0.0,1,0,1,1,1,0,1,0,1,0,1,1,0
0.44829658012588774,-0.5444780367182193,1.0,1.0,0.0,0.0,0.0,0.0,1.0,0.0,0,0,0,0,0,1,1,0,0,1,1,1,0
-1.303237458049206,1.5729808767233588,1.0,0.0,1.0,0.0,1.0,0.0,0.0,0.0,0,0,0,1,0,0,0,0,0,0,0,1,0
-0.1582593249347472,0.880734693482843,0.0,0.0,0.0,0.0,1.0,0.0,0.0,0.0,1,0,1,1,1,0,0,1,0,0,0,1,0
0.8570986421667539,-0.055833672077855064,1.0,1.0,0.0,0.0,0.0,1.0,0.0,0.0,1,0,0,1,1,1,0,1,0,1,0,1,0
0.3868100911197414,-0.8702409464784621,0.0,1.0,0.0,0.0,0.0,0.0,1.0,0.0,0,0,0,0,1,0,0,0,0,0,0,1,0
0.6709773781481484,-0.5851984004382496,0.0,1.0,0.0,0.0,0.0,0.0,1.0,0.0,0,1,0,0,0,0,1,0,0,1,0,1,1
1.506861269231708,1.6137012404433893,0.0,1.0,0.0,0.0,1.0,0.0,0.0,0.0,0,1,0,1,1,1,0,1,1,1,0,1,1
1.1595456961969886,1.5729808767233588,0.0,1.0,0.0,0.0,0.0,1.0,0.0,0.0,0,1,0,1,0,1,0,0,1,1,0,1,1
-0.6435040489832552,-1.1145631287986442,1.0,0.0,0.0,0.0,0.0,1.0,0.0,0.0,0,0,0,0,0,0,1,1,1,0,0,0,1
0.14086413509515497,0.22920887396235737,1.0,0.0,0.0,1.0,0.0,1.0,0.0,0.0,1,1,0,1,0,0,1,1,0,0,0,1,0
-0.5354872439724572,-1.1145631287986442,1.0,0.0,0.0,0.0,0.0,0.0,0.0,0.0,0,0,1,0,0,0,0,1,0,1,0,1,0
-0.6850489739874083,-1.2367242199587352,1.0,0.0,0.0,0.0,0.0,0.0,1.0,0.0,0,0,0,0,0,0,0,0,0,1,1,1,1
-0.16324471593524553,0.7992939660427822,0.0,0.0,0.0,0.0,1.0,0.0,0.0,0.0,0,0,0,1,1,0,1,0,0,0,0,1,1
0.3652067301175816,-0.9924020376385531,0.0,1.0,0.0,0.0,0.0,0.0,1.0,0.0,0,0,0,1,0,0,0,0,0,1,1,1,1
0.5280628361338618,1.4508197855632678,0.0,0.0,0.0,0.0,1.0,0.0,1.0,0.0,0,1,0,1,0,1,1,0,1,1,0,1,0
-1.4694171580658184,1.4915401492832983,1.0,0.0,1.0,1.0,0.0,1.0,0.0,0.0,1,0,1,0,0,0,0,0,0,1,0,1,0
0.05445069108651675,0.3920903288424788,0.0,0.0,0.0,0.0,0.0,1.0,0.0,0.0,1,0,0,1,1,1,0,1,0,1,0,1,0
1.1778254631988159,0.7178532386027215,0.0,1.0,0.0,0.0,1.0,0.0,0.0,1.0,0,1,0,0,0,1,0,1,1,1,0,1,0
-1.517609271070636,-1.2774445836787656,0.0,0.0,1.0,0.0,0.0,0.0,0.0,1.0,0,0,0,0,0,0,0,0,0,1,1,1,0
0.5164302571326987,-1.2774445836787656,1.0,1.0,0.0,0.0,0.0,0.0,1.0,0.0,1,0,0,1,1,0,0,0,0,1,1,1,1
-0.6717545979860794,0.025607055362205634,1.0,0.0,0.0,0.0,0.0,1.0,0.0,0.0,1,0,0,0,0,0,0,0,0,1,0,1,0
-1.4760643460664828,-1.0331224013585834,0.0,0.0,1.0,0.0,0.0,0.0,0.0,1.0,0,0,0,0,0,0,0,0,0,0,0,1,0
0.898643567170907,1.2879383306831464,1.0,1.0,0.0,0.0,0.0,0.0,1.0,0.0,1,0,1,1,1,1,1,0,0,1,0,1,0
0.33695618111475767,-1.2774445836787656,0.0,1.0,0.0,0.0,0.0,0.0,1.0,0.0,0,0,0,0,0,0,1,0,0,1,1,1,0
-1.481049737066981,1.0843365120829946,1.0,0.0,1.0,0.0,1.0,0.0,0.0,0.0,0,0,0,0,0,0,0,0,0,1,0,1,0
-0.47898614596680894,-1.0738427650786138,0.0,0.0,0.0,0.0,0.0,0.0,1.0,0.0,1,0,0,1,0,0,0,0,0,0,0,1,0
-1.5275800530716328,-1.1960038562387048,0.0,0.0,1.0,0.0,0.0,0.0,0.0,1.0,0,0,0,0,0,0,0,0,0,0,0,1,0
-1.4727407520661506,-0.7073594915983407,0.0,0.0,1.0,0.0,0.0,1.0,0.0,0.0,1,0,0,0,0,0,0,0,0,0,0,1,0
-0.00038860991896550476,-0.7888002190384014,1.0,0.0,0.0,1.0,0.0,0.0,1.0,0.0,1,1,1,0,0,0,0,0,1,1,0,1,0
1.1279715531938321,-0.38159658183809786,0.0,1.0,0.0,0.0,0.0,1.0,0.0,0.0,0,1,0,1,0,1,0,0,1,1,0,1,0
0.8205391081630994,-0.055833672077855064,1.0,1.0,0.0,0.0,0.0,0.0,1.0,0.0,1,0,0,1,1,0,0,0,1,0,0,1,1
-0.19980424993890028,-0.13727439951791576,1.0,0.0,0.0,1.0,0.0,0.0,1.0,0.0,0,0,0,0,1,1,0,1,0,1,0,1,0
-1.46443176706532,0.6771328748826912,0.0,0.0,1.0,1.0,0.0,1.0,0.0,0.0,1,0,0,0,0,0,0,0,0,0,0,1,0
0.6925807391503077,0.9621754209229036,0.0,1.0,0.0,0.0,0.0,0.0,0.0,0.0,1,0,0,1,0,0,0,0,1,1,0,1,0
0.5164302571326987,1.247217966963116,0.0,0.0,0.0,0.0,1.0,1.0,0.0,0.0,0,1,0,1,1,1,1,1,0,1,0,1,0
0.4998122871310375,1.247217966963116,1.0,0.0,0.0,0.0,1.0,1.0,0.0,0.0,1,1,0,1,0,0,1,1,1,0,0,1,0
0.5014740841312035,-0.3408762181180675,1.0,1.0,0.0,0.0,0.0,0.0,1.0,0.0,1,0,1,1,1,0,0,0,0,1,0,1,1
-0.3543513709543497,0.14776814652229667,1.0,0.0,0.0,1.0,0.0,1.0,0.0,0.0,1,0,0,0,0,0,1,1,0,0,0,1,1
0.534710024134526,-0.9516816739185228,0.0,1.0,0.0,0.0,0.0,0.0,1.0,0.0,0,0,0,0,0,0,0,0,1,1,1,1,1
-1.329826210051864,-1.1960038562387048,1.0,0.0,0.0,0.0,0.0,0.0,1.0,0.0,0,0,0,0,0,0,0,0,0,0,1,0,0
0.5363718211346925,-0.46303730927815856,0.0,0.0,0.0,1.0,0.0,0.0,0.0,1.0,1,1,0,0,1,0,1,1,1,0,0,1,0
-1.3381351950526947,-0.7888002190384014,1.0,0.0,1.0,1.0,0.0,0.0,0.0,0.0,1,0,1,1,0,0,0,0,0,0,0,1,0
-1.4827115340671475,-1.2774445836787656,1.0,0.0,1.0,0.0,0.0,0.0,0.0,0.0,1,0,1,0,0,0,0,0,0,1,0,1,0
-1.4860351280674797,-0.30015585439803716,0.0,0.0,1.0,1.0,0.0,0.0,0.0,1.0,1,0,1,0,0,0,0,0,0,0,0,1,0
-1.5009913010689746,1.5729808767233588,1.0,0.0,1.0,0.0,1.0,0.0,0.0,0.0,1,0,1,0,0,0,0,0,0,1,0,1,0
1.6464522172456624,1.369379058123207,1.0,1.0,0.0,1.0,0.0,0.0,0.0,0.0,0,1,0,1,1,1,1,1,1,1,0,1,0
1.1811490571991479,0.5142514200025698,0.0,1.0,0.0,1.0,0.0,0.0,1.0,0.0,0,1,0,0,1,1,0,0,1,1,0,1,0
0.5064594751317021,-0.4223169455581282,0.0,1.0,0.0,0.0,0.0,1.0,0.0,0.0,1,0,0,0,0,0,0,0,1,1,0,1,0
-1.4594463760648215,1.4100994218432374,0.0,0.0,1.0,1.0,0.0,0.0,0.0,0.0,1,0,0,0,0,0,0,0,0,1,0,1,0
0.8371570781647607,1.4508197855632678,0.0,1.0,0.0,0.0,1.0,0.0,0.0,0.0,1,0,0,1,0,0,1,0,1,1,0,1,0
-1.4876969250676457,-1.318164947398796,0.0,0.0,1.0,0.0,1.0,0.0,0.0,1.0,1,0,1,0,0,0,0,0,0,0,0,1,0
0.8670694241677506,0.6771328748826912,0.0,1.0,0.0,0.0,0.0,1.0,0.0,0.0,0,1,0,1,0,0,1,0,0,1,1,1,1
-0.532163649972125,-1.1552834925186746,0.0,0.0,0.0,0.0,0.0,0.0,0.0,1.0,0,0,0,1,0,0,0,0,0,0,0,1,1
0.5064594751317021,1.247217966963116,1.0,0.0,0.0,1.0,0.0,1.0,0.0,0.0,1,1,0,1,1,1,1,1,0,0,0,1,0
0.4964886931307054,-1.2367242199587352,0.0,1.0,0.0,0.0,0.0,0.0,0.0,0.0,1,0,0,0,0,1,1,0,0,0,1,1,0
-1.4760643460664828,-0.46303730927815856,1.0,0.0,1.0,1.0,0.0,0.0,0.0,1.0,0,0,0,0,0,0,0,0,0,1,0,1,0
-0.23968737794288733,0.9214550572028734,1.0,0.0,0.0,0.0,1.0,0.0,0.0,0.0,1,0,1,0,1,1,0,1,0,0,1,1,0
-1.479387940066815,-1.2774445836787656,1.0,0.0,1.0,0.0,0.0,0.0,0.0,1.0,0,0,1,0,0,0,0,0,0,1,0,1,0
-1.5076384890696393,-0.62591876415828,0.0,0.0,1.0,0.0,1.0,0.0,0.0,1.0,0,0,0,0,0,0,0,0,0,0,0,1,0
1.1844726511994805,-0.0965540357978854,1.0,1.0,0.0,0.0,0.0,0.0,0.0,0.0,0,1,0,1,1,0,0,0,1,1,0,1,0
-0.22639300194155818,-0.4223169455581282,1.0,0.0,0.0,0.0,0.0,0.0,0.0,1.0,1,0,1,0,1,1,0,1,0,1,0,1,0
-0.17487729493640844,-0.9516816739185228,0.0,0.0,0.0,0.0,0.0,0.0,0.0,0.0,0,0,0,0,0,0,0,1,1,1,0,1,0
-1.5142856770703037,-1.2774445836787656,1.0,0.0,1.0,0.0,0.0,0.0,0.0,1.0,1,0,1,0,0,0,0,0,0,0,0,1,0
0.722493085153298,-0.46303730927815856,0.0,1.0,0.0,0.0,0.0,0.0,1.0,0.0,1,1,0,1,0,0,0,0,0,1,1,1,0
-0.1732154979362424,-0.5444780367182193,1.0,0.0,0.0,0.0,0.0,0.0,1.0,0.0,0,0,0,1,0,0,1,1,0,0,0,1,0
1.302460238211275,1.4915401492832983,0.0,1.0,0.0,0.0,0.0,0.0,1.0,0.0,1,1,1,1,0,1,1,0,1,1,1,1,0
-1.3181936310507012,-1.2774445836787656,1.0,0.0,0.0,0.0,0.0,0.0,1.0,0.0,0,0,0,0,0,0,0,0,0,1,1,0,1
1.302460238211275,1.6137012404433893,0.0,1.0,0.0,0.0,1.0,0.0,0.0,0.0,1,0,0,1,1,1,1,1,1,1,0,1,0
0.13920233809498894,1.5322605130033284,1.0,0.0,0.0,0.0,1.0,1.0,0.0,0.0,1,0,1,1,1,0,1,0,1,0,0,1,0
1.2742096892084507,1.369379058123207,0.0,1.0,0.0,0.0,0.0,0.0,0.0,0.0,0,1,0,1,1,1,1,1,0,1,0,1,0
-1.33148800705203,-1.0331224013585834,0.0,0.0,0.0,0.0,0.0,0.0,1.0,0.0,1,0,1,0,0,0,0,0,0,1,0,0,0
1.5101848632320405,0.5549717837226001,0.0,1.0,0.0,0.0,0.0,0.0,1.0,0.0,1,1,1,1,1,1,0,1,1,1,0,1,1
-0.5255164619714603,0.26992923768238775,1.0,0.0,0.0,0.0,0.0,1.0,0.0,0.0,0,0,0,0,1,1,0,1,1,1,1,0,0
-0.07683127192660708,-0.015113308357824713,0.0,0.0,0.0,0.0,0.0,0.0,0.0,0.0,1,0,1,1,0,1,1,0,0,0,0,1,0
0.8238627021634315,-0.3408762181180675,1.0,1.0,0.0,0.0,0.0,0.0,1.0,0.0,0,1,0,0,0,1,1,0,0,1,0,1,0
0.6244470621434968,-1.0738427650786138,1.0,1.0,0.0,0.0,0.0,1.0,0.0,0.0,1,1,1,0,0,1,0,0,0,1,1,1,0
0.46989994112804756,0.18848851024232702,0.0,0.0,0.0,0.0,0.0,1.0,0.0,0.0,0,0,0,1,1,1,1,1,1,1,0,1,0
-1.4760643460664828,-0.9924020376385531,1.0,0.0,1.0,0.0,0.0,0.0,0.0,1.0,0,0,1,0,0,0,0,0,0,0,0,1,0
0.2222921881032951,1.6137012404433893,0.0,0.0,0.0,0.0,1.0,0.0,0.0,0.0,1,0,1,1,1,0,1,0,1,1,0,1,0
-0.6119299059800988,1.5729808767233588,1.0,0.0,0.0,0.0,1.0,1.0,0.0,0.0,1,0,0,0,1,1,1,1,0,0,0,0,1
0.9933659961803764,-0.6666391278783103,0.0,1.0,0.0,0.0,0.0,0.0,0.0,0.0,1,1,0,0,0,1,0,0,1,1,0,1,0
-0.49394231896830415,1.002895784642934,0.0,0.0,0.0,0.0,0.0,0.0,0.0,0.0,1,1,0,0,1,0,1,1,0,1,0,0,0
-1.3065610520495383,1.369379058123207,1.0,0.0,1.0,1.0,0.0,0.0,0.0,0.0,0,0,0,1,0,0,0,0,0,0,0,1,0
0.8105683261621028,-0.62591876415828,0.0,1.0,0.0,0.0,0.0,0.0,1.0,0.0,0,0,0,0,0,1,1,0,1,1,1,1,1
-1.462769970065154,-0.46303730927815856,0.0,0.0,1.0,0.0,0.0,0.0,0.0,1.0,0,0,1,0,0,0,0,0,0,0,0,1,0
0.04447990908551963,1.369379058123207,1.0,0.0,0.0,0.0,1.0,1.0,0.0,0.0,1,0,0,1,1,1,1,0,0,1,0,1,0
0.35357415111641893,-0.62591876415828,0.0,0.0,0.0,0.0,0.0,0.0,0.0,0.0,1,1,0,1,0,1,0,0,1,1,0,1,0
0.18905624809997262,-1.2774445836787656,1.0,1.0,0.0,0.0,0.0,0.0,0.0,1.0,0,0,1,0,0,0,0,0,0,1,1,1,0
-0.14828854293375057,1.0436161483629645,1.0,0.0,0.0,1.0,0.0,1.0,0.0,0.0,1,0,0,0,1,1,1,0,0,0,1,1,0
-1.4527991880641573,-0.9924020376385531,0.0,0.0,1.0,0.0,0.0,1.0,0.0,0.0,1,0,1,0,0,0,0,0,0,0,0,1,0
0.15249671409631763,-0.21871512695797646,1.0,0.0,0.0,1.0,0.0,1.0,0.0,0.0,0,0,0,0,1,0,1,1,1,0,0,1,0
0.8005975441611056,0.06632741908223598,1.0,1.0,0.0,0.0,0.0,0.0,0.0,1.0,1,1,0,1,0,1,0,0,0,0,0,1,0
1.071470455188184,-0.0965540357978854,1.0,1.0,0.0,1.0,0.0,0.0,0.0,0.0,0,1,0,0,0,1,0,0,1,1,0,1,0
0.05445069108651675,0.025607055362205634,1.0,0.0,0.0,0.0,0.0,1.0,0.0,0.0,0,0,0,0,0,1,1,0,1,1,0,1,0
-1.329826210051864,-1.2774445836787656,1.0,0.0,0.0,0.0,0.0,0.0,1.0,0.0,0,0,1,0,0,0,0,0,0,0,1,0,0
0.14751132309581955,-0.748079855318371,1.0,0.0,0.0,0.0,0.0,0.0,0.0,1.0,1,1,1,1,1,1,0,0,0,0,0,1,0
0.4898415051300408,-0.6666391278783103,0.0,1.0,0.0,1.0,0.0,1.0,0.0,0.0,0,0,1,1,0,0,0,1,0,1,0,1,0
1.1927816362003112,0.6771328748826912,0.0,1.0,0.0,0.0,1.0,1.0,0.0,0.0,0,1,0,0,0,0,1,1,1,0,0,1,0
1.2808568772091153,-0.5444780367182193,1.0,1.0,0.0,0.0,0.0,0.0,1.0,0.0,1,1,1,1,0,0,1,1,1,0,1,1,0
0.4964886931307054,1.5322605130033284,0.0,0.0,0.0,0.0,1.0,0.0,0.0,0.0,1,0,1,1,1,1,1,1,1,0,0,1,0
-0.11172900893009581,-0.015113308357824713,0.0,0.0,0.0,0.0,0.0,0.0,0.0,0.0,1,0,1,0,1,1,0,1,0,0,0,1,0
0.16745288709781284,-0.5851984004382496,0.0,1.0,0.0,0.0,0.0,0.0,1.0,0.0,0,0,0,0,0,0,0,0,0,1,0,1,0
-0.8046983579993692,0.18848851024232702,1.0,0.0,0.0,0.0,1.0,0.0,0.0,1.0,0,0,0,0,1,1,0,1,0,1,0,0,0
0.36188313611724954,-1.1552834925186746,0.0,1.0,0.0,0.0,0.0,0.0,1.0,0.0,0,0,0,1,0,0,0,0,0,1,0,1,0
0.8620840331672525,-0.6666391278783103,0.0,1.0,0.0,0.0,0.0,0.0,1.0,0.0,1,0,0,1,1,1,1,0,0,0,0,1,0
0.5230774451333633,-0.62591876415828,1.0,1.0,0.0,0.0,0.0,0.0,0.0,0.0,1,0,0,1,0,1,0,0,0,1,0,1,0
-0.1383177609327537,-0.5444780367182193,0.0,0.0,0.0,0.0,0.0,0.0,1.0,0.0,0,0,1,0,1,1,1,0,0,1,0,1,0
1.2093996062019723,1.125056875803025,1.0,1.0,0.0,0.0,1.0,1.0,0.0,0.0,1,1,0,1,0,0,1,0,1,0,0,1,0
-1.3231790220511994,0.758573602322752,1.0,0.0,1.0,0.0,1.0,0.0,0.0,1.0,1,0,1,1,0,0,0,0,0,1,0,1,0
-1.477726143066649,-0.1779947632379461,1.0,0.0,1.0,0.0,1.0,1.0,0.0,0.0,1,0,1,0,0,0,0,0,0,1,0,1,0
-0.1582593249347472,0.43281069256250915,1.0,0.0,0.0,0.0,1.0,0.0,1.0,0.0,0,1,0,0,0,1,0,0,0,1,0,1,0
-1.479387940066815,0.3920903288424788,1.0,0.0,1.0,0.0,1.0,0.0,1.0,0.0,1,0,0,0,0,0,0,0,0,0,0,1,0
0.45660556512671835,-1.1960038562387048,1.0,1.0,0.0,0.0,0.0,0.0,1.0,0.0,0,0,0,0,0,0,0,0,1,1,1,1,0
-0.6651074099854147,-1.2774445836787656,0.0,0.0,0.0,0.0,0.0,0.0,0.0,1.0,0,0,0,0,0,0,0,0,0,0,0,1,0
-1.4926823160681442,-1.1960038562387048,0.0,0.0,1.0,0.0,0.0,0.0,0.0,1.0,0,0,0,0,0,0,0,0,0,0,1,1,0
1.1047063951915064,1.247217966963116,0.0,1.0,0.0,0.0,1.0,1.0,0.0,0.0,0,0,0,1,1,1,1,0,1,0,0,1,0
0.50313588113137,-1.1960038562387048,1.0,1.0,0.0,0.0,0.0,0.0,1.0,0.0,0,0,0,0,0,0,0,0,1,1,1,1,1
1.4270950132237343,1.4508197855632678,1.0,1.0,0.0,0.0,0.0,0.0,1.0,0.0,1,1,0,1,1,1,0,1,1,1,0,1,0
1.1612074931971548,-0.0965540357978854,0.0,1.0,0.0,0.0,0.0,0.0,1.0,0.0,0,1,0,1,0,1,0,0,1,1,1,1,1
1.327387193213767,1.125056875803025,0.0,1.0,0.0,0.0,1.0,0.0,1.0,0.0,0,1,0,1,0,1,1,0,1,0,0,1,0
-0.2047896409393986,-0.7073594915983407,1.0,0.0,0.0,0.0,0.0,1.0,0.0,0.0,0,0,0,1,0,1,0,1,0,1,1,1,0
0.9684390411778845,0.5142514200025698,1.0,1.0,0.0,0.0,0.0,0.0,0.0,0.0,0,1,0,1,0,0,0,0,1,1,0,1,1
0.720831288153132,1.5322605130033284,0.0,0.0,0.0,0.0,1.0,1.0,0.0,0.0,1,1,0,0,1,1,1,1,1,0,0,1,0
1.1213243651931677,-0.9109613101984924,1.0,1.0,0.0,0.0,0.0,0.0,1.0,0.0,1,1,0,1,0,0,1,0,1,1,1,1,0
-1.5076384890696393,-1.1552834925186746,1.0,0.0,1.0,0.0,0.0,0.0,0.0,1.0,0,0,0,0,0,0,0,0,0,0,0,1,0
-0.4756625519664766,-1.2774445836787656,0.0,0.0,0.0,0.0,0.0,0.0,0.0,1.0,0,0,0,0,0,0,1,0,0,1,1,1,0
-1.3231790220511994,1.4508197855632678,0.0,0.0,1.0,0.0,1.0,1.0,0.0,0.0,1,0,0,1,0,0,0,0,0,1,0,1,0
0.3402797751150897,-0.4223169455581282,1.0,1.0,0.0,0.0,0.0,0.0,0.0,0.0,1,0,1,0,1,0,0,0,0,0,0,1,0
0.9933659961803764,0.22920887396235737,1.0,1.0,0.0,0.0,0.0,0.0,1.0,0.0,1,0,1,1,0,1,1,0,1,1,1,1,0
1.1794872601989819,-1.2774445836787656,0.0,1.0,0.0,0.0,0.0,1.0,0.0,0.0,0,1,0,1,0,1,0,0,1,1,1,1,0
0.44663478312572175,-0.5851984004382496,1.0,1.0,0.0,0.0,0.0,0.0,1.0,0.0,1,0,0,0,0,0,1,1,0,0,0,1,0
0.9784098231788811,-0.13727439951791576,1.0,1.0,0.0,0.0,0.0,0.0,1.0,0.0,0,1,0,0,0,0,0,1,1,1,0,1,0
0.787303168159777,-0.6666391278783103,0.0,1.0,0.0,0.0,0.0,0.0,1.0,0.0,0,1,0,1,0,0,1,0,0,1,1,1,0
0.16911468409797886,-1.2774445836787656,1.0,1.0,0.0,0.0,0.0,0.0,1.0,0.0,0,0,0,0,0,0,0,0,0,1,1,1,0
0.5629605731373504,-0.8295205827584317,1.0,1.0,0.0,0.0,0.0,0.0,0.0,0.0,0,0,0,0,1,0,1,0,0,0,1,1,0
-0.4889569279678058,-0.055833672077855064,1.0,0.0,0.0,1.0,0.0,0.0,1.0,0.0,0,1,0,0,0,0,1,0,1,1,0,0,0
0.50313588113137,-1.1552834925186746,1.0,1.0,0.0,0.0,0.0,0.0,1.0,0.0,0,1,0,0,0,0,0,0,0,1,1,1,0
0.15914390209698223,0.6364125111626608,0.0,0.0,0.0,1.0,0.0,0.0,0.0,1.0,1,1,0,1,0,0,1,1,0,1,0,1,0
-1.3082228490497045,-0.7073594915983407,0.0,0.0,1.0,0.0,0.0,1.0,0.0,0.0,0,0,0,1,0,0,0,0,0,1,1,1,0
0.8421424691652587,0.7178532386027215,1.0,1.0,0.0,1.0,0.0,1.0,0.0,0.0,0,0,0,0,1,1,1,1,0,1,0,1,0
-0.6684310039857471,-1.0331224013585834,1.0,0.0,0.0,0.0,0.0,0.0,0.0,0.0,0,0,0,0,0,0,0,0,0,1,0,1,0
0.6310942501441613,0.35136996512244845,1.0,1.0,0.0,0.0,0.0,0.0,0.0,0.0,1,0,0,1,1,0,1,0,0,1,1,1,1
0.5180920541328647,1.4508197855632678,1.0,1.0,0.0,0.0,1.0,1.0,0.0,0.0,1,0,1,0,1,0,1,0,0,0,0,1,0
1.1080299891918384,-0.2594354906780068,0.0,1.0,0.0,0.0,0.0,0.0,0.0,0.0,1,1,0,1,0,0,1,0,1,1,0,1,1
-0.3792783259568415,1.002895784642934,1.0,0.0,0.0,0.0,1.0,1.0,0.0,0.0,0,1,0,0,0,0,1,1,1,0,0,0,0
-1.502653098069141,-1.1960038562387048,0.0,0.0,1.0,0.0,0.0,0.0,1.0,0.0,0,0,0,0,0,0,0,0,0,0,0,1,0
-1.4577845790646555,-1.2774445836787656,0.0,0.0,1.0,0.0,0.0,0.0,0.0,1.0,0,0,0,0,0,0,0,0,0,0,1,1,0
-0.5255164619714603,-0.5444780367182193,1.0,0.0,0.0,1.0,0.0,0.0,0.0,0.0,1,0,1,0,1,0,0,0,0,1,0,1,0
-0.3510277769540174,-1.1960038562387048,0.0,0.0,0.0,0.0,0.0,0.0,1.0,0.0,0,0,0,0,0,0,0,0,1,1,0,1,0
-1.3397969920528607,1.0843365120829946,0.0,0.0,1.0,0.0,1.0,0.0,1.0,0.0,0,0,0,1,0,0,0,0,0,0,0,1,0
0.15415851109648415,-1.2774445836787656,0.0,1.0,0.0,0.0,0.0,0.0,0.0,1.0,1,0,0,0,0,0,0,0,0,1,1,1,0
-0.8179927340006982,0.3920903288424788,1.0,0.0,0.0,0.0,0.0,0.0,0.0,0.0,1,0,0,0,1,0,0,0,1,1,0,0,0
0.33695618111475767,-1.0331224013585834,0.0,1.0,0.0,0.0,0.0,0.0,1.0,0.0,0,0,0,1,0,0,0,0,0,1,1,1,0
-1.3015756610490399,1.4100994218432374,1.0,0.0,1.0,0.0,1.0,1.0,0.0,0.0,1,0,0,1,0,0,0,0,0,0,0,1,0
0.1857326540996401,-1.2774445836787656,1.0,1.0,0.0,0.0,0.0,0.0,1.0,0.0,0,0,0,0,0,0,0,0,0,1,0,1,0
0.895319973170575,1.369379058123207,1.0,0.0,0.0,0.0,1.0,0.0,0.0,0.0,1,1,0,1,1,1,1,1,1,0,0,1,0
0.8122301231622688,1.1657772395230555,0.0,1.0,0.0,0.0,0.0,0.0,0.0,1.0,0,1,0,1,0,0,1,0,0,0,0,1,0
-1.3514295710540236,-1.1552834925186746,1.0,0.0,1.0,1.0,0.0,1.0,0.0,0.0,1,0,1,1,0,0,0,0,0,0,0,1,0
0.31202922611226586,0.3920903288424788,0.0,1.0,0.0,0.0,0.0,1.0,0.0,0.0,1,0,0,0,1,0,0,0,0,1,1,1,1
-0.3626603559551803,1.2879383306831464,0.0,0.0,0.0,1.0,0.0,0.0,0.0,0.0,1,0,1,1,0,1,0,0,0,1,0,1,0
1.6896589392499817,0.880734693482843,0.0,1.0,0.0,1.0,0.0,0.0,0.0,0.0,1,1,0,1,1,1,1,1,1,1,0,1,1
-1.4960059100684764,-1.2774445836787656,1.0,0.0,1.0,0.0,0.0,1.0,0.0,0.0,0,0,0,0,0,0,0,0,0,1,0,1,0
-1.3530913680541898,0.880734693482843,1.0,0.0,1.0,0.0,1.0,0.0,0.0,0.0,1,0,1,1,0,0,0,0,0,1,0,1,0
-1.3115464430500368,-0.5851984004382496,0.0,0.0,1.0,0.0,1.0,1.0,0.0,0.0,0,0,1,1,0,0,0,0,0,0,0,1,0
0.6493740171459885,-1.1960038562387048,1.0,1.0,0.0,0.0,0.0,0.0,1.0,0.0,0,1,0,0,0,1,0,0,0,0,0,1,0
0.1774236690988095,-1.2774445836787656,0.0,1.0,0.0,0.0,0.0,0.0,1.0,0.0,0,0,0,0,0,0,0,0,0,1,1,1,0
0.830509890164096,1.6137012404433893,0.0,0.0,0.0,0.0,1.0,1.0,0.0,0.0,1,1,1,1,1,1,1,1,1,0,0,1,0
1.1030445981913404,1.125056875803025,1.0,1.0,0.0,1.0,0.0,0.0,1.0,0.0,1,1,0,0,0,1,1,0,1,1,0,1,1
-1.4876969250676457,-0.8702409464784621,0.0,0.0,1.0,1.0,0.0,0.0,0.0,1.0,1,0,1,0,0,0,0,0,0,1,0,1,0
0.4499583771260538,-0.8295205827584317,0.0,1.0,0.0,0.0,0.0,0.0,1.0,0.0,0,0,1,1,1,0,0,0,0,1,1,1,0
1.300798441211109,1.1657772395230555,1.0,1.0,0.0,1.0,0.0,1.0,0.0,0.0,1,1,1,0,0,1,1,1,1,0,0,1,0
-1.46443176706532,0.26992923768238775,0.0,0.0,1.0,0.0,1.0,1.0,0.0,0.0,0,0,0,0,0,0,0,0,0,0,0,1,0
1.0648232671875193,0.9214550572028734,1.0,1.0,0.0,0.0,0.0,0.0,1.0,0.0,0,1,0,1,0,0,0,0,1,1,1,1,0
0.9850570111795457,-0.62591876415828,0.0,1.0,0.0,0.0,0.0,0.0,1.0,0.0,0,0,0,1,1,1,0,0,1,1,1,1,0
-1.4827115340671475,0.18848851024232702,1.0,0.0,1.0,1.0,0.0,1.0,0.0,0.0,0,0,0,0,0,0,0,0,0,0,0,1,0
-1.288281285047711,1.6137012404433893,0.0,0.0,1.0,0.0,1.0,0.0,0.0,1.0,1,0,0,1,0,0,0,0,0,1,0,1,0
0.4183842341228973,1.6137012404433893,1.0,0.0,0.0,0.0,1.0,1.0,0.0,0.0,1,0,0,1,0,1,1,1,1,0,0,1,1
0.042818112085353605,-0.9924020376385531,0.0,0.0,0.0,0.0,0.0,0.0,0.0,0.0,0,1,0,0,1,0,0,1,0,0,0,1,0
-1.491020519067978,-0.4223169455581282,0.0,0.0,1.0,0.0,0.0,0.0,0.0,1.0,1,0,1,0,0,0,0,0,0,0,0,1,0
0.6493740171459885,-1.2774445836787656,0.0,1.0,0.0,0.0,0.0,0.0,1.0,0.0,0,0,0,0,0,1,0,0,1,0,1,1,0
0.11261358609233106,0.22920887396235737,0.0,0.0,0.0,0.0,0.0,1.0,0.0,0.0,0,1,0,1,0,1,0,1,0,0,0,1,0
0.534710024134526,-0.62591876415828,1.0,0.0,0.0,1.0,0.0,0.0,1.0,0.0,0,1,1,0,0,1,1,1,1,0,0,1,0
0.356897745116751,1.5322605130033284,0.0,0.0,0.0,0.0,1.0,0.0,0.0,0.0,0,0,0,1,0,1,1,1,1,1,0,1,1
0.9202469281730669,1.6137012404433893,0.0,0.0,0.0,0.0,1.0,1.0,0.0,0.0,1,1,1,1,1,1,1,1,1,0,1,1,1
0.5264010391336954,-0.1779947632379461,0.0,1.0,0.0,0.0,0.0,0.0,1.0,0.0,0,1,0,0,0,0,0,0,0,1,0,1,0
0.612814483142334,-0.7073594915983407,0.0,1.0,0.0,0.0,0.0,0.0,0.0,0.0,0,0,0,0,0,1,0,0,1,1,0,1,0
0.7573908221567865,1.6137012404433893,1.0,0.0,0.0,0.0,1.0,0.0,0.0,0.0,1,1,1,1,1,1,1,1,1,1,0,1,0
1.156222102196656,-0.8702409464784621,0.0,1.0,0.0,0.0,0.0,0.0,1.0,0.0,1,1,0,1,0,0,1,0,1,1,1,1,1
0.5480044001358552,-0.9924020376385531,1.0,1.0,0.0,0.0,0.0,0.0,1.0,0.0,0,0,0,1,0,0,1,0,0,1,1,1,1
1.4835961112293827,1.002895784642934,0.0,1.0,0.0,1.0,0.0,0.0,0.0,0.0,1,1,0,1,0,1,1,1,1,1,0,1,0
-1.4893587220678117,-1.2774445836787656,1.0,0.0,1.0,0.0,0.0,0.0,0.0,0.0,1,0,1,0,0,0,0,0,0,0,1,1,0
-0.6385186579827569,0.5549717837226001,0.0,0.0,0.0,0.0,0.0,0.0,1.0,0.0,1,0,0,0,1,1,0,0,1,0,0,0,0
-1.46443176706532,-0.0965540357978854,1.0,0.0,1.0,1.0,0.0,1.0,0.0,0.0,1,0,0,0,0,0,0,0,0,0,0,1,0
0.3502505571160864,-0.9109613101984924,1.0,1.0,0.0,0.0,0.0,0.0,1.0,0.0,1,0,0,0,1,0,0,0,0,0,0,1,1
1.1462513201956595,-0.38159658183809786,1.0,1.0,0.0,0.0,0.0,0.0,1.0,0.0,1,0,0,1,1,1,1,0,1,1,1,1,0
0.9518210711762233,-0.015113308357824713,1.0,1.0,0.0,0.0,0.0,1.0,0.0,0.0,0,1,0,0,1,1,1,0,0,1,0,1,0
0.29873485011093664,-0.7888002190384014,1.0,1.0,0.0,0.0,0.0,1.0,0.0,0.0,0,0,0,0,1,0,0,0,0,1,0,1,0
0.5214156481331973,0.26992923768238775,0.0,1.0,0.0,0.0,1.0,0.0,1.0,0.0,0,0,0,0,0,0,1,1,0,1,1,1,0
0.7773323861587803,0.47353105628253944,0.0,1.0,0.0,0.0,0.0,1.0,0.0,0.0,0,0,0,0,0,1,1,0,1,1,0,1,0
-0.5172074769706297,-0.9516816739185228,1.0,0.0,0.0,0.0,0.0,0.0,0.0,1.0,0,0,0,0,0,0,0,1,0,0,0,1,1
-1.4993295040688086,1.4100994218432374,0.0,0.0,1.0,0.0,1.0,0.0,0.0,1.0,1,0,0,0,0,0,0,0,0,0,0,1,0
0.48485611412954227,-0.9516816739185228,1.0,1.0,0.0,0.0,0.0,0.0,0.0,0.0,1,0,1,1,0,0,1,0,0,1,1,1,0
0.4981504901308714,-0.7073594915983407,0.0,1.0,0.0,0.0,0.0,0.0,1.0,0.0,0,0,0,1,0,1,0,0,0,1,1,1,0
1.3423433662152622,1.5729808767233588,0.0,1.0,0.0,0.0,1.0,0.0,0.0,0.0,1,1,0,1,0,1,1,0,1,1,0,1,0
-0.5238546649712943,-1.2774445836787656,1.0,0.0,0.0,0.0,0.0,1.0,0.0,0.0,0,0,0,0,0,0,0,1,0,0,0,1,0
1.1728400721983174,-0.0965540357978854,0.0,1.0,0.0,0.0,0.0,0.0,1.0,0.0,1,1,1,1,0,0,1,0,1,1,1,1,0
0.15249671409631763,-1.2774445836787656,1.0,1.0,0.0,0.0,0.0,0.0,1.0,0.0,0,0,0,0,0,0,0,0,0,1,1,1,0
-0.4972659129686364,-0.62591876415828,1.0,0.0,0.0,0.0,0.0,0.0,0.0,1.0,1,1,0,0,0,1,0,0,1,1,0,0,0
0.6992279271509723,-1.1960038562387048,0.0,1.0,0.0,0.0,0.0,0.0,1.0,0.0,0,1,0,0,0,0,0,1,0,0,1,1,0
0.4964886931307054,1.4100994218432374,1.0,0.0,0.0,0.0,1.0,0.0,1.0,0.0,1,1,1,1,1,0,1,0,1,1,1,1,0
-1.4561227820644893,-1.2774445836787656,1.0,0.0,1.0,0.0,0.0,0.0,0.0,0.0,0,0,0,0,0,0,0,0,0,0,0,1,0
-0.47233895796614456,-1.2774445836787656,0.0,0.0,0.0,0.0,0.0,0.0,0.0,1.0,0,0,0,1,0,0,0,0,0,0,1,1,1
0.4831943171293762,-0.015113308357824713,0.0,1.0,0.0,0.0,0.0,0.0,0.0,1.0,1,0,0,1,0,0,1,0,0,0,0,1,1
-1.504314895069307,0.35136996512244845,1.0,0.0,1.0,1.0,0.0,0.0,0.0,0.0,1,0,1,0,0,0,0,0,0,0,0,1,0
0.5247392421335293,-1.2774445836787656,1.0,1.0,0.0,0.0,0.0,0.0,1.0,0.0,1,0,0,0,0,0,0,0,1,1,1,1,0
-0.6850489739874083,-1.2774445836787656,0.0,0.0,0.0,0.0,0.0,0.0,0.0,0.0,0,0,0,0,0,0,0,0,0,0,0,1,0
0.6560212051466532,-0.8295205827584317,0.0,1.0,0.0,0.0,0.0,0.0,1.0,0.0,1,0,1,1,0,1,1,0,0,1,1,1,0
1.3539759452164248,1.2064976032430856,1.0,1.0,0.0,0.0,0.0,0.0,1.0,0.0,1,1,1,1,1,1,0,0,1,1,0,1,0
0.6493740171459885,-0.4223169455581282,0.0,1.0,0.0,0.0,0.0,0.0,0.0,1.0,0,1,0,0,0,1,0,0,0,1,1,1,0
0.9285559131738974,-0.62591876415828,0.0,1.0,0.0,0.0,0.0,1.0,0.0,0.0,0,0,1,1,0,1,1,1,0,1,0,1,0
-1.2799723000468803,1.6137012404433893,0.0,0.0,1.0,0.0,1.0,0.0,0.0,0.0,1,0,1,1,0,0,0,0,0,1,0,1,0
1.069808658188018,0.9621754209229036,1.0,1.0,0.0,0.0,0.0,1.0,0.0,0.0,1,0,1,1,0,1,0,1,1,1,0,1,0
-1.4727407520661506,-0.9516816739185228,0.0,0.0,1.0,0.0,0.0,1.0,0.0,0.0,0,0,0,0,0,0,0,0,0,1,0,1,0
1.6963061272506461,1.6137012404433893,1.0,1.0,0.0,0.0,1.0,0.0,0.0,0.0,1,1,0,1,1,1,1,1,1,1,0,1,0
1.4437129832253957,-0.5037576729981889,1.0,1.0,0.0,0.0,0.0,0.0,0.0,0.0,0,1,0,0,1,1,1,1,1,1,0,1,0
-1.481049737066981,-0.5444780367182193,1.0,0.0,1.0,0.0,1.0,0.0,0.0,1.0,1,0,1,0,0,0,0,0,0,0,0,1,0
0.09931921009100189,-1.2367242199587352,1.0,1.0,0.0,0.0,0.0,0.0,1.0,0.0,0,0,0,0,0,0,0,0,0,1,1,1,0
-0.32776261895169184,0.8400143297628127,1.0,0.0,0.0,1.0,0.0,1.0,0.0,0.0,0,1,0,0,0,0,1,1,1,0,0,0,0
0.6809481601491449,-0.21871512695797646,0.0,1.0,0.0,0.0,0.0,0.0,1.0,0.0,0,1,0,1,0,0,0,0,0,1,1,1,1
-1.4827115340671475,-1.0738427650786138,1.0,0.0,1.0,0.0,0.0,0.0,0.0,0.0,0,0,0,0,0,0,0,0,0,0,0,1,0
0.8504514541660894,-0.9516816739185228,1.0,1.0,0.0,1.0,0.0,0.0,1.0,0.0,1,0,1,1,0,0,1,0,1,1,0,1,0
-0.2995120699488677,-0.9924020376385531,0.0,0.0,0.0,0.0,0.0,0.0,1.0,0.0,1,0,1,1,0,1,0,0,0,0,0,1,0
1.656422999246659,1.5729808767233588,0.0,1.0,0.0,0.0,1.0,0.0,0.0,0.0,1,1,1,1,1,1,1,1,1,0,0,1,0
0.5081212721318681,-0.9109613101984924,0.0,1.0,0.0,0.0,0.0,0.0,0.0,0.0,0,0,0,1,0,1,0,0,0,1,1,1,0
-1.4876969250676457,-1.2774445836787656,1.0,0.0,1.0,0.0,0.0,0.0,0.0,1.0,0,0,0,0,0,0,0,0,0,0,1,1,0
0.06774506708784545,1.5729808767233588,0.0,0.0,0.0,1.0,0.0,0.0,0.0,0.0,1,1,0,0,1,1,1,1,1,0,0,0,0
1.1811490571991479,1.4508197855632678,1.0,1.0,0.0,1.0,0.0,0.0,1.0,0.0,1,1,0,0,0,1,0,1,1,1,0,1,0
1.3489905542159264,0.06632741908223598,1.0,1.0,0.0,0.0,0.0,0.0,1.0,0.0,0,1,0,1,0,1,0,1,1,1,0,1,0
0.6792863631489789,-0.2594354906780068,1.0,1.0,0.0,1.0,0.0,0.0,1.0,0.0,0,0,0,0,0,1,1,1,0,1,0,1,0
-0.5305018529719588,-0.4223169455581282,0.0,0.0,0.0,0.0,0.0,1.0,0.0,0.0,0,0,0,0,1,0,0,0,0,1,1,1,0
-1.5225946620711341,-1.0331224013585834,1.0,0.0,1.0,0.0,0.0,0.0,0.0,1.0,0,0,0,0,0,0,0,0,0,1,0,1,0
0.16745288709781284,-0.5037576729981889,0.0,1.0,0.0,0.0,0.0,0.0,0.0,0.0,1,0,0,0,0,0,0,0,0,1,0,1,0
1.3755793062185846,1.125056875803025,0.0,1.0,0.0,0.0,0.0,0.0,1.0,0.0,1,1,0,1,0,1,1,0,1,1,0,1,0
-1.4694171580658184,1.6137012404433893,1.0,0.0,1.0,0.0,1.0,0.0,1.0,0.0,1,0,1,0,0,0,0,0,0,0,0,1,0
1.3622849302172555,1.6137012404433893,0.0,1.0,0.0,1.0,0.0,1.0,0.0,0.0,1,1,0,1,0,1,1,0,1,1,0,1,1
-1.3132082400502028,-1.1552834925186746,1.0,0.0,1.0,0.0,0.0,0.0,0.0,1.0,0,0,0,1,0,0,0,0,0,0,0,1,0
-1.4960059100684764,-0.6666391278783103,1.0,0.0,1.0,0.0,0.0,0.0,1.0,0.0,1,0,1,0,0,0,0,0,0,0,0,1,0
1.332372584214265,1.2064976032430856,0.0,1.0,0.0,1.0,0.0,0.0,1.0,0.0,1,1,0,1,1,0,1,0,1,1,0,1,1
-0.12668518193159078,-0.9109613101984924,0.0,0.0,0.0,0.0,0.0,0.0,0.0,1.0,0,1,0,0,0,0,0,1,0,1,0,1,0
0.544680806135523,-0.055833672077855064,1.0,1.0,0.0,0.0,0.0,0.0,1.0,0.0,0,0,0,1,0,1,0,0,0,1,0,1,0
-1.517609271070636,1.5729808767233588,0.0,0.0,1.0,0.0,1.0,1.0,0.0,0.0,1,0,0,0,0,0,0,0,0,0,0,1,0
-1.461108173064988,1.0436161483629645,1.0,0.0,1.0,0.0,1.0,0.0,0.0,1.0,0,0,0,0,0,0,0,0,0,0,0,1,0
0.8438042661654253,1.5322605130033284,1.0,0.0,0.0,0.0,1.0,1.0,0.0,0.0,1,1,1,1,1,1,1,1,1,1,0,1,0
0.8421424691652587,1.5729808767233588,0.0,0.0,0.0,0.0,1.0,0.0,1.0,0.0,1,1,0,1,1,1,1,1,1,0,0,1,0
0.31036742911209936,1.4915401492832983,1.0,0.0,0.0,0.0,1.0,1.0,0.0,0.0,0,1,0,1,1,0,1,1,0,0,0,1,1
0.6743009721484804,-1.2774445836787656,0.0,1.0,0.0,0.0,0.0,0.0,1.0,0.0,0,1,0,1,0,0,0,0,0,1,1,1,1
1.7943521502604476,1.6137012404433893,0.0,1.0,0.0,0.0,1.0,0.0,0.0,0.0,1,1,1,1,1,1,1,1,1,1,0,1,0
0.7025515211513048,-0.2594354906780068,0.0,1.0,0.0,0.0,0.0,1.0,0.0,0.0,1,1,0,0,0,0,0,1,0,0,0,1,0
1.0049985751815391,0.025607055362205634,0.0,1.0,0.0,0.0,0.0,1.0,0.0,0.0,1,1,0,1,0,0,1,1,0,1,0,1,0
-1.4827115340671475,-0.9109613101984924,0.0,0.0,1.0,0.0,1.0,0.0,0.0,1.0,1,0,1,0,0,0,0,0,0,0,0,1,0
1.2143849972024705,1.002895784642934,0.0,1.0,0.0,0.0,1.0,1.0,0.0,0.0,0,1,0,1,1,0,1,1,0,0,0,1,1
-1.4478137970636586,-0.9109613101984924,0.0,0.0,1.0,0.0,0.0,0.0,1.0,0.0,0,0,0,0,0,0,0,0,0,1,0,1,0
-1.3481059770536914,0.26992923768238775,0.0,0.0,1.0,1.0,0.0,0.0,0.0,1.0,1,0,1,1,0,0,0,0,0,1,0,1,0
-1.477726143066649,-0.8702409464784621,0.0,0.0,1.0,0.0,0.0,0.0,0.0,0.0,0,0,0,0,0,0,0,0,0,0,0,1,0
1.2642389072074542,-0.46303730927815856,0.0,1.0,0.0,0.0,0.0,0.0,1.0,0.0,1,1,1,0,0,1,1,1,1,1,1,1,0
0.682609957149311,1.4508197855632678,0.0,0.0,0.0,0.0,1.0,0.0,0.0,0.0,1,1,1,1,0,1,1,1,1,0,0,1,0
0.8255244991635975,-0.5851984004382496,1.0,1.0,0.0,1.0,0.0,1.0,0.0,0.0,0,0,0,1,0,0,1,0,1,1,0,1,0
1.1695164781979852,-1.0738427650786138,0.0,1.0,0.0,0.0,0.0,0.0,0.0,1.0,0,1,0,0,0,0,1,1,1,1,1,1,0
-0.28289409994720643,-0.5851984004382496,1.0,0.0,0.0,0.0,0.0,0.0,0.0,1.0,0,0,0,1,1,0,0,0,0,0,0,1,0
-0.4590445819648154,0.7992939660427822,0.0,0.0,0.0,1.0,0.0,0.0,0.0,0.0,1,0,1,0,0,0,1,0,0,1,0,1,0
1.697967924250812,0.9621754209229036,1.0,1.0,0.0,0.0,1.0,0.0,0.0,1.0,1,1,1,1,1,1,1,1,1,0,0,1,0
1.2924894562102784,0.5142514200025698,1.0,1.0,0.0,0.0,0.0,0.0,0.0,0.0,0,1,0,1,0,0,1,1,1,1,0,1,0
-1.2849576910473786,1.4100994218432374,0.0,0.0,1.0,0.0,1.0,0.0,0.0,1.0,0,0,0,1,0,0,0,0,0,1,0,1,0
-0.9858342310174765,-1.1960038562387048,1.0,0.0,0.0,0.0,0.0,0.0,0.0,1.0,1,0,0,0,1,0,0,1,0,0,0,0,0
1.141265929195161,1.3286586944031769,1.0,1.0,0.0,0.0,0.0,0.0,0.0,0.0,0,1,0,0,0,1,1,0,1,1,0,1,1
0.08270124008934066,1.247217966963116,1.0,0.0,0.0,0.0,1.0,0.0,0.0,1.0,1,1,0,1,0,1,0,1,0,0,0,1,0
-1.3215172250510334,-0.8702409464784621,0.0,0.0,1.0,0.0,1.0,0.0,0.0,1.0,1,0,1,1,0,0,0,0,0,0,0,1,0
-0.1732154979362424,-1.2774445836787656,1.0,0.0,0.0,0.0,0.0,0.0,0.0,1.0,0,1,1,0,0,0,0,1,0,1,0,1,0
0.43334040712439253,0.9214550572028734,1.0,0.0,0.0,0.0,1.0,0.0,0.0,0.0,0,1,0,1,0,0,1,0,1,1,0,1,0
-0.32111543095102724,-0.30015585439803716,1.0,0.0,0.0,1.0,0.0,0.0,0.0,1.0,1,0,1,1,0,0,0,1,0,1,0,1,0
1.7627780072572912,1.6137012404433893,1.0,1.0,0.0,1.0,0.0,0.0,0.0,0.0,1,1,0,1,1,1,1,1,1,1,1,1,0
-1.3497677740538576,1.6137012404433893,0.0,0.0,1.0,0.0,1.0,1.0,0.0,0.0,1,0,0,1,0,0,0,0,0,1,0,1,0
-0.6484894399837535,1.3286586944031769,0.0,0.0,0.0,0.0,1.0,0.0,0.0,1.0,0,0,1,0,0,1,0,1,1,0,0,0,0
0.4898415051300408,0.880734693482843,0.0,1.0,0.0,0.0,0.0,0.0,1.0,0.0,0,0,0,1,0,1,0,0,0,1,1,1,1
-1.479387940066815,-1.0331224013585834,1.0,0.0,1.0,0.0,0.0,0.0,0.0,1.0,1,0,1,0,0,0,0,0,0,0,0,1,0
-0.00038860991896550476,1.6137012404433893,0.0,0.0,0.0,0.0,1.0,0.0,0.0,0.0,1,0,0,1,1,1,0,1,0,0,0,1,0
-0.33773340095268845,-0.46303730927815856,1.0,0.0,0.0,0.0,0.0,0.0,0.0,0.0,1,0,0,0,0,0,0,0,1,0,0,1,0
-1.46443176706532,-1.2367242199587352,0.0,0.0,1.0,0.0,0.0,0.0,0.0,0.0,0,0,0,0,0,0,0,0,0,1,0,1,0
0.9966895901807084,-1.1552834925186746,1.0,1.0,0.0,0.0,0.0,0.0,1.0,0.0,0,1,0,0,0,0,1,0,1,1,0,1,1
0.4948268961305394,-1.1960038562387048,1.0,1.0,0.0,0.0,0.0,0.0,0.0,0.0,1,0,0,1,0,0,0,1,0,1,1,1,0
1.6963061272506461,1.6137012404433893,1.0,1.0,0.0,0.0,1.0,1.0,0.0,0.0,1,1,0,1,1,1,1,1,1,0,0,1,0
-0.5088984919697991,-1.0738427650786138,0.0,0.0,0.0,0.0,0.0,0.0,1.0,0.0,0,0,0,0,1,0,0,0,0,1,0,1,0
0.6327560471443273,0.7992939660427822,1.0,1.0,0.0,0.0,0.0,1.0,0.0,0.0,0,1,0,0,0,0,1,0,0,1,0,1,0
1.0166311541827018,1.4915401492832983,1.0,1.0,0.0,0.0,0.0,0.0,0.0,0.0,1,1,0,1,0,1,1,0,0,1,0,1,1
0.9950277931805424,-0.9924020376385531,1.0,1.0,0.0,0.0,0.0,0.0,1.0,0.0,0,1,0,0,0,0,1,0,1,1,1,1,0
0.3087056321119333,-0.9924020376385531,0.0,1.0,0.0,0.0,0.0,0.0,0.0,0.0,0,0,0,0,0,0,1,0,0,1,0,1,1
0.8255244991635975,1.247217966963116,0.0,1.0,0.0,0.0,0.0,0.0,0.0,0.0,0,1,0,1,0,0,1,0,0,1,0,1,1
1.722894879253304,1.125056875803025,1.0,1.0,0.0,1.0,0.0,1.0,0.0,0.0,0,1,0,1,1,1,1,1,1,1,0,1,0
-0.3510277769540174,-0.8295205827584317,0.0,0.0,0.0,0.0,0.0,0.0,0.0,0.0,1,0,0,0,1,0,0,1,0,0,0,1,0
-1.5109620830699715,-0.7888002190384014,0.0,0.0,1.0,0.0,0.0,0.0,0.0,1.0,0,0,0,0,0,0,0,0,0,1,0,1,0
0.00958217208203114,-0.4223169455581282,1.0,0.0,0.0,0.0,0.0,0.0,0.0,1.0,0,0,0,1,1,1,1,0,0,0,0,1,0
0.9219087251732329,-1.1145631287986442,1.0,1.0,0.0,0.0,0.0,0.0,1.0,0.0,0,0,0,1,0,0,1,0,1,1,1,1,0
-1.505976692069473,-1.2774445836787656,0.0,0.0,1.0,0.0,0.0,0.0,0.0,1.0,1,0,1,0,0,0,0,0,0,0,1,1,0
-1.3530913680541898,1.6137012404433893,0.0,0.0,1.0,0.0,1.0,0.0,0.0,0.0,1,0,1,1,0,0,0,0,0,1,0,1,0
-1.5292418500717988,-1.2367242199587352,0.0,0.0,1.0,0.0,0.0,0.0,0.0,0.0,0,0,0,0,0,0,0,0,0,0,0,1,0
-1.4827115340671475,0.3106496014024181,0.0,0.0,1.0,0.0,1.0,0.0,0.0,0.0,1,0,1,0,0,0,0,0,0,0,0,1,0
-1.4876969250676457,0.47353105628253944,1.0,0.0,1.0,1.0,0.0,0.0,0.0,0.0,1,0,1,0,0,0,0,0,0,0,0,1,0
0.2073360151017999,1.5729808767233588,1.0,0.0,0.0,1.0,0.0,0.0,0.0,0.0,1,0,0,0,1,1,0,1,1,1,0,1,1
0.358559542116917,-1.2367242199587352,0.0,1.0,0.0,0.0,0.0,0.0,1.0,0.0,0,0,0,1,0,0,0,0,0,1,1,1,0
0.9584682591768874,-0.2594354906780068,1.0,1.0,0.0,0.0,0.0,0.0,1.0,0.0,0,1,0,1,0,0,0,0,1,1,0,1,1
0.17410007509847744,-1.2774445836787656,1.0,1.0,0.0,0.0,0.0,0.0,1.0,0.0,1,0,1,0,0,0,0,0,0,1,1,1,0
-1.341458789053027,-1.2774445836787656,0.0,0.0,0.0,0.0,0.0,0.0,0.0,1.0,0,0,0,0,0,0,0,0,0,0,0,0,0
0.33363258711442517,1.3286586944031769,1.0,0.0,0.0,0.0,1.0,0.0,0.0,0.0,1,1,1,0,1,0,0,1,1,1,1,1,0
0.016229360082695727,-1.1960038562387048,1.0,0.0,0.0,0.0,0.0,0.0,0.0,1.0,0,0,0,1,0,0,0,1,1,1,0,1,0
-0.47233895796614456,-0.7888002190384014,1.0,0.0,0.0,0.0,0.0,0.0,0.0,1.0,0,0,0,0,0,0,0,1,0,1,0,1,0
1.3174164112127704,0.025607055362205634,0.0,1.0,0.0,0.0,0.0,0.0,1.0,0.0,1,1,0,1,0,1,1,0,1,1,1,1,0
0.19736523310080326,-1.2774445836787656,0.0,1.0,0.0,0.0,0.0,0.0,0.0,1.0,0,0,0,0,0,0,0,0,0,1,0,1,0
-0.6484894399837535,-1.1552834925186746,1.0,0.0,0.0,0.0,0.0,0.0,0.0,1.0,1,0,1,0,0,0,0,0,0,0,0,1,0
0.18407085709947407,-1.2367242199587352,1.0,1.0,0.0,0.0,0.0,0.0,1.0,0.0,0,0,0,0,0,0,0,0,0,1,0,1,0
1.4686399382278874,1.6137012404433893,1.0,1.0,0.0,0.0,1.0,1.0,0.0,0.0,1,1,0,1,1,1,0,1,1,1,0,1,0
-1.2733251120462157,0.18848851024232702,0.0,0.0,1.0,0.0,0.0,0.0,0.0,1.0,1,0,1,1,0,0,0,0,0,0,0,1,0
0.7125223031523015,-0.7073594915983407,0.0,1.0,0.0,0.0,0.0,0.0,1.0,0.0,0,0,0,0,1,0,0,0,1,0,1,1,0
-1.4993295040688086,-0.38159658183809786,0.0,0.0,1.0,1.0,0.0,1.0,0.0,0.0,0,0,0,0,0,0,0,0,0,1,0,1,0
-0.4507355969639848,-0.0965540357978854,0.0,0.0,0.0,0.0,0.0,1.0,0.0,0.0,1,1,1,0,0,0,0,1,1,0,1,0,0
-1.5192710680708021,0.3920903288424788,0.0,0.0,1.0,1.0,0.0,0.0,1.0,0.0,1,0,1,0,0,0,0,0,0,1,0,1,0
0.3319707901142591,-0.015113308357824713,0.0,0.0,0.0,1.0,0.0,0.0,0.0,1.0,0,1,0,1,1,0,0,0,1,0,0,1,0
0.36686852711774764,-0.4223169455581282,0.0,1.0,0.0,0.0,0.0,0.0,0.0,0.0,1,0,1,1,0,0,0,0,0,1,0,1,0
-1.3181936310507012,0.3920903288424788,1.0,0.0,0.0,0.0,0.0,1.0,0.0,0.0,1,0,0,0,0,0,0,0,0,1,0,0,0
-0.6750781919864114,-0.9924020376385531,0.0,0.0,0.0,0.0,0.0,0.0,0.0,1.0,0,0,0,0,0,0,0,0,0,0,0,1,0
1.3140928172124378,1.3286586944031769,0.0,1.0,0.0,0.0,1.0,1.0,0.0,0.0,1,1,1,1,1,0,1,0,1,1,0,1,0
-1.504314895069307,-1.2367242199587352,0.0,0.0,1.0,0.0,0.0,0.0,0.0,1.0,0,0,0,0,0,0,0,0,0,0,1,1,0
0.8055829351616043,1.5322605130033284,0.0,0.0,0.0,0.0,1.0,0.0,0.0,0.0,1,1,1,1,1,1,1,1,1,1,0,1,0
-1.4827115340671475,-0.4223169455581282,1.0,0.0,1.0,0.0,0.0,1.0,0.0,0.0,0,0,1,0,0,0,0,0,0,0,0,1,0
0.33695618111475767,-1.1552834925186746,0.0,1.0,0.0,0.0,0.0,0.0,1.0,0.0,0,0,0,1,0,0,0,0,0,1,1,1,1
0.33695618111475767,-1.2367242199587352,0.0,1.0,0.0,0.0,0.0,1.0,0.0,0.0,0,0,0,1,0,0,0,0,0,0,1,1,0
-0.950936494013988,1.4100994218432374,0.0,0.0,0.0,0.0,1.0,0.0,0.0,0.0,1,0,1,0,1,1,0,0,0,0,0,0,0
-1.5142856770703037,-0.30015585439803716,0.0,0.0,1.0,0.0,0.0,1.0,0.0,0.0,0,0,0,0,0,0,0,0,0,1,0,1,0
-1.5126238800701375,-0.5037576729981889,0.0,0.0,1.0,0.0,0.0,0.0,0.0,0.0,1,0,0,0,0,0,0,0,0,0,0,1,0
-0.11837619693076015,-1.2367242199587352,0.0,0.0,0.0,0.0,0.0,1.0,0.0,0.0,0,1,1,0,1,0,0,0,0,1,0,1,0
-1.4727407520661506,0.758573602322752,1.0,0.0,1.0,0.0,1.0,0.0,0.0,1.0,0,0,0,0,0,0,0,0,0,0,0,1,0
-0.9874960280176428,0.5549717837226001,0.0,0.0,0.0,0.0,0.0,0.0,0.0,0.0,1,0,1,0,1,1,0,0,0,0,0,0,0
1.1794872601989819,-0.30015585439803716,0.0,1.0,0.0,0.0,0.0,0.0,1.0,0.0,0,1,0,1,0,1,0,0,1,1,1,1,0
-0.6900343649879066,-0.7888002190384014,1.0,0.0,0.0,0.0,0.0,0.0,0.0,1.0,0,0,1,0,0,0,0,0,0,0,0,1,0
1.2642389072074542,-0.30015585439803716,0.0,1.0,0.0,0.0,0.0,0.0,0.0,1.0,0,1,0,1,1,1,0,0,1,1,1,1,1
-0.47898614596680894,-0.2594354906780068,1.0,0.0,0.0,1.0,0.0,0.0,0.0,1.0,1,0,1,0,0,0,1,0,0,0,0,1,0
1.1711782751981514,0.43281069256250915,1.0,1.0,0.0,1.0,0.0,0.0,1.0,0.0,0,1,0,1,0,0,0,1,1,1,1,1,0
-1.4876969250676457,-0.5444780367182193,1.0,0.0,1.0,0.0,0.0,0.0,1.0,0.0,0,0,1,0,0,0,0,0,0,1,0,1,0
1.1661928841976528,-0.9109613101984924,1.0,1.0,0.0,0.0,0.0,0.0,1.0,0.0,1,1,0,0,0,1,0,1,1,1,1,1,0
0.9784098231788811,-1.2367242199587352,0.0,1.0,0.0,0.0,0.0,0.0,0.0,0.0,0,1,1,1,0,0,0,0,1,1,1,1,0
0.719169491152966,1.6137012404433893,0.0,0.0,0.0,0.0,1.0,0.0,0.0,0.0,1,1,0,1,1,1,0,1,1,1,0,1,0
-0.2114368289400632,-0.5851984004382496,1.0,0.0,0.0,0.0,0.0,1.0,0.0,0.0,0,0,0,1,1,1,0,0,0,1,0,1,1
0.6344178441444933,-0.9516816739185228,1.0,1.0,0.0,0.0,0.0,0.0,1.0,0.0,0,1,0,1,0,0,0,0,0,1,1,1,1
0.7823177771592784,-0.21871512695797646,0.0,1.0,0.0,0.0,0.0,1.0,0.0,0.0,0,1,0,1,0,0,1,0,0,0,1,1,1
0.9750862291785486,-0.3408762181180675,1.0,1.0,0.0,0.0,0.0,0.0,1.0,0.0,0,1,0,1,0,0,0,0,1,1,0,1,0
1.3057838322116073,1.4915401492832983,1.0,1.0,0.0,1.0,0.0,0.0,0.0,0.0,0,1,0,0,0,1,1,1,1,1,1,1,0
1.4669781412277214,0.5549717837226001,0.0,1.0,0.0,0.0,1.0,1.0,0.0,0.0,1,1,0,1,0,1,1,1,1,1,0,1,0
1.4171242312227377,1.6137012404433893,0.0,1.0,0.0,0.0,1.0,0.0,0.0,0.0,0,1,0,1,1,1,1,1,0,1,0,1,1
0.9950277931805424,-0.4223169455581282,1.0,1.0,0.0,0.0,0.0,1.0,0.0,0.0,1,1,0,0,0,0,1,0,1,1,1,1,0
0.8670694241677506,1.5322605130033284,0.0,1.0,0.0,0.0,0.0,0.0,1.0,0.0,1,1,0,1,1,0,0,0,0,1,0,1,1
-1.491020519067978,-1.2367242199587352,0.0,0.0,1.0,0.0,0.0,0.0,1.0,0.0,0,0,0,0,0,0,0,0,0,0,0,1,0
0.05445069108651675,-0.055833672077855064,1.0,0.0,0.0,0.0,0.0,1.0,0.0,0.0,1,1,0,0,0,0,1,1,0,1,0,1,0
1.1927816362003112,0.9621754209229036,0.0,1.0,0.0,0.0,0.0,0.0,0.0,0.0,1,1,0,1,0,0,1,0,1,1,1,1,1
1.1944434332004772,-0.6666391278783103,0.0,1.0,0.0,0.0,0.0,0.0,0.0,0.0,1,1,1,0,1,0,1,0,1,0,0,1,0
-1.3015756610490399,0.7992939660427822,1.0,0.0,1.0,0.0,1.0,1.0,0.0,0.0,0,0,1,1,0,0,0,0,0,0,0,1,0
-1.4926823160681442,-0.7888002190384014,1.0,0.0,1.0,0.0,0.0,0.0,0.0,1.0,1,0,1,0,0,0,0,0,0,1,0,1,0
-1.462769970065154,0.10704778280226633,0.0,0.0,1.0,1.0,0.0,0.0,0.0,1.0,0,0,0,0,0,0,0,0,0,0,0,1,0
1.0315873271841969,1.0843365120829946,0.0,1.0,0.0,0.0,1.0,0.0,1.0,0.0,0,1,0,0,0,0,1,0,1,0,0,1,0
0.9933659961803764,1.6137012404433893,1.0,1.0,0.0,0.0,0.0,0.0,1.0,0.0,1,1,0,0,0,0,1,0,1,1,0,1,0
0.5247392421335293,1.369379058123207,0.0,0.0,0.0,0.0,1.0,0.0,0.0,0.0,1,1,0,1,0,1,1,0,1,1,1,1,1
1.392197276220246,0.6771328748826912,0.0,1.0,0.0,0.0,1.0,1.0,0.0,0.0,1,1,0,1,1,1,1,1,0,0,0,1,0
-0.62854787598176,-1.2367242199587352,0.0,0.0,0.0,0.0,0.0,0.0,0.0,1.0,0,0,0,0,0,0,0,0,0,1,0,1,0
1.3157546142126038,-0.46303730927815856,1.0,1.0,0.0,0.0,0.0,0.0,1.0,0.0,0,1,0,1,0,1,1,0,1,1,0,1,1
-0.3094828519498643,0.880734693482843,1.0,0.0,0.0,1.0,0.0,0.0,1.0,0.0,0,1,0,0,0,1,1,0,1,1,0,0,1
0.46823814412788106,-0.3408762181180675,1.0,1.0,0.0,0.0,0.0,0.0,1.0,0.0,1,0,0,1,1,0,0,0,0,1,1,1,1
-0.12003799393092641,-1.2774445836787656,1.0,0.0,0.0,0.0,0.0,0.0,1.0,0.0,0,0,0,1,1,1,0,0,0,0,0,1,0
0.47156173812821356,-1.0738427650786138,1.0,1.0,0.0,0.0,0.0,0.0,1.0,0.0,0,0,0,0,1,1,0,0,0,1,0,1,0
-0.6750781919864114,-1.2774445836787656,0.0,0.0,0.0,0.0,0.0,0.0,0.0,1.0,0,0,0,0,0,0,0,0,0,1,1,1,0
1.476948923228718,0.6771328748826912,1.0,1.0,0.0,1.0,0.0,1.0,0.0,0.0,0,1,1,1,1,1,1,0,1,1,0,1,0
-0.1150526029304281,0.9621754209229036,0.0,0.0,0.0,0.0,1.0,1.0,0.0,0.0,1,0,1,0,1,1,1,0,0,1,0,1,0
1.0664850641876853,0.9621754209229036,0.0,1.0,0.0,0.0,0.0,0.0,1.0,0.0,0,1,0,1,1,1,0,0,0,1,0,1,1
-0.8046983579993692,-1.0738427650786138,0.0,0.0,0.0,0.0,1.0,0.0,0.0,1.0,1,0,1,0,0,1,1,1,0,0,0,0,0
-1.4943441130683104,-0.015113308357824713,1.0,0.0,1.0,1.0,0.0,0.0,0.0,1.0,0,0,0,0,0,0,0,0,0,0,0,1,0
1.4453747802255617,0.7178532386027215,1.0,1.0,0.0,1.0,0.0,0.0,1.0,0.0,1,1,1,1,1,1,1,0,1,1,0,1,0
1.3390197722149297,1.0436161483629645,1.0,1.0,0.0,1.0,0.0,0.0,0.0,0.0,1,1,1,1,0,0,1,1,1,1,0,1,0
0.8537750481664219,1.3286586944031769,0.0,0.0,0.0,0.0,1.0,0.0,0.0,1.0,1,1,1,1,1,1,1,1,1,1,0,1,0
0.719169491152966,1.2879383306831464,0.0,0.0,0.0,0.0,1.0,1.0,0.0,0.0,0,1,0,1,1,1,1,1,1,1,0,1,0
0.07106866108817798,1.369379058123207,0.0,0.0,0.0,0.0,1.0,0.0,0.0,0.0,1,0,0,1,1,1,1,0,0,0,0,1,0
1.5268028332337018,0.22920887396235737,1.0,1.0,0.0,1.0,0.0,0.0,1.0,0.0,1,1,0,1,1,0,1,1,1,1,0,1,0
-1.4876969250676457,-0.5037576729981889,0.0,0.0,1.0,1.0,0.0,0.0,0.0,1.0,1,0,0,0,0,0,0,0,0,1,0,1,0
0.6693155811479823,0.14776814652229667,1.0,1.0,0.0,0.0,0.0,0.0,1.0,0.0,0,1,0,1,0,0,0,0,0,1,1,1,0
1.2409737492051283,1.2879383306831464,1.0,1.0,0.0,1.0,0.0,0.0,1.0,0.0,0,1,0,1,0,0,1,1,1,0,0,1,1
-1.479387940066815,-1.2774445836787656,1.0,0.0,1.0,0.0,0.0,0.0,0.0,1.0,0,0,0,0,0,0,0,0,0,0,1,1,0
0.179085466098976,1.125056875803025,0.0,0.0,0.0,1.0,0.0,1.0,0.0,0.0,0,0,0,0,0,1,1,1,1,1,0,1,0
0.31867641411292996,-1.2774445836787656,1.0,1.0,0.0,0.0,0.0,0.0,1.0,0.0,0,0,0,0,0,1,0,0,0,1,1,1,0
0.5081212721318681,0.7178532386027215,0.0,0.0,0.0,1.0,0.0,0.0,0.0,0.0,1,1,1,1,1,1,1,1,0,1,0,1,0
-0.09012564792793624,-1.2774445836787656,1.0,0.0,0.0,0.0,0.0,0.0,0.0,1.0,0,0,0,1,0,0,1,1,0,0,1,1,0
-0.5172074769706297,1.6137012404433893,0.0,0.0,0.0,0.0,1.0,0.0,1.0,0.0,1,1,0,0,1,1,1,0,0,1,0,0,0
-1.4710789550659844,1.125056875803025,1.0,0.0,1.0,0.0,1.0,0.0,0.0,0.0,1,0,0,0,0,0,0,0,0,1,0,1,0
-0.8811410200070108,0.5549717837226001,1.0,0.0,0.0,0.0,1.0,0.0,0.0,1.0,0,0,0,0,1,0,1,1,0,0,0,0,0
-0.32610082195152557,1.4915401492832983,0.0,0.0,0.0,0.0,1.0,1.0,0.0,0.0,1,1,1,0,0,1,1,0,1,1,0,0,0
1.0581760791868549,-0.055833672077855064,1.0,1.0,0.0,0.0,0.0,0.0,0.0,0.0,0,0,0,1,0,0,1,1,1,1,0,1,1
-1.491020519067978,-0.5444780367182193,1.0,0.0,1.0,1.0,0.0,0.0,0.0,1.0,1,0,1,0,0,0,0,0,0,0,0,1,0
-1.491020519067978,1.5729808767233588,0.0,0.0,1.0,0.0,1.0,1.0,0.0,0.0,1,0,1,0,0,0,0,0,0,0,0,1,0
0.6593447991469852,-0.8295205827584317,1.0,1.0,0.0,0.0,0.0,0.0,1.0,0.0,1,0,0,0,1,1,1,0,0,1,0,1,0
0.5064594751317021,0.26992923768238775,1.0,0.0,0.0,1.0,0.0,1.0,0.0,0.0,1,1,1,0,1,0,1,1,1,0,1,1,0
0.6809481601491449,0.47353105628253944,1.0,0.0,0.0,1.0,0.0,0.0,0.0,0.0,0,1,0,1,0,1,1,1,1,1,0,1,0
0.5480044001358552,0.9621754209229036,0.0,0.0,0.0,0.0,1.0,1.0,0.0,0.0,1,0,1,1,1,1,1,1,1,0,0,1,0
1.6863353452496495,1.6137012404433893,0.0,1.0,0.0,0.0,1.0,0.0,0.0,0.0,1,1,0,1,1,1,1,1,1,1,0,1,0
1.3074456292117733,-1.1145631287986442,1.0,1.0,0.0,0.0,0.0,0.0,0.0,1.0,0,1,0,1,0,1,1,0,1,0,1,1,0
0.4732235351283796,-0.8702409464784621,0.0,1.0,0.0,0.0,0.0,0.0,0.0,0.0,0,0,0,1,1,0,0,0,0,1,0,1,0
-0.8528904710041867,-0.3408762181180675,1.0,0.0,0.0,0.0,0.0,0.0,0.0,0.0,1,1,0,0,1,0,0,0,0,0,1,0,1
0.9933659961803764,-0.7073594915983407,0.0,1.0,0.0,0.0,0.0,0.0,1.0,0.0,1,1,0,0,0,1,0,0,1,1,0,1,1
-1.461108173064988,1.6137012404433893,1.0,0.0,1.0,0.0,1.0,0.0,0.0,1.0,0,0,0,0,0,0,0,0,0,1,0,1,0
-0.17487729493640844,0.9621754209229036,1.0,0.0,0.0,0.0,1.0,1.0,0.0,0.0,1,0,0,1,0,1,1,0,0,0,0,1,0
-1.4860351280674797,1.2879383306831464,1.0,0.0,1.0,0.0,1.0,0.0,0.0,0.0,0,0,0,0,0,0,0,0,0,1,0,1,1
1.1861344481996465,0.06632741908223598,0.0,1.0,0.0,0.0,0.0,0.0,1.0,0.0,1,1,0,1,0,0,1,0,1,1,0,1,0
0.39013368512007346,-1.2367242199587352,1.0,1.0,0.0,0.0,0.0,0.0,1.0,0.0,0,0,0,1,0,0,0,0,0,1,1,1,0
-1.4677553610656522,0.10704778280226633,1.0,0.0,1.0,1.0,0.0,0.0,0.0,0.0,0,0,0,0,0,0,0,0,0,0,0,1,0
-1.477726143066649,-0.4223169455581282,1.0,0.0,1.0,1.0,0.0,1.0,0.0,0.0,0,0,0,0,0,0,0,0,0,0,0,1,0
-0.5172074769706297,-1.1145631287986442,1.0,0.0,0.0,0.0,0.0,0.0,1.0,0.0,0,0,0,0,0,0,0,1,0,1,1,1,0
-0.8379342980026917,-0.9516816739185228,1.0,0.0,0.0,1.0,0.0,0.0,0.0,1.0,0,0,0,0,1,1,1,0,0,0,0,0,0
-1.38300371405718,-0.8702409464784621,1.0,0.0,1.0,0.0,0.0,1.0,0.0,0.0,0,0,0,1,0,0,0,0,0,0,1,1,0
-1.4727407520661506,-0.38159658183809786,1.0,0.0,1.0,1.0,0.0,0.0,0.0,1.0,0,0,0,0,0,0,0,0,0,0,0,1,0
0.534710024134526,-1.1552834925186746,0.0,1.0,0.0,0.0,0.0,0.0,1.0,0.0,1,1,1,0,0,0,0,0,0,0,1,1,0
-1.3132082400502028,1.4508197855632678,1.0,0.0,1.0,0.0,1.0,0.0,0.0,0.0,1,0,0,1,0,0,0,0,0,0,0,1,0
0.8803638001690798,0.025607055362205634,1.0,1.0,0.0,0.0,0.0,0.0,1.0,0.0,1,1,0,0,0,0,0,0,1,0,0,1,0
0.25552812810661757,-0.055833672077855064,1.0,0.0,0.0,0.0,0.0,0.0,0.0,0.0,0,0,0,0,1,1,1,1,1,1,0,1,0
-0.1549357309344149,-1.2774445836787656,1.0,0.0,0.0,0.0,0.0,0.0,0.0,1.0,0,0,0,1,0,1,0,1,0,0,1,1,0
-1.4976677070686424,0.9621754209229036,0.0,0.0,1.0,0.0,1.0,0.0,0.0,0.0,0,0,0,0,0,0,0,0,0,0,0,1,0
0.47156173812821356,-1.2774445836787656,1.0,1.0,0.0,0.0,0.0,0.0,1.0,0.0,0,0,0,0,0,0,0,0,1,1,1,1,0
0.3436033691154218,1.369379058123207,1.0,0.0,0.0,1.0,0.0,0.0,1.0,0.0,1,0,1,0,1,1,1,1,1,1,0,1,0
-1.3215172250510334,1.6137012404433893,1.0,0.0,1.0,0.0,1.0,0.0,0.0,0.0,1,0,1,1,0,0,0,0,0,0,0,1,0
0.14584952609565352,0.06632741908223598,1.0,1.0,0.0,0.0,0.0,1.0,0.0,0.0,0,0,0,0,0,0,0,0,0,0,0,1,1
0.8903345821700764,1.0436161483629645,0.0,1.0,0.0,0.0,0.0,0.0,1.0,0.0,1,0,1,0,0,1,1,0,1,1,0,1,0
-0.6518130339840859,-1.2367242199587352,1.0,0.0,0.0,0.0,0.0,0.0,1.0,0.0,0,0,0,0,0,0,0,0,0,1,1,1,0
-0.9625690730151509,0.18848851024232702,1.0,0.0,0.0,0.0,1.0,1.0,0.0,0.0,0,0,0,0,0,0,0,0,1,0,0,0,0
1.608230886241842,1.5729808767233588,0.0,1.0,0.0,0.0,1.0,1.0,0.0,0.0,0,1,0,1,1,1,1,1,1,1,0,1,0
-1.4926823160681442,-1.2774445836787656,1.0,0.0,1.0,1.0,0.0,1.0,0.0,0.0,1,0,1,0,0,0,0,0,0,0,0,1,0
-1.4943441130683104,1.5729808767233588,1.0,0.0,1.0,0.0,1.0,1.0,0.0,0.0,1,0,1,0,0,0,0,0,0,0,0,1,1
-1.491020519067978,0.10704778280226633,1.0,0.0,1.0,1.0,0.0,0.0,1.0,0.0,1,0,1,0,0,0,0,0,0,0,0,1,0
-1.4976677070686424,-1.0738427650786138,0.0,0.0,1.0,1.0,0.0,0.0,0.0,1.0,1,0,1,0,0,0,0,0,0,0,0,1,0
0.48651791112970877,-1.1960038562387048,0.0,1.0,0.0,0.0,0.0,0.0,1.0,0.0,0,0,0,0,0,0,0,0,1,1,1,1,0
-0.18817167093773737,1.4915401492832983,0.0,0.0,0.0,1.0,0.0,0.0,0.0,0.0,1,0,1,0,0,1,1,1,0,0,0,1,0
-0.35933676195484804,0.47353105628253944,1.0,0.0,0.0,1.0,0.0,0.0,0.0,1.0,0,1,0,0,0,1,1,0,1,1,1,0,0
0.8770402061687477,0.8400143297628127,0.0,1.0,0.0,1.0,0.0,0.0,1.0,0.0,1,1,0,1,0,0,0,1,0,1,0,1,0
1.1479131171958254,-0.3408762181180675,0.0,1.0,0.0,0.0,0.0,1.0,0.0,0.0,1,1,0,0,0,1,1,0,1,1,1,1,0
0.13920233809498894,-1.1145631287986442,0.0,1.0,0.0,0.0,0.0,0.0,1.0,0.0,1,0,0,0,0,0,0,0,0,1,0,1,0
-0.43910301796282214,-1.2367242199587352,0.0,0.0,0.0,0.0,0.0,0.0,0.0,1.0,0,0,1,0,0,1,0,0,0,0,0,1,0
-1.341458789053027,1.2064976032430856,1.0,0.0,1.0,0.0,1.0,0.0,0.0,1.0,0,0,1,1,0,0,0,0,0,1,0,1,0
1.0648232671875193,-0.5444780367182193,0.0,1.0,0.0,0.0,0.0,0.0,1.0,0.0,1,1,0,0,0,0,1,0,1,1,0,1,0
0.17576187209864347,-0.9516816739185228,1.0,1.0,0.0,0.0,0.0,0.0,0.0,1.0,0,0,0,0,0,0,0,0,0,0,0,1,0
-1.504314895069307,0.8400143297628127,1.0,0.0,1.0,0.0,1.0,1.0,0.0,0.0,0,0,0,0,0,0,0,0,0,0,0,1,0
0.464914550127549,-1.1145631287986442,1.0,1.0,0.0,0.0,0.0,0.0,0.0,1.0,0,1,0,0,0,0,0,0,0,0,0,1,0
0.14751132309581955,1.5729808767233588,0.0,0.0,0.0,1.0,0.0,0.0,1.0,0.0,1,0,1,1,1,1,0,0,1,0,0,1,1
-1.502653098069141,-1.2774445836787656,0.0,0.0,1.0,0.0,0.0,0.0,0.0,1.0,0,0,0,0,0,0,0,0,0,1,0,1,0
0.5280628361338618,-0.5851984004382496,1.0,1.0,0.0,0.0,0.0,0.0,1.0,0.0,0,0,0,1,0,1,0,0,0,1,1,1,0
1.2924894562102784,1.6137012404433893,1.0,1.0,0.0,0.0,1.0,0.0,1.0,0.0,0,1,0,1,0,1,1,0,1,1,0,1,0
-0.33440980695235617,-1.1552834925186746,0.0,0.0,0.0,0.0,0.0,0.0,0.0,1.0,1,0,0,0,1,1,0,0,0,0,0,1,0
-0.35268957395418365,1.0843365120829946,1.0,0.0,0.0,0.0,1.0,1.0,0.0,0.0,0,0,0,1,0,0,1,0,0,0,0,1,0
0.21065960910213194,-1.2774445836787656,0.0,1.0,0.0,0.0,0.0,0.0,0.0,1.0,0,0,0,0,0,0,0,0,0,0,1,1,0
0.6676537841478158,-0.055833672077855064,0.0,1.0,0.0,0.0,0.0,0.0,1.0,0.0,1,1,0,1,0,0,0,0,0,1,0,1,1
-1.4876969250676457,-1.1960038562387048,1.0,0.0,1.0,0.0,0.0,0.0,0.0,0.0,1,0,0,0,0,0,0,0,0,0,0,1,0
1.3789029002189168,1.3286586944031769,0.0,1.0,0.0,1.0,0.0,0.0,1.0,0.0,1,1,0,1,0,1,1,0,1,1,1,1,1
1.1462513201956595,0.6771328748826912,1.0,1.0,0.0,1.0,0.0,1.0,0.0,0.0,1,1,0,0,0,0,1,1,1,1,0,1,0
-1.5093002860698053,-1.2367242199587352,1.0,0.0,1.0,0.0,0.0,0.0,0.0,1.0,0,0,0,0,0,0,0,0,0,0,0,1,0
-1.461108173064988,0.8400143297628127,0.0,0.0,1.0,1.0,0.0,0.0,0.0,0.0,1,0,0,0,0,0,0,0,0,0,1,1,0
0.9966895901807084,0.9214550572028734,0.0,1.0,0.0,1.0,0.0,0.0,1.0,0.0,1,1,0,0,1,0,0,0,1,1,0,1,0
1.638143232244832,1.6137012404433893,1.0,1.0,0.0,0.0,1.0,1.0,0.0,0.0,1,1,1,1,1,1,1,1,1,1,0,1,0
0.33695618111475767,0.14776814652229667,0.0,1.0,0.0,0.0,0.0,0.0,0.0,0.0,0,0,0,1,0,0,0,0,0,1,0,1,1
-1.4943441130683104,-0.9109613101984924,0.0,0.0,1.0,0.0,0.0,0.0,0.0,0.0,1,0,1,0,0,0,0,0,0,1,0,1,0
0.9717626351782166,-1.2774445836787656,1.0,1.0,0.0,0.0,0.0,0.0,1.0,0.0,0,1,0,1,0,0,0,0,1,1,1,1,1
0.534710024134526,1.6137012404433893,0.0,0.0,0.0,0.0,1.0,0.0,0.0,0.0,1,1,1,1,1,1,1,1,0,0,0,1,0
-0.33607160395252245,-0.1779947632379461,0.0,0.0,0.0,0.0,0.0,0.0,0.0,0.0,0,0,0,0,0,1,0,1,0,0,0,1,0
0.895319973170575,0.22920887396235737,1.0,1.0,0.0,0.0,0.0,0.0,0.0,0.0,1,0,0,1,1,0,0,0,1,0,0,1,0
1.789366759259949,1.1657772395230555,0.0,1.0,0.0,1.0,0.0,0.0,1.0,0.0,0,1,0,1,1,1,1,1,1,1,0,1,0
-1.3364733980525287,0.7992939660427822,1.0,0.0,1.0,0.0,1.0,0.0,0.0,1.0,1,0,1,1,0,0,0,0,0,0,0,1,0
-1.505976692069473,1.4100994218432374,1.0,0.0,1.0,1.0,0.0,0.0,0.0,1.0,0,0,0,0,0,0,0,0,0,1,0,1,0
1.7079387062518092,0.06632741908223598,0.0,1.0,0.0,0.0,1.0,1.0,0.0,0.0,0,1,1,1,1,1,1,1,1,1,0,1,0
0.5264010391336954,0.880734693482843,0.0,0.0,0.0,0.0,1.0,0.0,1.0,0.0,0,1,0,0,1,0,1,1,1,0,0,1,0
-1.477726143066649,-1.2774445836787656,0.0,0.0,1.0,0.0,0.0,0.0,0.0,0.0,1,0,0,0,0,0,0,0,0,1,0,1,0
0.8338334841644282,-0.7073594915983407,0.0,1.0,0.0,0.0,0.0,0.0,1.0,0.0,0,1,0,1,0,1,0,0,0,0,1,1,1
-0.6235624849812617,-1.1552834925186746,0.0,0.0,0.0,0.0,0.0,0.0,0.0,1.0,0,0,0,0,0,0,0,0,0,1,1,1,0
0.04946530008601819,-0.9516816739185228,0.0,0.0,0.0,0.0,0.0,0.0,0.0,1.0,0,0,0,0,0,1,0,1,1,0,1,1,0
1.1645310871974868,0.5549717837226001,0.0,1.0,0.0,0.0,0.0,0.0,1.0,0.0,0,1,1,0,0,1,1,0,1,1,0,1,0
0.8388188751649267,-0.4223169455581282,0.0,1.0,0.0,0.0,0.0,0.0,1.0,0.0,0,0,0,1,0,0,0,1,1,1,1,1,0
0.18905624809997262,0.22920887396235737,1.0,1.0,0.0,1.0,0.0,0.0,0.0,0.0,0,0,0,0,0,0,0,0,0,1,1,1,0
0.3402797751150897,0.9214550572028734,0.0,0.0,0.0,1.0,0.0,1.0,0.0,0.0,1,0,1,1,1,1,0,1,1,1,0,1,0
-1.491020519067978,-1.2774445836787656,0.0,0.0,1.0,0.0,0.0,0.0,0.0,1.0,0,0,0,0,0,0,0,0,0,0,0,1,0
0.5164302571326987,1.2879383306831464,1.0,1.0,0.0,1.0,0.0,1.0,0.0,0.0,1,0,0,0,1,0,1,0,0,0,0,1,1
-1.4960059100684764,0.8400143297628127,1.0,0.0,1.0,0.0,1.0,0.0,0.0,0.0,0,0,1,0,0,0,0,0,0,0,1,1,0
0.6493740171459885,1.0436161483629645,0.0,0.0,0.0,0.0,1.0,0.0,1.0,0.0,1,1,0,1,1,0,1,1,1,1,0,1,0
-0.35601316795451593,0.9621754209229036,1.0,0.0,0.0,1.0,0.0,0.0,0.0,0.0,1,1,0,0,0,0,1,1,1,1,0,0,0
1.3340343812144315,1.6137012404433893,1.0,1.0,0.0,0.0,1.0,1.0,0.0,0.0,1,1,1,0,1,0,1,1,1,1,0,1,0
-0.35933676195484804,-1.2774445836787656,1.0,0.0,0.0,0.0,0.0,0.0,1.0,0.0,0,0,0,0,1,0,0,1,0,1,1,1,0
1.0797794401890146,1.6137012404433893,1.0,1.0,0.0,1.0,0.0,1.0,0.0,0.0,1,1,0,1,0,1,0,0,1,1,0,1,1
0.6078290921418354,-0.4223169455581282,1.0,1.0,0.0,0.0,0.0,0.0,1.0,0.0,0,1,0,1,0,0,0,0,0,0,0,1,0
1.3539759452164248,-0.9924020376385531,0.0,1.0,0.0,0.0,0.0,0.0,1.0,0.0,0,1,0,1,0,1,1,0,1,1,1,1,1
0.5396954151350245,-0.6666391278783103,0.0,1.0,0.0,0.0,0.0,0.0,1.0,0.0,0,0,1,0,0,0,0,0,1,1,1,1,0
-0.7864185909975417,0.26992923768238775,0.0,0.0,0.0,0.0,0.0,0.0,0.0,0.0,0,0,0,0,0,1,1,1,0,0,0,0,0
-0.6567984249845842,-0.8295205827584317,0.0,0.0,0.0,0.0,0.0,0.0,0.0,0.0,0,0,0,0,0,0,0,0,0,1,0,1,0
0.32532360211359457,0.880734693482843,1.0,0.0,0.0,0.0,1.0,0.0,0.0,0.0,1,1,0,0,1,1,0,0,1,1,0,1,0
-0.8163309370005319,-0.5851984004382496,0.0,0.0,0.0,1.0,0.0,0.0,0.0,1.0,0,0,0,0,1,1,0,1,0,1,0,0,0
0.19071804510013865,-0.015113308357824713,1.0,0.0,0.0,1.0,0.0,0.0,0.0,1.0,1,1,0,0,1,1,0,1,0,0,0,1,0
-1.4960059100684764,0.35136996512244845,0.0,0.0,1.0,1.0,0.0,0.0,0.0,1.0,0,0,0,0,0,0,0,0,0,1,0,1,0
-1.3331498040521963,1.4100994218432374,1.0,0.0,1.0,0.0,1.0,0.0,0.0,0.0,1,0,1,1,0,0,0,0,0,0,0,1,0
1.3124310202122718,1.3286586944031769,1.0,1.0,0.0,0.0,0.0,0.0,1.0,0.0,1,1,0,1,1,0,1,0,1,1,0,1,0
0.4516201741262198,-0.30015585439803716,0.0,0.0,0.0,0.0,0.0,0.0,0.0,0.0,0,0,0,1,1,1,1,1,1,1,0,1,0
0.16745288709781284,-1.2774445836787656,0.0,1.0,0.0,0.0,0.0,0.0,1.0,0.0,1,0,1,0,0,0,0,0,0,1,1,1,0
1.4935668932303794,1.4100994218432374,0.0,1.0,0.0,1.0,0.0,1.0,0.0,0.0,1,1,0,1,0,1,1,1,1,1,0,1,0
0.29873485011093664,-1.0331224013585834,1.0,1.0,0.0,0.0,0.0,0.0,0.0,1.0,0,0,0,1,0,0,0,0,0,0,1,1,1
-1.0406735320229585,0.43281069256250915,0.0,0.0,0.0,0.0,0.0,1.0,0.0,0.0,0,0,0,0,1,1,0,0,0,1,0,0,1
0.9917041991802098,-0.3408762181180675,0.0,1.0,0.0,0.0,0.0,0.0,1.0,0.0,0,1,0,0,1,0,0,0,1,1,0,1,0
-0.3393951979528547,-0.9516816739185228,1.0,0.0,0.0,0.0,0.0,0.0,1.0,0.0,0,0,0,1,1,0,0,0,0,0,1,1,1
-1.481049737066981,1.4915401492832983,1.0,0.0,1.0,0.0,1.0,0.0,0.0,0.0,1,0,1,0,0,0,0,0,0,0,0,1,0
-1.477726143066649,0.18848851024232702,0.0,0.0,1.0,1.0,0.0,0.0,0.0,0.0,0,0,1,0,0,0,0,0,0,0,0,1,0
-0.84291968900319,-0.5037576729981889,1.0,0.0,0.0,0.0,1.0,1.0,0.0,0.0,1,0,1,0,1,0,1,1,0,1,0,0,0
0.14584952609565352,-1.0331224013585834,1.0,1.0,0.0,0.0,0.0,0.0,0.0,0.0,0,0,0,0,0,0,0,0,0,0,0,1,0
0.3818247001192428,0.18848851024232702,0.0,1.0,0.0,0.0,0.0,0.0,1.0,0.0,0,0,0,1,0,0,0,0,0,1,1,1,1
0.9684390411778845,-1.1145631287986442,0.0,1.0,0.0,0.0,0.0,0.0,0.0,1.0,0,1,0,1,0,0,0,0,1,1,1,1,0
-0.44575020596348647,0.35136996512244845,1.0,0.0,0.0,1.0,0.0,0.0,1.0,0.0,0,1,0,0,0,0,1,0,1,1,0,0,0
1.1728400721983174,0.880734693482843,0.0,1.0,0.0,1.0,0.0,1.0,0.0,0.0,0,1,0,0,1,1,0,0,1,1,0,1,0
0.1873944510998066,-1.1960038562387048,0.0,1.0,0.0,0.0,0.0,0.0,1.0,0.0,0,0,0,0,0,0,0,0,0,1,1,1,1
-1.477726143066649,1.4915401492832983,1.0,0.0,1.0,0.0,1.0,1.0,0.0,0.0,0,0,0,0,0,0,0,0,0,0,0,1,1
0.9867188081797118,0.8400143297628127,0.0,1.0,0.0,1.0,0.0,1.0,0.0,0.0,0,1,0,0,0,1,1,1,0,1,0,1,0
-0.6102681089799328,-0.5851984004382496,1.0,0.0,0.0,1.0,0.0,1.0,0.0,0.0,1,0,1,0,0,1,1,0,1,0,0,0,0
1.3057838322116073,1.2879383306831464,1.0,1.0,0.0,0.0,1.0,1.0,0.0,0.0,1,1,0,0,1,1,0,1,1,1,0,1,0
0.8770402061687477,-0.055833672077855064,0.0,1.0,0.0,0.0,0.0,0.0,1.0,0.0,1,1,1,1,0,1,0,0,0,1,1,1,0
-1.3248408190513656,-0.5037576729981889,0.0,0.0,0.0,0.0,0.0,1.0,0.0,0.0,0,0,0,0,0,0,0,0,0,0,0,0,0
-0.17155370093607614,1.002895784642934,1.0,0.0,0.0,1.0,0.0,0.0,0.0,1.0,1,0,1,0,1,1,0,1,0,0,0,1,0
1.4536837652263923,1.247217966963116,1.0,1.0,0.0,0.0,1.0,1.0,0.0,0.0,1,1,0,1,1,1,1,0,1,0,0,1,1
-0.8046983579993692,-0.7888002190384014,1.0,0.0,0.0,0.0,1.0,0.0,0.0,1.0,1,0,1,0,1,1,0,1,0,0,0,0,0
-0.1931570619382357,0.6364125111626608,0.0,0.0,0.0,1.0,0.0,0.0,0.0,0.0,1,1,0,0,0,1,0,0,0,1,0,1,1
0.20567421810163386,-1.2367242199587352,0.0,1.0,0.0,0.0,0.0,0.0,1.0,0.0,0,0,0,0,0,0,0,0,0,1,1,1,0
-1.462769970065154,1.002895784642934,1.0,0.0,1.0,0.0,1.0,0.0,0.0,1.0,1,0,1,0,0,0,0,0,0,0,0,1,0
1.608230886241842,1.5729808767233588,1.0,1.0,0.0,1.0,0.0,0.0,0.0,0.0,1,1,0,1,0,1,1,1,1,1,0,1,0
-0.5305018529719588,-1.0331224013585834,0.0,0.0,0.0,0.0,0.0,0.0,1.0,0.0,1,0,1,1,0,0,0,0,0,0,0,1,0
-0.056889707924613786,-0.6666391278783103,0.0,0.0,0.0,0.0,0.0,0.0,0.0,0.0,0,1,0,1,0,0,0,0,0,1,0,1,0
1.1994288242009752,0.06632741908223598,1.0,1.0,0.0,0.0,0.0,0.0,1.0,0.0,1,1,0,1,0,0,1,0,1,0,0,1,0
1.15456030519649,0.18848851024232702,0.0,1.0,0.0,0.0,0.0,0.0,1.0,0.0,1,1,0,1,0,0,1,0,1,1,1,1,0
0.5247392421335293,-0.6666391278783103,1.0,1.0,0.0,0.0,0.0,0.0,0.0,1.0,0,0,0,1,0,1,0,0,0,1,0,1,0
-0.012021188920128179,0.6364125111626608,1.0,0.0,0.0,1.0,0.0,0.0,0.0,0.0,0,0,1,1,1,1,1,0,0,1,0,1,0
0.3469269631157543,1.0436161483629645,1.0,0.0,0.0,1.0,0.0,1.0,0.0,0.0,1,1,1,0,0,1,0,1,1,1,0,1,0
0.6693155811479823,1.6137012404433893,0.0,0.0,0.0,0.0,1.0,0.0,0.0,0.0,1,1,0,1,1,0,1,1,1,1,0,1,0
-1.5109620830699715,-1.0331224013585834,0.0,0.0,1.0,0.0,0.0,0.0,0.0,1.0,0,0,0,0,0,0,0,0,0,0,0,1,0
0.6360796411446599,0.22920887396235737,0.0,1.0,0.0,0.0,0.0,1.0,0.0,0.0,0,0,0,0,1,1,1,0,0,1,1,1,0
1.7511454282561285,0.6364125111626608,0.0,1.0,0.0,0.0,0.0,0.0,1.0,0.0,1,1,0,1,1,1,1,1,1,0,1,1,1
1.3174164112127704,-0.9109613101984924,1.0,1.0,0.0,0.0,0.0,0.0,1.0,0.0,0,1,0,0,1,1,1,0,1,1,1,1,0
0.32864719611392706,-0.0965540357978854,0.0,0.0,0.0,1.0,0.0,1.0,0.0,0.0,0,0,0,0,1,1,1,1,1,0,0,1,0
-0.18983346793790365,-0.055833672077855064,1.0,0.0,0.0,0.0,0.0,1.0,0.0,0.0,1,0,0,1,0,0,0,0,1,1,0,1,0
0.14418772909548702,0.5549717837226001,0.0,0.0,0.0,1.0,0.0,1.0,0.0,0.0,0,1,0,1,0,0,1,1,0,1,0,1,1
-1.4694171580658184,0.7178532386027215,1.0,0.0,1.0,0.0,1.0,0.0,0.0,1.0,1,0,0,0,0,0,0,0,0,0,0,1,0
0.39179548212023946,-0.1779947632379461,1.0,1.0,0.0,0.0,0.0,0.0,0.0,0.0,1,0,0,0,0,0,0,1,0,0,0,1,0
-0.07516947492644105,1.369379058123207,0.0,0.0,0.0,0.0,1.0,0.0,0.0,0.0,0,1,0,0,1,1,1,1,1,1,0,0,0
-1.1752790890364146,-0.9924020376385531,1.0,0.0,0.0,0.0,0.0,0.0,1.0,0.0,0,0,0,0,0,0,1,0,0,1,1,0,1
1.001674981181207,0.35136996512244845,0.0,1.0,0.0,0.0,0.0,0.0,0.0,0.0,1,1,1,0,0,0,1,0,1,1,0,1,0
1.5583769762368582,1.6137012404433893,1.0,1.0,0.0,0.0,1.0,0.0,0.0,0.0,1,1,0,1,0,1,1,1,1,1,0,1,1
-1.491020519067978,-1.0331224013585834,0.0,0.0,1.0,1.0,0.0,0.0,0.0,1.0,0,0,0,0,0,0,0,0,0,0,0,1,0
-1.4727407520661506,0.22920887396235737,0.0,0.0,1.0,0.0,0.0,0.0,0.0,1.0,1,0,1,0,0,0,0,0,0,0,0,1,0
1.3722557122182522,0.47353105628253944,1.0,1.0,0.0,1.0,0.0,0.0,1.0,0.0,0,1,0,0,1,1,1,0,1,1,0,1,0
1.6182016682428386,0.5956921474426305,1.0,1.0,0.0,1.0,0.0,0.0,0.0,0.0,1,1,1,1,1,1,1,1,1,1,0,1,0
0.9235705221733989,0.8400143297628127,1.0,1.0,0.0,0.0,0.0,0.0,1.0,0.0,1,0,1,0,0,1,0,1,1,1,0,1,0
0.0278619390838584,-1.1552834925186746,1.0,0.0,0.0,0.0,0.0,0.0,1.0,0.0,1,0,0,1,0,0,1,0,1,0,0,1,0
0.6510358141461546,-0.5037576729981889,1.0,1.0,0.0,0.0,0.0,0.0,1.0,0.0,0,0,0,1,0,0,0,0,1,1,0,1,1
-0.6684310039857471,-1.2367242199587352,1.0,0.0,0.0,0.0,0.0,0.0,0.0,1.0,0,0,0,0,0,0,0,0,0,0,1,1,0
0.21065960910213194,1.002895784642934,1.0,0.0,0.0,1.0,0.0,1.0,0.0,0.0,1,0,0,1,0,1,1,0,1,1,0,1,1
0.677624566148813,0.47353105628253944,0.0,1.0,0.0,0.0,0.0,0.0,1.0,0.0,1,0,0,0,1,1,0,1,0,1,0,1,1
-0.5005895069689685,-0.3408762181180675,1.0,0.0,0.0,0.0,0.0,0.0,0.0,1.0,0,0,0,0,0,0,1,0,0,1,0,1,0
-1.1486903370337564,-0.7073594915983407,1.0,0.0,0.0,0.0,0.0,0.0,0.0,0.0,1,0,1,0,1,0,0,0,0,1,0,0,0
-1.3132082400502028,-1.1960038562387048,0.0,0.0,0.0,0.0,0.0,0.0,1.0,0.0,0,0,0,0,0,0,0,0,0,0,1,0,0
0.641065032145158,-1.1552834925186746,0.0,1.0,0.0,0.0,0.0,0.0,0.0,0.0,0,0,1,1,0,1,1,0,0,0,1,1,0
0.6959043331506402,0.18848851024232702,1.0,1.0,0.0,0.0,0.0,0.0,1.0,0.0,1,0,0,1,0,0,0,0,1,1,1,1,1
0.3303089931140931,-1.2774445836787656,0.0,1.0,0.0,0.0,0.0,0.0,1.0,0.0,0,0,0,0,0,1,0,0,0,1,1,1,0
-0.27957050594687416,-0.3408762181180675,0.0,0.0,0.0,0.0,0.0,1.0,0.0,0.0,0,0,0,0,1,0,0,1,0,0,0,1,0
0.8654076271675846,-1.1145631287986442,0.0,1.0,0.0,0.0,0.0,0.0,1.0,0.0,0,0,0,1,0,1,0,0,1,1,1,1,0
1.422109622223236,0.025607055362205634,0.0,1.0,0.0,0.0,0.0,0.0,1.0,0.0,0,1,0,1,0,1,1,0,1,0,0,1,0
-1.4926823160681442,1.0436161483629645,0.0,0.0,1.0,0.0,1.0,0.0,0.0,1.0,1,0,1,0,0,0,0,0,0,1,0,1,0
1.0349109211845293,1.6137012404433893,0.0,1.0,0.0,0.0,1.0,0.0,0.0,0.0,1,0,1,1,1,1,0,0,1,1,0,1,0
-1.3597385560548543,1.5729808767233588,0.0,0.0,1.0,0.0,1.0,0.0,0.0,1.0,1,0,0,1,0,0,0,0,0,0,0,1,0
1.3755793062185846,-0.1779947632379461,0.0,1.0,0.0,0.0,0.0,0.0,1.0,0.0,0,1,0,1,0,1,1,0,1,1,1,1,1
0.6344178441444933,0.758573602322752,1.0,0.0,0.0,0.0,1.0,1.0,0.0,0.0,1,1,0,0,1,1,1,1,1,1,0,1,0
0.684271754149477,-0.0965540357978854,0.0,0.0,0.0,1.0,0.0,0.0,0.0,0.0,0,1,0,0,1,1,1,1,1,0,1,1,0
0.6659919871476498,1.6137012404433893,1.0,1.0,0.0,0.0,1.0,1.0,0.0,0.0,1,0,0,0,1,1,0,1,0,1,0,1,1
0.8670694241677506,0.14776814652229667,1.0,1.0,0.0,0.0,0.0,0.0,1.0,0.0,0,0,0,1,1,0,0,0,1,1,1,1,1
0.37683930911874425,-0.748079855318371,1.0,0.0,0.0,0.0,1.0,0.0,0.0,0.0,0,1,1,0,1,1,1,1,0,0,0,1,0
0.32532360211359457,1.6137012404433893,0.0,0.0,0.0,0.0,1.0,0.0,0.0,1.0,1,0,1,1,1,1,0,1,1,0,0,1,0
-0.8495668770038544,-0.4223169455581282,0.0,0.0,0.0,0.0,0.0,0.0,1.0,0.0,1,0,1,0,0,1,0,0,1,0,0,0,0
0.4915033021302069,-1.2367242199587352,0.0,1.0,0.0,0.0,0.0,0.0,1.0,0.0,0,0,0,1,0,1,0,0,0,0,0,1,0
-1.5009913010689746,-0.7073594915983407,0.0,0.0,1.0,0.0,0.0,0.0,0.0,1.0,0,0,0,0,0,0,0,0,0,0,0,1,0
-1.502653098069141,0.758573602322752,1.0,0.0,1.0,0.0,1.0,1.0,0.0,0.0,1,0,1,0,0,0,0,0,0,0,0,1,0
-0.8512286740040206,1.5322605130033284,1.0,0.0,0.0,0.0,1.0,1.0,0.0,0.0,1,0,0,0,1,0,1,1,0,1,0,0,0
-1.4843733310673135,1.5729808767233588,0.0,0.0,1.0,0.0,1.0,0.0,0.0,0.0,1,0,1,0,0,0,0,0,0,0,0,1,0
1.1695164781979852,0.26992923768238775,0.0,1.0,0.0,0.0,0.0,1.0,0.0,0.0,1,1,1,1,0,0,0,1,1,1,0,1,0
-0.16490651293541178,1.1657772395230555,0.0,0.0,0.0,0.0,0.0,0.0,1.0,0.0,1,0,1,1,1,1,0,0,0,0,0,1,0
-0.4989277099688025,0.7992939660427822,0.0,0.0,0.0,0.0,0.0,0.0,0.0,0.0,0,0,0,0,1,0,0,0,0,1,0,1,0
-0.9642308700153169,-1.2774445836787656,0.0,0.0,0.0,0.0,0.0,0.0,1.0,0.0,0,0,0,0,0,0,0,0,1,1,1,0,0
1.4536837652263923,1.2879383306831464,1.0,1.0,0.0,1.0,0.0,0.0,0.0,1.0,1,1,0,1,1,0,1,1,1,1,0,1,0
-0.15327393393424887,1.2064976032430856,1.0,0.0,0.0,0.0,1.0,1.0,0.0,0.0,1,0,0,0,0,1,1,1,0,1,0,1,0
-1.5192710680708021,-0.0965540357978854,1.0,0.0,1.0,0.0,1.0,0.0,0.0,1.0,1,0,0,0,0,0,0,0,0,0,0,1,0
-0.6235624849812617,-1.1552834925186746,0.0,0.0,0.0,0.0,0.0,0.0,1.0,0.0,1,0,1,0,0,0,0,0,0,0,1,1,1
0.6394032351449919,1.247217966963116,1.0,0.0,0.0,1.0,0.0,0.0,0.0,0.0,1,1,0,0,1,1,1,1,1,1,0,1,1
-0.6717545979860794,-1.2774445836787656,0.0,0.0,0.0,0.0,0.0,1.0,0.0,0.0,0,0,0,0,0,0,0,0,0,1,0,1,0
1.285842268209614,-0.7073594915983407,1.0,1.0,0.0,0.0,0.0,0.0,1.0,0.0,1,1,0,1,0,0,1,1,1,1,0,1,0
0.5280628361338618,-0.21871512695797646,1.0,1.0,0.0,1.0,0.0,1.0,0.0,0.0,1,0,1,0,1,1,0,0,0,1,0,1,0
-0.25131995694405,-1.1552834925186746,0.0,0.0,0.0,0.0,0.0,0.0,0.0,1.0,0,1,1,0,1,1,1,0,1,1,0,0,0
1.5284646302338678,1.6137012404433893,0.0,1.0,0.0,0.0,1.0,0.0,1.0,0.0,1,1,0,1,1,1,1,0,1,1,0,1,0
-1.33148800705203,0.5142514200025698,1.0,0.0,1.0,1.0,0.0,1.0,0.0,0.0,1,0,0,1,0,0,0,0,0,0,0,1,1
1.07313225218835,0.5142514200025698,0.0,1.0,0.0,0.0,0.0,0.0,1.0,0.0,0,0,0,1,1,1,0,1,1,1,0,1,1
0.3851482941195749,0.14776814652229667,0.0,0.0,0.0,1.0,0.0,0.0,0.0,1.0,0,0,0,0,1,1,1,1,1,1,0,1,0
0.8188773111629334,-0.62591876415828,1.0,1.0,0.0,0.0,0.0,0.0,1.0,0.0,1,0,1,0,1,0,1,0,1,1,1,1,0
-1.5242564590713006,-1.2774445836787656,1.0,0.0,1.0,0.0,0.0,0.0,0.0,1.0,0,0,0,0,0,0,0,0,0,0,0,1,0
0.32200000811326246,-0.6666391278783103,1.0,1.0,0.0,0.0,0.0,0.0,0.0,0.0,0,0,0,1,0,0,0,0,0,1,0,1,1
-1.4943441130683104,-1.1960038562387048,1.0,0.0,1.0,0.0,0.0,0.0,0.0,1.0,0,0,0,0,0,0,0,0,0,1,1,1,0
-0.4607063789649817,-1.1552834925186746,1.0,0.0,0.0,0.0,0.0,0.0,1.0,0.0,1,0,1,1,0,0,0,0,0,1,1,1,0
0.6526976111463211,1.5729808767233588,0.0,0.0,0.0,0.0,1.0,1.0,0.0,0.0,1,1,0,0,1,1,1,1,1,1,0,1,0
-1.341458789053027,-0.9109613101984924,1.0,0.0,1.0,0.0,0.0,0.0,0.0,1.0,1,0,1,1,0,0,0,0,0,1,0,1,0
-1.4860351280674797,-0.5037576729981889,1.0,0.0,1.0,0.0,1.0,0.0,0.0,1.0,1,0,1,0,0,0,0,0,0,0,0,1,0
0.5396954151350245,-1.1552834925186746,1.0,1.0,0.0,0.0,0.0,0.0,1.0,0.0,0,0,0,0,0,0,0,0,1,1,1,1,0
1.116338974192669,-0.2594354906780068,1.0,1.0,0.0,0.0,0.0,0.0,1.0,0.0,0,1,0,1,0,0,1,0,1,1,1,1,0
-0.3078210549496983,-1.1552834925186746,0.0,0.0,0.0,0.0,0.0,1.0,0.0,0.0,0,0,0,0,0,0,0,0,1,0,0,1,0
-0.4573827849646494,-1.1145631287986442,1.0,0.0,0.0,0.0,0.0,0.0,0.0,1.0,0,1,0,0,0,1,0,0,1,1,1,0,0
0.893658176170409,-1.1552834925186746,0.0,1.0,0.0,0.0,0.0,0.0,1.0,0.0,1,0,0,1,0,1,0,0,1,1,1,1,0
0.6493740171459885,-0.13727439951791576,1.0,1.0,0.0,0.0,0.0,0.0,1.0,0.0,1,1,0,1,0,0,0,0,0,1,0,1,1
1.1778254631988159,-1.2367242199587352,1.0,1.0,0.0,0.0,0.0,0.0,1.0,0.0,0,1,0,0,1,1,0,0,1,0,0,1,0
-1.5076384890696393,-0.13727439951791576,0.0,0.0,1.0,0.0,1.0,0.0,0.0,1.0,0,0,0,0,0,0,0,0,0,0,0,1,0
0.8670694241677506,-1.2774445836787656,1.0,1.0,0.0,0.0,0.0,0.0,1.0,0.0,0,1,1,0,0,0,0,0,1,1,1,1,0
0.15415851109648415,-1.2774445836787656,1.0,1.0,0.0,0.0,0.0,0.0,0.0,1.0,0,0,0,0,0,0,0,0,0,0,1,1,0
0.9867188081797118,-0.9924020376385531,0.0,1.0,0.0,0.0,0.0,1.0,0.0,0.0,0,1,0,0,0,0,1,0,1,1,1,1,1
-1.4744025490663168,-0.7888002190384014,1.0,0.0,1.0,0.0,0.0,0.0,1.0,0.0,0,0,0,0,0,0,0,0,0,1,0,1,0
0.9966895901807084,1.0843365120829946,0.0,1.0,0.0,0.0,0.0,0.0,1.0,0.0,1,0,0,1,1,1,0,0,1,1,0,1,0
-1.4827115340671475,-1.2774445836787656,0.0,0.0,1.0,0.0,0.0,1.0,0.0,0.0,1,0,1,0,0,0,0,0,0,1,1,1,0
1.0282637331838649,0.7178532386027215,1.0,1.0,0.0,0.0,0.0,0.0,1.0,0.0,0,1,0,1,0,0,0,0,1,1,1,1,1
-0.6784017859867437,-0.5851984004382496,1.0,0.0,0.0,0.0,0.0,0.0,0.0,0.0,1,0,0,0,0,0,0,0,0,1,0,1,0
0.32532360211359457,-0.62591876415828,0.0,0.0,0.0,0.0,0.0,0.0,0.0,1.0,1,1,1,0,1,1,0,0,1,0,0,1,0
0.2937494591104381,0.5956921474426305,1.0,0.0,0.0,0.0,1.0,0.0,1.0,0.0,1,1,0,0,0,1,1,0,1,0,0,1,0
0.3386179781149237,-0.2594354906780068,0.0,1.0,0.0,0.0,0.0,0.0,0.0,0.0,0,0,0,1,0,0,0,0,0,1,1,1,0
-0.5587524019747828,-1.0738427650786138,0.0,0.0,0.0,0.0,0.0,0.0,1.0,0.0,0,1,0,0,0,0,1,0,1,1,1,0,0
-0.48729513096763954,-0.5444780367182193,1.0,0.0,0.0,0.0,0.0,1.0,0.0,0.0,1,0,1,1,0,0,0,0,0,0,0,1,0
-0.03860994092278629,-1.1960038562387048,0.0,0.0,0.0,0.0,0.0,0.0,1.0,0.0,0,0,0,1,0,0,0,1,1,1,1,1,0
-0.39091090495800446,1.4508197855632678,0.0,0.0,0.0,0.0,1.0,0.0,1.0,0.0,1,1,1,0,0,1,1,0,1,1,0,0,1
-1.4926823160681442,-1.2367242199587352,0.0,0.0,1.0,0.0,0.0,0.0,0.0,0.0,1,0,0,0,0,0,0,0,0,0,0,1,0
-1.343120586053193,-1.0331224013585834,1.0,0.0,0.0,1.0,0.0,1.0,0.0,0.0,0,0,0,0,0,0,0,0,0,1,0,0,0
-1.502653098069141,-0.5851984004382496,0.0,0.0,1.0,0.0,0.0,0.0,0.0,1.0,0,0,0,0,0,0,0,0,0,1,0,1,0
-1.3198554280508674,1.5729808767233588,0.0,0.0,1.0,0.0,1.0,1.0,0.0,0.0,1,0,0,1,0,0,0,0,0,0,0,1,0
0.9651154471775519,-0.7888002190384014,1.0,1.0,0.0,0.0,0.0,1.0,0.0,0.0,1,1,0,1,1,1,0,0,0,0,0,1,1
-0.9276713360116622,-1.1960038562387048,1.0,0.0,0.0,0.0,0.0,0.0,0.0,1.0,0,0,0,0,0,1,0,1,0,1,1,0,0
1.2958130502106107,1.6137012404433893,1.0,1.0,0.0,0.0,1.0,0.0,0.0,0.0,1,1,0,1,0,1,1,0,1,1,0,1,0
-0.2662761299455452,1.369379058123207,1.0,0.0,0.0,0.0,1.0,1.0,0.0,0.0,1,1,1,0,0,1,1,0,1,1,0,0,0
-1.461108173064988,-0.3408762181180675,1.0,0.0,1.0,1.0,0.0,1.0,0.0,0.0,1,0,1,0,0,0,0,0,0,1,0,1,0
-0.6867107709875744,-1.2774445836787656,0.0,0.0,0.0,0.0,0.0,0.0,1.0,0.0,0,0,0,0,0,0,0,0,0,1,1,1,0
-1.3397969920528607,0.9621754209229036,0.0,0.0,1.0,0.0,1.0,0.0,0.0,1.0,1,0,1,1,0,0,0,0,0,1,0,1,0
-1.3015756610490399,-0.4223169455581282,0.0,0.0,1.0,1.0,0.0,0.0,0.0,0.0,1,0,0,1,0,0,0,0,0,0,0,1,1
-0.46569176996548,-0.748079855318371,1.0,0.0,0.0,0.0,0.0,0.0,1.0,0.0,0,1,0,0,0,0,1,0,1,1,1,0,0
1.3174164112127704,1.1657772395230555,0.0,1.0,0.0,1.0,0.0,1.0,0.0,0.0,1,1,0,1,0,1,1,0,1,1,1,1,1
-0.8462432830035223,0.3106496014024181,0.0,0.0,0.0,0.0,0.0,0.0,1.0,0.0,1,0,0,0,0,1,0,0,1,1,1,0,1
-0.1698919039359101,0.3920903288424788,0.0,0.0,0.0,0.0,0.0,0.0,0.0,0.0,0,0,0,0,1,1,1,0,0,0,0,1,0
0.6161380771426661,1.6137012404433893,0.0,0.0,0.0,0.0,1.0,0.0,0.0,0.0,1,1,1,1,1,0,1,1,1,1,0,1,0
0.4915033021302069,-0.8295205827584317,0.0,1.0,0.0,0.0,0.0,1.0,0.0,0.0,0,0,0,1,0,0,0,1,0,1,0,1,0
-1.3397969920528607,1.5729808767233588,1.0,0.0,1.0,0.0,1.0,0.0,0.0,0.0,1,0,0,1,0,0,0,0,0,0,0,1,0
-1.5142856770703037,-0.2594354906780068,0.0,0.0,1.0,1.0,0.0,0.0,0.0,1.0,1,0,0,0,0,0,0,0,0,0,0,1,0
-1.1619847130350858,-1.0331224013585834,0.0,0.0,0.0,0.0,0.0,0.0,0.0,1.0,0,0,1,0,1,0,0,0,0,0,0,0,0
-0.640180454982923,-1.0738427650786138,0.0,0.0,0.0,0.0,0.0,0.0,0.0,1.0,1,0,1,0,0,0,0,0,0,0,0,1,0
1.3855500882195813,1.0436161483629645,0.0,1.0,0.0,1.0,0.0,0.0,1.0,0.0,0,1,0,0,1,1,1,0,1,1,1,1,0
-1.153675728034255,0.758573602322752,1.0,0.0,0.0,0.0,0.0,1.0,0.0,0.0,1,0,0,0,0,1,0,0,0,1,0,0,0
0.0295237360840249,1.6137012404433893,1.0,0.0,0.0,0.0,1.0,0.0,0.0,0.0,1,1,1,0,1,1,1,1,1,1,0,0,0
1.0398963121850275,-0.5851984004382496,0.0,1.0,0.0,0.0,0.0,0.0,1.0,0.0,0,1,0,0,1,0,0,0,1,1,1,1,0
0.3436033691154218,-1.0331224013585834,0.0,1.0,0.0,0.0,0.0,0.0,0.0,0.0,0,0,0,1,0,0,0,0,0,1,1,1,0
0.3087056321119333,0.5956921474426305,0.0,0.0,0.0,0.0,1.0,0.0,0.0,1.0,0,1,0,1,1,1,0,1,0,0,0,1,0
-0.6667692069855808,-1.2367242199587352,1.0,0.0,0.0,0.0,0.0,0.0,1.0,0.0,0,0,0,0,0,0,0,0,0,1,1,1,1
1.5284646302338678,1.2064976032430856,1.0,1.0,0.0,1.0,0.0,0.0,0.0,0.0,0,1,0,1,0,1,1,1,1,1,0,1,1
-1.4976677070686424,-0.6666391278783103,0.0,0.0,1.0,0.0,1.0,0.0,0.0,1.0,1,0,1,0,0,0,0,0,0,0,0,1,0
-0.5072366949696331,-1.0738427650786138,1.0,0.0,0.0,0.0,0.0,1.0,0.0,0.0,0,0,0,0,0,0,0,1,0,1,0,1,0
-0.3244390249513595,-0.5444780367182193,1.0,0.0,0.0,0.0,0.0,1.0,0.0,0.0,0,0,0,0,0,0,1,1,0,1,1,1,0
-0.6916961619880726,1.4915401492832983,0.0,0.0,0.0,0.0,1.0,1.0,0.0,0.0,1,1,1,0,1,0,1,0,0,1,0,0,0
0.31867641411292996,-0.8702409464784621,1.0,1.0,0.0,0.0,0.0,0.0,1.0,0.0,1,0,1,1,0,0,0,0,0,1,1,1,0
1.541759006235197,1.2879383306831464,0.0,1.0,0.0,0.0,0.0,0.0,1.0,0.0,1,1,0,1,0,1,1,1,1,1,0,1,0
1.327387193213767,0.26992923768238775,0.0,1.0,0.0,1.0,0.0,1.0,0.0,0.0,1,1,0,0,1,0,1,1,1,1,1,1,0
-0.3011738669490337,-0.7073594915983407,0.0,0.0,0.0,0.0,0.0,0.0,0.0,1.0,0,0,0,1,1,0,0,0,0,1,1,1,0
-1.4677553610656522,-0.30015585439803716,1.0,0.0,1.0,0.0,0.0,0.0,0.0,1.0,0,0,0,0,0,0,0,0,0,0,0,1,0
-1.4993295040688086,-1.0738427650786138,0.0,0.0,1.0,0.0,1.0,1.0,0.0,0.0,0,0,0,0,0,0,0,0,0,0,0,1,0
1.6963061272506461,1.369379058123207,1.0,1.0,0.0,1.0,0.0,0.0,0.0,0.0,1,1,0,1,1,1,1,1,1,0,0,1,0
0.7939503561604415,1.1657772395230555,0.0,0.0,0.0,0.0,1.0,1.0,0.0,0.0,0,1,0,1,0,1,1,1,1,0,0,1,0
0.9883806051798778,0.43281069256250915,0.0,1.0,0.0,0.0,0.0,0.0,1.0,0.0,1,0,0,1,1,1,0,0,1,1,0,1,1
-1.4843733310673135,-0.8295205827584317,0.0,0.0,1.0,0.0,0.0,0.0,0.0,1.0,0,0,0,0,0,0,0,0,0,0,0,1,0
-1.0007904040189717,-0.38159658183809786,1.0,0.0,0.0,0.0,0.0,0.0,0.0,0.0,0,1,0,0,0,0,0,0,0,1,0,0,1
-0.41417606296033027,1.5729808767233588,1.0,0.0,0.0,0.0,0.0,0.0,0.0,0.0,1,1,0,0,0,1,1,0,1,1,0,0,1
0.00792037508186511,0.06632741908223598,0.0,0.0,0.0,0.0,0.0,0.0,0.0,1.0,0,0,0,1,0,0,0,1,1,0,0,1,0
-1.4926823160681442,-1.1145631287986442,0.0,0.0,1.0,0.0,0.0,1.0,0.0,0.0,0,0,0,0,0,0,0,0,0,0,1,1,0
-0.9742016520163136,0.35136996512244845,0.0,0.0,0.0,1.0,0.0,0.0,0.0,1.0,1,0,0,0,0,1,0,1,0,0,0,0,0
-1.4976677070686424,1.6137012404433893,0.0,0.0,1.0,0.0,1.0,1.0,0.0,0.0,1,0,1,0,0,0,0,0,0,0,0,1,0
1.0249401391835322,-0.748079855318371,1.0,1.0,0.0,0.0,0.0,0.0,1.0,0.0,0,1,0,1,0,0,0,0,1,1,0,1,1
-1.4926823160681442,0.35136996512244845,0.0,0.0,1.0,0.0,1.0,0.0,0.0,1.0,0,0,0,0,0,0,0,0,0,1,0,1,0
0.5679459641378485,-0.38159658183809786,0.0,1.0,0.0,1.0,0.0,1.0,0.0,0.0,1,0,1,1,1,0,0,0,0,0,0,1,0
1.48027251722905,1.5729808767233588,1.0,1.0,0.0,0.0,1.0,1.0,0.0,0.0,1,1,1,0,1,1,1,1,1,0,0,1,0
0.18407085709947407,-1.2774445836787656,0.0,1.0,0.0,0.0,0.0,0.0,1.0,0.0,0,0,0,0,0,0,0,0,0,1,1,1,0
-1.3082228490497045,1.6137012404433893,1.0,0.0,1.0,0.0,1.0,0.0,0.0,1.0,1,0,0,1,0,0,0,0,0,0,0,1,0
0.16745288709781284,-1.0738427650786138,1.0,1.0,0.0,0.0,0.0,0.0,1.0,0.0,1,0,1,0,0,0,0,0,0,1,0,1,0
-1.4876969250676457,-0.38159658183809786,1.0,0.0,1.0,1.0,0.0,1.0,0.0,0.0,1,0,1,0,0,0,0,0,0,1,0,1,0
0.6909189421501416,-0.9109613101984924,1.0,1.0,0.0,0.0,0.0,0.0,1.0,0.0,1,1,0,1,0,0,0,0,0,0,1,1,1
1.5002140812310438,1.6137012404433893,0.0,1.0,0.0,0.0,1.0,0.0,1.0,0.0,0,1,0,0,1,1,1,1,1,1,0,1,0
-0.4806479429669752,-1.0331224013585834,0.0,0.0,0.0,0.0,0.0,0.0,0.0,0.0,1,0,0,0,1,0,0,0,0,1,0,1,0
0.9883806051798778,-1.0738427650786138,1.0,1.0,0.0,0.0,0.0,0.0,0.0,1.0,0,1,1,0,0,0,1,0,1,0,1,1,0
1.221032185203135,-0.9516816739185228,1.0,1.0,0.0,0.0,0.0,0.0,1.0,0.0,1,1,1,0,0,1,0,1,1,1,0,1,0
0.8105683261621028,-0.8295205827584317,0.0,1.0,0.0,0.0,0.0,0.0,1.0,0.0,0,1,0,1,0,1,0,0,0,1,0,1,0
-1.5076384890696393,-1.2774445836787656,0.0,0.0,1.0,0.0,0.0,0.0,0.0,1.0,0,0,0,0,0,0,0,0,0,1,0,1,0
-1.1586611190347533,0.6364125111626608,0.0,0.0,0.0,1.0,0.0,0.0,0.0,0.0,1,0,1,0,0,1,0,0,0,0,0,0,1
0.466576347127715,-0.5037576729981889,1.0,1.0,0.0,0.0,0.0,0.0,1.0,0.0,0,0,0,0,0,0,0,0,1,0,0,1,0
0.684271754149477,-0.6666391278783103,0.0,1.0,0.0,0.0,0.0,1.0,0.0,0.0,1,1,0,1,0,0,0,0,0,1,1,1,1
0.4948268961305394,-1.2367242199587352,0.0,1.0,0.0,0.0,0.0,0.0,0.0,1.0,0,0,0,0,0,0,0,0,1,1,1,1,0
-1.5109620830699715,-0.9109613101984924,0.0,0.0,1.0,1.0,0.0,0.0,0.0,1.0,0,0,0,0,0,0,0,0,0,1,0,1,0
0.4931650991303729,-1.2367242199587352,0.0,1.0,0.0,0.0,0.0,0.0,1.0,0.0,0,1,0,0,0,0,0,0,0,1,1,1,1
1.0648232671875193,-0.5037576729981889,1.0,1.0,0.0,0.0,0.0,0.0,0.0,1.0,1,0,1,1,0,1,0,1,1,0,0,1,0
-1.4660935640654862,-0.5037576729981889,1.0,0.0,1.0,1.0,0.0,0.0,0.0,1.0,1,0,0,0,0,0,0,0,0,0,0,1,0
-1.4943441130683104,-0.5444780367182193,1.0,0.0,1.0,1.0,0.0,0.0,0.0,1.0,1,0,1,0,0,0,0,0,0,0,0,1,0
0.85876043916692,-0.5444780367182193,1.0,1.0,0.0,0.0,0.0,0.0,1.0,0.0,0,0,0,1,1,0,0,0,1,1,1,1,1
1.3240635992134344,-0.4223169455581282,1.0,1.0,0.0,0.0,0.0,0.0,1.0,0.0,1,1,0,0,1,1,0,1,1,1,0,1,0
0.5081212721318681,0.10704778280226633,0.0,1.0,0.0,0.0,0.0,1.0,0.0,0.0,0,0,0,1,0,0,0,1,0,0,0,1,0
-0.6518130339840859,-1.2774445836787656,0.0,0.0,0.0,0.0,0.0,0.0,0.0,1.0,0,0,0,0,0,0,0,0,0,0,0,1,0
0.2787932861089434,0.26992923768238775,1.0,1.0,0.0,0.0,0.0,1.0,0.0,0.0,0,0,0,1,0,0,0,0,0,1,0,1,0
1.141265929195161,0.880734693482843,0.0,1.0,0.0,1.0,0.0,0.0,1.0,0.0,1,1,0,0,0,0,1,1,1,1,0,1,1
-1.481049737066981,-1.2774445836787656,0.0,0.0,1.0,0.0,0.0,0.0,0.0,0.0,0,0,0,0,0,0,0,0,0,1,1,1,0
1.3722557122182522,1.369379058123207,1.0,1.0,0.0,0.0,1.0,1.0,0.0,0.0,1,1,0,1,1,0,1,0,1,1,1,1,0
1.3489905542159264,0.9621754209229036,1.0,1.0,0.0,0.0,0.0,0.0,0.0,1.0,0,1,0,1,1,0,0,1,1,1,0,1,0
-0.6351950639824246,-0.5851984004382496,1.0,0.0,0.0,0.0,0.0,1.0,0.0,0.0,0,0,1,0,0,0,0,0,0,1,0,1,0
0.5047976781315361,-0.6666391278783103,0.0,1.0,0.0,0.0,0.0,1.0,0.0,0.0,1,0,1,1,0,1,0,0,0,1,0,1,0
-0.3427187919531868,1.4508197855632678,0.0,0.0,0.0,1.0,0.0,1.0,0.0,0.0,0,0,0,0,1,0,1,0,0,1,0,1,0
-1.3181936310507012,0.8400143297628127,0.0,0.0,1.0,0.0,1.0,1.0,0.0,0.0,1,0,0,1,0,0,0,0,0,0,0,1,1
0.6626683931473177,1.6137012404433893,0.0,0.0,0.0,0.0,1.0,1.0,0.0,0.0,1,1,1,1,1,0,1,1,1,0,0,1,0
0.36853032411791364,-0.9516816739185228,1.0,1.0,0.0,0.0,0.0,0.0,1.0,0.0,0,0,0,1,0,0,0,0,0,1,0,1,0
-0.5305018529719588,-0.0965540357978854,0.0,0.0,0.0,0.0,0.0,0.0,0.0,1.0,0,0,0,0,1,0,0,0,0,1,0,1,0
1.1429277261953275,0.14776814652229667,0.0,1.0,0.0,0.0,0.0,0.0,1.0,0.0,0,1,0,1,0,1,0,0,1,1,1,1,0
-0.9825106370171443,-0.5851984004382496,0.0,0.0,0.0,0.0,0.0,0.0,1.0,0.0,0,0,0,0,0,0,1,1,0,1,0,0,0
0.3818247001192428,0.9214550572028734,0.0,0.0,0.0,1.0,0.0,0.0,1.0,0.0,1,0,1,1,1,0,1,1,1,0,0,1,1
-0.29452667894836937,0.26992923768238775,0.0,0.0,0.0,0.0,0.0,0.0,1.0,0.0,1,1,0,0,1,0,1,0,1,0,1,0,0
0.5845639341395097,-0.46303730927815856,1.0,1.0,0.0,0.0,0.0,0.0,1.0,0.0,0,0,0,1,0,1,0,0,0,1,1,1,0
-0.8096837489998675,-1.2367242199587352,1.0,0.0,0.0,0.0,0.0,1.0,0.0,0.0,0,0,0,0,0,1,1,1,0,1,1,0,0
-1.3248408190513656,0.025607055362205634,1.0,0.0,1.0,1.0,0.0,0.0,0.0,0.0,0,0,0,1,0,0,0,0,0,1,0,1,1
-0.3477041829536853,0.47353105628253944,1.0,0.0,0.0,0.0,1.0,0.0,0.0,0.0,1,1,0,0,0,1,1,0,1,0,0,0,0
0.051127097086184216,-0.0965540357978854,0.0,0.0,0.0,0.0,0.0,0.0,0.0,0.0,1,1,1,0,1,0,0,1,0,0,0,1,0
-1.4577845790646555,1.5729808767233588,0.0,0.0,1.0,0.0,1.0,0.0,0.0,0.0,1,0,0,0,0,0,0,0,0,1,0,1,0
0.35191235411625243,-1.1552834925186746,0.0,1.0,0.0,0.0,0.0,0.0,1.0,0.0,0,0,0,1,0,0,0,0,0,0,1,1,0
0.677624566148813,0.10704778280226633,1.0,1.0,0.0,1.0,0.0,0.0,1.0,0.0,0,0,1,0,0,0,1,0,1,1,1,1,0
0.35191235411625243,-1.2774445836787656,1.0,1.0,0.0,0.0,0.0,1.0,0.0,0.0,1,0,0,0,0,0,1,0,0,0,0,1,0
1.3190782082129364,-0.38159658183809786,1.0,1.0,0.0,0.0,0.0,0.0,1.0,0.0,1,1,0,1,0,1,1,0,1,1,0,1,1
-0.5088984919697991,-0.4223169455581282,0.0,0.0,0.0,1.0,0.0,1.0,0.0,0.0,0,1,1,0,0,0,1,0,1,1,0,0,0
-1.505976692069473,0.6771328748826912,0.0,0.0,1.0,1.0,0.0,1.0,0.0,0.0,0,0,1,0,0,0,0,0,0,0,0,1,0
0.9102761461720702,0.3920903288424788,0.0,1.0,0.0,0.0,0.0,0.0,1.0,0.0,1,1,1,0,0,0,1,0,1,1,0,1,0
0.9651154471775519,0.025607055362205634,0.0,1.0,0.0,1.0,0.0,0.0,1.0,0.0,1,1,1,0,0,0,1,0,1,1,1,1,0
-1.4926823160681442,-1.0331224013585834,0.0,0.0,1.0,0.0,1.0,0.0,0.0,1.0,1,0,1,0,0,0,0,0,0,0,0,1,0
1.1794872601989819,1.4100994218432374,0.0,1.0,0.0,1.0,0.0,0.0,0.0,0.0,1,1,1,1,1,0,1,1,0,1,0,1,0
1.0282637331838649,-0.7073594915983407,1.0,1.0,0.0,0.0,0.0,0.0,1.0,0.0,0,1,0,1,0,1,0,1,0,0,0,1,0
0.9435120861753926,1.4100994218432374,1.0,1.0,0.0,0.0,1.0,0.0,1.0,0.0,1,1,0,1,0,1,1,0,0,1,0,1,0
0.16412929309748078,0.8400143297628127,1.0,0.0,0.0,0.0,1.0,0.0,0.0,1.0,1,0,1,0,1,1,0,1,1,1,0,1,0
-1.4943441130683104,-0.46303730927815856,1.0,0.0,1.0,1.0,0.0,0.0,0.0,1.0,1,0,1,0,0,0,0,0,0,0,0,1,0
0.21896859410296257,0.3106496014024181,0.0,0.0,0.0,0.0,0.0,0.0,0.0,1.0,1,1,1,0,1,1,0,1,0,1,0,1,0
-1.462769970065154,-0.4223169455581282,0.0,0.0,1.0,1.0,0.0,0.0,0.0,0.0,1,0,1,0,0,0,0,0,0,0,0,1,0
-0.803036560999203,0.26992923768238775,1.0,0.0,0.0,0.0,0.0,0.0,1.0,0.0,0,1,0,0,0,0,0,1,0,1,0,0,0
-1.4744025490663168,0.5142514200025698,1.0,0.0,1.0,1.0,0.0,0.0,1.0,0.0,0,0,0,0,0,0,0,0,0,1,1,1,0
-1.4760643460664828,-1.2367242199587352,0.0,0.0,1.0,0.0,0.0,0.0,0.0,1.0,1,0,0,0,0,0,0,0,0,0,0,1,0
-1.4960059100684764,1.002895784642934,0.0,0.0,1.0,0.0,1.0,0.0,0.0,0.0,1,0,1,0,0,0,0,0,0,0,0,1,0
-0.34438058895335305,-0.9924020376385531,1.0,0.0,0.0,0.0,0.0,0.0,1.0,0.0,1,0,1,0,0,0,0,0,1,1,0,1,0
0.9950277931805424,-1.0331224013585834,1.0,1.0,0.0,0.0,0.0,1.0,0.0,0.0,1,1,0,1,1,1,0,0,0,1,1,1,1
-1.1387195550327598,-1.0738427650786138,1.0,0.0,0.0,0.0,0.0,1.0,0.0,0.0,0,0,0,0,0,1,0,0,0,1,1,0,0
-1.4727407520661506,-1.0331224013585834,0.0,0.0,1.0,0.0,0.0,0.0,0.0,1.0,1,0,1,0,0,0,0,0,0,0,0,1,0
0.046141706085686136,0.6771328748826912,1.0,0.0,0.0,0.0,1.0,0.0,0.0,0.0,0,0,0,1,0,0,0,1,1,1,0,1,0
0.8338334841644282,1.3286586944031769,0.0,1.0,0.0,1.0,0.0,0.0,1.0,0.0,0,0,0,1,1,1,0,1,0,1,0,1,0
-0.6551366279844181,0.9214550572028734,0.0,0.0,0.0,1.0,0.0,0.0,0.0,0.0,0,0,0,0,0,0,0,0,0,0,0,1,0
0.7341256641544608,1.5729808767233588,1.0,0.0,0.0,0.0,1.0,0.0,0.0,0.0,1,1,1,1,1,1,1,1,1,0,0,1,0
1.0631614701873533,0.10704778280226633,1.0,1.0,0.0,0.0,0.0,0.0,0.0,1.0,0,0,0,1,1,1,1,1,0,1,0,1,0
0.40675165512173467,-1.1960038562387048,1.0,1.0,0.0,0.0,0.0,0.0,1.0,0.0,0,0,0,1,0,0,0,0,0,1,1,1,1
-1.4843733310673135,-0.8702409464784621,0.0,0.0,1.0,0.0,0.0,1.0,0.0,0.0,0,0,1,0,0,0,0,0,0,0,1,1,0
0.3502505571160864,-1.2774445836787656,0.0,1.0,0.0,0.0,0.0,0.0,1.0,0.0,0,0,0,0,0,0,1,0,0,0,1,1,0
1.392197276220246,-0.62591876415828,1.0,1.0,0.0,0.0,0.0,0.0,0.0,0.0,0,0,0,1,1,1,1,1,1,1,0,1,0
1.5085230662318745,1.6137012404433893,0.0,1.0,0.0,0.0,1.0,1.0,0.0,0.0,1,1,0,1,1,0,1,1,1,1,0,1,0
0.6011819041411709,-0.1779947632379461,0.0,1.0,0.0,1.0,0.0,0.0,0.0,0.0,1,1,1,0,1,0,0,0,0,1,0,1,0
-1.4843733310673135,-0.5851984004382496,0.0,0.0,1.0,0.0,1.0,0.0,0.0,1.0,1,0,0,0,0,0,0,0,0,0,0,1,0
1.1445895231954935,0.3106496014024181,0.0,1.0,0.0,1.0,0.0,1.0,0.0,0.0,1,1,0,0,0,1,0,1,1,1,1,1,1
-0.17653909193657447,0.7992939660427822,0.0,0.0,0.0,0.0,0.0,0.0,1.0,0.0,0,1,0,0,0,0,1,0,0,1,0,1,0
-0.2047896409393986,0.5956921474426305,0.0,0.0,0.0,0.0,0.0,0.0,0.0,0.0,1,0,0,0,0,1,0,0,1,1,0,1,0
-0.5005895069689685,-0.38159658183809786,0.0,0.0,0.0,0.0,0.0,1.0,0.0,0.0,0,0,0,0,0,0,1,0,0,0,0,1,0
0.03617092408468901,1.369379058123207,1.0,0.0,0.0,0.0,1.0,0.0,0.0,1.0,1,0,1,0,1,1,1,1,0,0,0,1,0
0.29042586511010604,-0.9924020376385531,0.0,1.0,0.0,0.0,0.0,0.0,1.0,0.0,0,0,0,1,0,0,0,0,0,1,0,1,0
0.6892571451499756,0.5956921474426305,1.0,1.0,0.0,0.0,0.0,0.0,0.0,1.0,0,1,0,0,1,0,0,0,0,0,1,1,1
-1.4860351280674797,-1.0331224013585834,0.0,0.0,1.0,0.0,0.0,0.0,0.0,1.0,0,0,0,0,0,0,0,0,0,0,1,1,0
1.624848856243503,1.5729808767233588,0.0,1.0,0.0,0.0,1.0,1.0,0.0,0.0,1,1,1,1,1,1,1,1,1,0,0,1,0
0.6194616711429987,0.7178532386027215,0.0,1.0,0.0,0.0,0.0,0.0,1.0,0.0,0,0,0,1,1,1,0,0,0,1,0,1,1
0.0295237360840249,0.5549717837226001,1.0,0.0,0.0,0.0,1.0,0.0,0.0,1.0,1,0,0,0,1,1,1,1,0,0,0,1,0
0.1873944510998066,-1.2774445836787656,1.0,1.0,0.0,0.0,0.0,0.0,1.0,0.0,0,0,0,0,0,0,0,0,0,0,1,1,0
-0.11339080593026184,1.369379058123207,0.0,0.0,0.0,0.0,1.0,0.0,0.0,0.0,0,1,0,0,1,0,1,1,1,1,0,0,0
0.7025515211513048,0.3920903288424788,0.0,1.0,0.0,0.0,0.0,1.0,0.0,0.0,1,0,0,1,0,0,1,1,0,1,0,1,0
0.36188313611724954,-1.1145631287986442,0.0,1.0,0.0,0.0,0.0,0.0,0.0,1.0,0,0,0,0,0,0,0,1,0,1,0,1,0
-0.4989277099688025,-1.0331224013585834,1.0,0.0,0.0,1.0,0.0,0.0,1.0,0.0,1,0,1,0,1,0,0,0,0,1,1,1,0
0.20401242110146783,-0.13727439951791576,1.0,0.0,0.0,1.0,0.0,1.0,0.0,0.0,0,1,0,1,0,1,1,0,0,0,0,1,0
-0.49560411596847015,-0.21871512695797646,0.0,0.0,0.0,0.0,0.0,0.0,0.0,1.0,1,0,1,0,0,1,0,0,0,0,0,1,0
0.3502505571160864,-0.7073594915983407,0.0,1.0,0.0,0.0,0.0,1.0,0.0,0.0,0,0,0,0,0,1,0,0,0,1,1,1,1
-1.4843733310673135,-0.30015585439803716,0.0,0.0,1.0,0.0,1.0,0.0,0.0,1.0,1,0,1,0,0,0,0,0,0,0,0,1,0
0.9717626351782166,-0.8702409464784621,0.0,1.0,0.0,0.0,0.0,0.0,1.0,0.0,1,1,0,1,0,0,0,0,1,1,1,1,0
1.2725478922082847,1.002895784642934,1.0,1.0,0.0,0.0,0.0,0.0,1.0,0.0,1,0,0,1,1,1,1,1,1,1,0,1,0
1.7810577742591183,1.4100994218432374,1.0,1.0,0.0,1.0,0.0,0.0,0.0,0.0,0,1,0,1,1,1,1,1,1,1,1,1,0
1.1612074931971548,0.5956921474426305,0.0,1.0,0.0,0.0,0.0,0.0,1.0,0.0,1,1,0,1,0,0,1,0,1,0,0,1,1
0.5696077611380149,-0.7888002190384014,0.0,1.0,0.0,0.0,0.0,0.0,0.0,1.0,0,0,0,0,0,0,0,0,1,1,0,1,0
-1.140381352032926,-0.9924020376385531,1.0,0.0,0.0,0.0,0.0,0.0,1.0,0.0,0,0,0,0,1,0,0,0,0,1,1,0,0
1.0415581091851935,0.47353105628253944,0.0,1.0,0.0,0.0,0.0,0.0,1.0,0.0,1,1,0,1,0,0,0,0,1,1,1,1,0
0.04780350308585216,1.5729808767233588,1.0,0.0,0.0,1.0,0.0,0.0,1.0,0.0,1,0,1,1,1,0,0,0,1,1,0,1,0
1.3124310202122718,-0.3408762181180675,1.0,1.0,0.0,0.0,0.0,0.0,1.0,0.0,1,1,0,1,0,1,1,0,1,1,1,1,1
0.5131066631323666,-0.7073594915983407,1.0,1.0,0.0,0.0,0.0,0.0,1.0,0.0,0,0,0,1,0,1,0,0,0,1,1,1,1
-1.4960059100684764,-1.2774445836787656,0.0,0.0,1.0,0.0,0.0,0.0,1.0,0.0,0,0,0,0,0,0,0,0,0,0,0,1,0
0.2605135191071156,-1.2367242199587352,1.0,1.0,0.0,0.0,0.0,0.0,0.0,1.0,0,0,0,1,0,0,0,0,0,1,0,1,1
1.7195712852529719,0.9214550572028734,1.0,1.0,0.0,0.0,0.0,0.0,1.0,0.0,0,1,0,1,1,1,1,1,1,1,0,1,1
1.397182667220744,1.5729808767233588,1.0,1.0,0.0,0.0,1.0,0.0,1.0,0.0,0,1,0,1,0,1,0,1,1,1,0,1,1
-1.3231790220511994,0.7178532386027215,1.0,0.0,1.0,0.0,1.0,0.0,0.0,1.0,1,0,1,1,0,0,0,0,0,0,0,1,0
0.8138919201624348,-1.2774445836787656,1.0,1.0,0.0,0.0,0.0,0.0,1.0,0.0,0,1,0,0,0,0,0,0,1,1,0,1,0
-1.5126238800701375,-1.1145631287986442,1.0,0.0,1.0,0.0,0.0,0.0,0.0,1.0,0,0,0,0,0,0,0,0,0,1,0,1,0
1.3224018022132684,1.369379058123207,0.0,1.0,0.0,1.0,0.0,0.0,0.0,0.0,0,0,0,1,1,1,1,1,1,1,0,1,0
0.7457582431556239,0.6771328748826912,0.0,0.0,0.0,1.0,0.0,0.0,0.0,1.0,1,1,1,0,1,1,1,1,1,1,0,1,0
-1.1304105700319294,-1.1960038562387048,0.0,0.0,0.0,0.0,0.0,0.0,1.0,0.0,1,0,0,0,0,1,0,0,0,1,0,0,1
-1.2982520670487077,1.369379058123207,1.0,0.0,1.0,1.0,0.0,1.0,0.0,0.0,1,0,1,1,0,0,0,0,0,1,0,1,0
0.7125223031523015,-0.8702409464784621,1.0,1.0,0.0,0.0,0.0,0.0,1.0,0.0,0,1,1,1,0,0,0,0,0,0,0,1,0
-1.152013931034089,-0.1779947632379461,1.0,0.0,0.0,0.0,0.0,1.0,0.0,0.0,0,0,0,0,0,0,0,1,0,1,0,0,0
1.1495749141959914,1.3286586944031769,1.0,1.0,0.0,0.0,1.0,0.0,1.0,0.0,1,0,0,1,1,1,1,0,1,1,0,1,0
-1.5142856770703037,1.2064976032430856,0.0,0.0,1.0,0.0,1.0,1.0,0.0,0.0,0,0,0,0,0,0,0,0,0,1,0,1,0
-1.4843733310673135,-1.2367242199587352,0.0,0.0,1.0,0.0,0.0,0.0,0.0,0.0,1,0,0,0,0,0,0,0,0,0,0,1,0
-1.4760643460664828,-1.2367242199587352,0.0,0.0,1.0,0.0,0.0,1.0,0.0,0.0,0,0,0,0,0,0,0,0,0,0,0,1,0
-1.2999138640488739,0.9214550572028734,0.0,0.0,1.0,0.0,1.0,1.0,0.0,0.0,1,0,1,1,0,0,0,0,0,1,0,1,0
0.9900424021800438,0.35136996512244845,1.0,1.0,0.0,0.0,0.0,0.0,1.0,0.0,1,1,0,0,0,1,0,0,1,1,0,1,1
1.3107692232121058,-0.62591876415828,0.0,1.0,0.0,0.0,0.0,0.0,1.0,0.0,1,1,1,1,1,0,1,0,1,1,1,1,0
0.9850570111795457,-0.0965540357978854,0.0,1.0,0.0,1.0,0.0,0.0,0.0,0.0,0,1,0,0,0,0,0,1,1,1,0,1,0
-0.28787949094770476,-0.62591876415828,1.0,0.0,0.0,1.0,0.0,0.0,0.0,1.0,0,0,0,0,1,1,0,0,0,0,0,1,0
0.11593718009266311,-0.6666391278783103,0.0,0.0,0.0,0.0,1.0,0.0,0.0,0.0,1,1,1,0,1,1,0,1,0,0,0,1,0
-1.329826210051864,1.6137012404433893,1.0,0.0,1.0,0.0,1.0,0.0,0.0,0.0,0,0,0,1,0,0,0,0,0,0,0,1,0
0.3818247001192428,-0.9516816739185228,1.0,1.0,0.0,0.0,0.0,0.0,1.0,0.0,0,0,0,1,0,0,0,0,0,1,0,1,0
0.31867641411292996,-1.2774445836787656,0.0,1.0,0.0,0.0,0.0,0.0,1.0,0.0,0,0,0,0,0,1,0,0,0,0,0,1,0
-0.35268957395418365,-0.38159658183809786,1.0,0.0,0.0,0.0,0.0,0.0,1.0,0.0,0,0,1,0,0,1,0,1,0,0,0,1,0
-1.505976692069473,-0.9924020376385531,1.0,0.0,1.0,0.0,0.0,0.0,0.0,0.0,0,0,1,0,0,0,0,0,0,0,0,1,0
-0.9908196220179748,-0.5444780367182193,1.0,0.0,0.0,0.0,0.0,0.0,0.0,1.0,1,0,1,0,1,1,0,0,0,1,0,0,0
-0.3693075439558449,-1.0331224013585834,0.0,0.0,0.0,0.0,0.0,0.0,1.0,0.0,0,0,0,1,1,0,0,0,0,1,0,1,0
0.16246749609731476,-1.2774445836787656,1.0,1.0,0.0,0.0,0.0,0.0,1.0,0.0,0,0,0,0,0,0,0,0,0,1,1,1,1
1.304122035211441,1.1657772395230555,1.0,1.0,0.0,1.0,0.0,0.0,1.0,0.0,0,1,0,1,1,0,1,0,1,0,0,1,0
0.1857326540996401,1.002895784642934,0.0,0.0,0.0,0.0,1.0,1.0,0.0,0.0,1,0,0,0,1,1,0,1,1,1,0,1,0
0.53304822713436,-0.9516816739185228,1.0,1.0,0.0,0.0,0.0,0.0,1.0,0.0,0,1,0,0,0,0,0,0,0,1,1,1,0
0.0029349840813665527,-0.7073594915983407,1.0,0.0,0.0,1.0,0.0,0.0,0.0,1.0,0,1,1,0,1,0,1,0,0,0,0,1,0
-1.4993295040688086,-1.2774445836787656,0.0,0.0,1.0,0.0,0.0,0.0,0.0,1.0,0,0,0,0,0,0,0,0,0,0,0,1,0
-0.626886078981594,-0.8295205827584317,0.0,0.0,0.0,0.0,0.0,0.0,0.0,0.0,1,0,0,0,0,0,0,0,0,0,0,1,0
-1.4876969250676457,0.880734693482843,1.0,0.0,1.0,0.0,1.0,0.0,0.0,1.0,0,0,0,0,0,0,0,0,0,0,0,1,0
-0.6634456129852487,-1.1552834925186746,1.0,0.0,0.0,0.0,0.0,0.0,1.0,0.0,1,0,1,0,0,0,0,0,0,0,0,1,0
0.5164302571326987,-1.0331224013585834,0.0,1.0,0.0,0.0,0.0,0.0,0.0,1.0,0,0,0,0,0,0,0,0,1,1,1,1,0
-1.4760643460664828,-0.5037576729981889,0.0,0.0,1.0,1.0,0.0,0.0,0.0,1.0,1,0,0,0,0,0,0,0,0,0,0,1,0
-0.6302096729819263,-0.2594354906780068,0.0,0.0,0.0,0.0,0.0,0.0,0.0,1.0,0,1,1,0,1,0,0,1,0,0,0,0,0
0.642726829145324,0.14776814652229667,1.0,1.0,0.0,0.0,0.0,0.0,1.0,0.0,1,1,0,1,0,0,0,0,0,1,1,1,1
1.4686399382278874,0.8400143297628127,0.0,1.0,0.0,1.0,0.0,0.0,0.0,0.0,1,1,0,1,0,1,1,1,1,1,0,1,0
0.15249671409631763,-1.1960038562387048,1.0,0.0,0.0,0.0,0.0,0.0,1.0,0.0,0,1,0,0,0,0,0,1,1,1,1,1,0
-0.013682985920294679,1.4508197855632678,0.0,0.0,0.0,0.0,1.0,1.0,0.0,0.0,0,1,0,0,1,1,1,1,1,0,0,0,0
0.8654076271675846,1.6137012404433893,1.0,0.0,0.0,0.0,1.0,1.0,0.0,0.0,1,1,1,1,1,1,1,1,1,1,0,1,0
-1.3231790220511994,-0.8295205827584317,1.0,0.0,1.0,1.0,0.0,1.0,0.0,0.0,0,0,0,1,0,0,0,0,0,0,0,1,0
0.4931650991303729,0.06632741908223598,0.0,1.0,0.0,0.0,0.0,0.0,0.0,1.0,1,0,1,1,0,1,0,0,0,1,1,1,1
0.6626683931473177,1.4508197855632678,0.0,1.0,0.0,0.0,1.0,0.0,0.0,0.0,1,0,0,1,1,1,0,0,0,1,0,1,0
0.2006888271011353,0.7178532386027215,0.0,0.0,0.0,1.0,0.0,1.0,0.0,0.0,0,0,1,0,1,0,1,1,1,1,0,1,0
-0.9409657120129912,-1.2774445836787656,0.0,0.0,0.0,0.0,0.0,0.0,1.0,0.0,0,0,0,0,0,0,0,0,1,1,1,0,1
1.3174164112127704,0.35136996512244845,0.0,1.0,0.0,0.0,0.0,0.0,1.0,0.0,0,1,0,1,0,1,1,0,1,1,0,1,1
1.221032185203135,-0.0965540357978854,1.0,1.0,0.0,0.0,0.0,0.0,1.0,0.0,1,1,0,1,0,0,0,1,1,1,0,1,1
-0.3477041829536853,-1.2774445836787656,1.0,0.0,0.0,0.0,0.0,0.0,1.0,0.0,0,0,0,1,0,1,0,0,0,0,0,1,0
1.302460238211275,-0.13727439951791576,1.0,1.0,0.0,0.0,0.0,0.0,1.0,0.0,1,1,1,1,0,0,1,0,1,1,0,1,1
0.8753784091685812,-0.38159658183809786,0.0,0.0,0.0,0.0,1.0,1.0,0.0,0.0,1,1,1,1,1,1,1,1,1,1,0,1,0
-1.4893587220678117,1.125056875803025,1.0,0.0,1.0,0.0,1.0,0.0,0.0,1.0,0,0,1,0,0,0,0,0,0,0,0,1,0
-1.2733251120462157,1.6137012404433893,0.0,0.0,1.0,0.0,1.0,1.0,0.0,0.0,1,0,0,1,0,0,0,0,0,0,0,1,0
0.8188773111629334,-0.4223169455581282,1.0,1.0,0.0,0.0,0.0,0.0,1.0,0.0,0,0,1,0,0,1,1,0,1,1,1,1,0
0.3436033691154218,1.6137012404433893,1.0,0.0,0.0,0.0,1.0,0.0,0.0,0.0,0,0,0,0,1,1,1,1,1,1,0,1,0
1.440389389225063,1.369379058123207,0.0,1.0,0.0,1.0,0.0,0.0,0.0,0.0,0,1,0,1,0,1,1,0,1,0,0,1,1
1.5085230662318745,1.6137012404433893,0.0,1.0,0.0,0.0,1.0,0.0,1.0,0.0,1,1,0,1,0,1,1,1,1,1,0,1,0
0.5180920541328647,0.5956921474426305,0.0,1.0,0.0,0.0,0.0,0.0,1.0,0.0,1,0,0,1,1,0,0,0,0,0,1,1,1
1.5533915852363596,0.758573602322752,0.0,1.0,0.0,1.0,0.0,0.0,1.0,0.0,0,1,0,1,0,1,1,1,1,1,0,1,0
1.3872118852197473,1.5322605130033284,0.0,1.0,0.0,1.0,0.0,0.0,1.0,0.0,1,1,1,1,0,1,1,0,1,1,0,1,0
-1.491020519067978,-0.9516816739185228,1.0,0.0,1.0,1.0,0.0,0.0,1.0,0.0,0,0,0,0,0,0,0,0,0,1,0,1,0
1.5400972092350305,1.0843365120829946,1.0,1.0,0.0,0.0,1.0,0.0,0.0,1.0,1,1,1,1,1,1,0,1,1,1,0,1,0
0.19736523310080326,-1.1960038562387048,1.0,0.0,0.0,0.0,0.0,0.0,0.0,1.0,0,1,1,0,0,0,0,1,1,0,0,1,0
-1.3265026160515319,0.22920887396235737,1.0,0.0,0.0,0.0,0.0,0.0,1.0,0.0,1,0,0,0,0,0,0,0,0,1,0,0,1
0.8787020031689138,0.18848851024232702,0.0,1.0,0.0,0.0,0.0,0.0,0.0,0.0,0,0,0,1,1,1,1,0,0,0,0,1,0
0.0278619390838584,0.18848851024232702,1.0,0.0,0.0,0.0,1.0,0.0,0.0,0.0,0,0,0,0,1,1,1,1,0,0,0,1,0
-0.801374763999037,-0.3408762181180675,0.0,0.0,0.0,0.0,0.0,1.0,0.0,0.0,1,1,0,0,0,0,1,0,0,1,1,0,1
-0.17653909193657447,-0.748079855318371,0.0,0.0,0.0,0.0,0.0,0.0,0.0,0.0,1,0,1,0,1,1,0,1,0,0,0,1,0
1.5018758782312098,1.6137012404433893,1.0,1.0,0.0,0.0,1.0,1.0,0.0,0.0,1,1,0,1,1,1,0,1,1,1,0,1,0
-0.143303151933252,0.8400143297628127,1.0,0.0,0.0,1.0,0.0,0.0,1.0,0.0,1,1,0,0,0,1,1,1,1,1,1,0,0
0.6693155811479823,-0.9924020376385531,0.0,1.0,0.0,0.0,0.0,0.0,1.0,0.0,1,1,0,1,0,0,0,0,0,1,1,1,0
-0.8728320350061801,1.6137012404433893,1.0,0.0,0.0,0.0,1.0,1.0,0.0,0.0,1,0,1,0,1,1,1,0,0,0,0,0,0
0.9235705221733989,-0.62591876415828,0.0,1.0,0.0,0.0,0.0,0.0,1.0,0.0,1,1,0,1,0,0,0,0,1,1,0,1,1
0.2920876621102721,-1.2367242199587352,0.0,1.0,0.0,0.0,0.0,0.0,0.0,0.0,1,0,1,0,0,1,0,0,0,1,1,1,0
-1.4827115340671475,-0.9924020376385531,0.0,0.0,1.0,0.0,0.0,0.0,0.0,0.0,1,0,0,0,0,0,0,0,0,0,1,1,0
-0.9991286070188055,0.6364125111626608,0.0,0.0,0.0,1.0,0.0,0.0,0.0,1.0,1,0,0,0,0,1,1,0,0,0,1,0,0
-1.3381351950526947,-0.9109613101984924,0.0,0.0,1.0,0.0,0.0,0.0,0.0,1.0,0,0,0,1,0,0,0,0,0,1,0,1,0
-1.4976677070686424,-1.318164947398796,1.0,0.0,1.0,1.0,0.0,0.0,0.0,1.0,1,0,1,0,0,0,0,0,0,1,0,1,0
-1.4677553610656522,-1.2774445836787656,1.0,0.0,1.0,0.0,0.0,0.0,0.0,1.0,0,0,0,0,0,0,0,0,0,0,0,1,0
-0.22473120494139212,-0.13727439951791576,0.0,0.0,0.0,1.0,0.0,1.0,0.0,0.0,0,0,0,0,1,0,1,1,0,0,0,1,0
1.4187860282229037,1.3286586944031769,0.0,1.0,0.0,1.0,0.0,0.0,1.0,0.0,1,1,1,1,0,1,1,0,1,1,0,1,1
0.02453834508352634,-0.9924020376385531,0.0,0.0,0.0,0.0,0.0,0.0,0.0,0.0,0,0,0,1,1,1,1,0,0,1,0,1,0
-1.3065610520495383,1.1657772395230555,1.0,0.0,1.0,0.0,1.0,0.0,0.0,0.0,1,0,0,1,0,0,0,0,0,0,0,1,0
1.1761636661986499,0.5142514200025698,0.0,1.0,0.0,1.0,0.0,0.0,0.0,0.0,0,1,0,1,0,0,1,0,1,1,0,1,1
1.3190782082129364,1.6137012404433893,1.0,1.0,0.0,1.0,0.0,1.0,0.0,0.0,1,1,1,1,0,1,1,0,1,1,0,1,0
-1.4494755940638249,-0.8295205827584317,1.0,0.0,1.0,0.0,0.0,0.0,1.0,0.0,1,0,1,0,0,0,0,0,0,1,0,1,0
1.044881703185526,-1.0331224013585834,1.0,1.0,0.0,0.0,0.0,0.0,1.0,0.0,0,1,0,1,0,0,0,0,1,0,0,1,0
-0.6767399889865777,-0.9516816739185228,1.0,0.0,0.0,0.0,0.0,0.0,0.0,1.0,0,0,0,0,0,0,0,0,0,1,0,1,0
1.422109622223236,0.43281069256250915,0.0,1.0,0.0,1.0,0.0,0.0,1.0,0.0,1,1,0,1,0,0,1,1,1,1,1,1,1
0.9833952141793793,1.0436161483629645,1.0,1.0,0.0,0.0,1.0,0.0,0.0,0.0,1,1,1,1,0,0,1,1,0,0,0,1,0
1.1296333501939984,-0.6666391278783103,1.0,1.0,0.0,0.0,0.0,0.0,1.0,0.0,1,1,0,1,0,0,1,0,1,1,1,1,1
-1.477726143066649,-1.2367242199587352,1.0,0.0,1.0,0.0,0.0,0.0,0.0,1.0,1,0,1,0,0,0,0,0,0,0,0,1,0
1.2093996062019723,-0.9924020376385531,0.0,1.0,0.0,0.0,0.0,0.0,1.0,0.0,1,1,0,0,0,1,1,0,1,0,1,1,0
1.3622849302172555,0.3106496014024181,0.0,1.0,0.0,1.0,0.0,0.0,0.0,0.0,1,1,0,1,1,0,1,0,1,0,0,1,0
0.544680806135523,-0.9516816739185228,1.0,1.0,0.0,0.0,0.0,0.0,1.0,0.0,0,0,0,1,1,0,0,0,0,1,0,1,0
0.8238627021634315,0.35136996512244845,1.0,1.0,0.0,1.0,0.0,0.0,1.0,0.0,0,0,0,0,0,1,0,1,1,1,0,1,0
-0.3327480099521901,-0.2594354906780068,0.0,0.0,0.0,0.0,0.0,1.0,0.0,0.0,0,0,0,0,0,1,1,0,0,1,0,1,0
-0.3659839499555126,0.025607055362205634,0.0,0.0,0.0,1.0,0.0,1.0,0.0,0.0,1,0,0,0,0,1,0,1,0,1,0,1,0
1.3622849302172555,1.4508197855632678,1.0,1.0,0.0,1.0,0.0,1.0,0.0,0.0,1,1,1,0,0,1,1,1,1,0,0,1,0
1.3656085242175875,1.3286586944031769,0.0,1.0,0.0,0.0,1.0,1.0,0.0,0.0,1,1,0,0,0,1,1,1,1,1,0,1,1
-0.018668376920792765,0.9214550572028734,1.0,0.0,0.0,1.0,0.0,0.0,1.0,0.0,0,1,0,0,0,1,0,1,0,1,0,1,0
0.7956121531606076,-0.5037576729981889,1.0,1.0,0.0,0.0,0.0,0.0,1.0,0.0,0,0,0,1,0,0,1,0,1,1,1,1,0
0.7623762131572851,-0.5444780367182193,1.0,1.0,0.0,1.0,0.0,1.0,0.0,0.0,0,1,0,0,0,0,0,1,0,1,0,1,0
0.8155537171626008,0.5142514200025698,0.0,1.0,0.0,0.0,0.0,1.0,0.0,0.0,0,1,0,1,0,0,1,0,0,1,0,1,0
-1.4827115340671475,1.5322605130033284,0.0,0.0,1.0,0.0,1.0,1.0,0.0,0.0,1,0,1,0,0,0,0,0,0,1,0,1,0
0.4981504901308714,-1.2367242199587352,0.0,1.0,0.0,0.0,0.0,0.0,1.0,0.0,0,0,0,0,0,0,0,0,1,1,1,1,0
0.9900424021800438,-0.21871512695797646,0.0,1.0,0.0,0.0,0.0,0.0,0.0,1.0,0,1,0,1,0,0,0,0,1,1,1,1,0
-1.4860351280674797,-0.8295205827584317,0.0,0.0,1.0,0.0,1.0,0.0,1.0,0.0,1,0,0,0,0,0,0,0,0,1,0,1,0
0.08103944308917463,1.6137012404433893,1.0,0.0,0.0,0.0,1.0,1.0,0.0,0.0,0,1,1,0,1,1,1,1,1,0,0,0,0
0.9900424021800438,-0.8295205827584317,1.0,1.0,0.0,0.0,0.0,0.0,1.0,0.0,0,1,0,1,0,0,0,0,1,0,0,1,0
0.142525932095321,-1.1145631287986442,0.0,1.0,0.0,0.0,0.0,0.0,0.0,1.0,0,0,0,0,0,0,0,0,0,1,1,1,1
1.42044782522307,1.5729808767233588,1.0,1.0,0.0,0.0,0.0,0.0,1.0,0.0,1,1,0,1,1,1,1,0,1,1,0,1,1
0.27380789510844483,0.10704778280226633,1.0,0.0,0.0,1.0,0.0,0.0,1.0,0.0,0,1,0,0,0,0,1,1,1,1,0,1,1
1.6614083902471577,1.5322605130033284,1.0,1.0,0.0,0.0,1.0,1.0,0.0,0.0,1,1,1,1,1,1,1,1,1,0,0,1,0
0.37517751211857825,-0.055833672077855064,0.0,1.0,0.0,0.0,0.0,0.0,1.0,0.0,0,0,0,1,0,0,0,0,0,1,0,1,0
1.0465435001856922,0.7992939660427822,1.0,1.0,0.0,0.0,1.0,0.0,0.0,0.0,1,1,1,1,0,0,1,1,0,1,1,1,0
1.2077378092018058,0.18848851024232702,1.0,1.0,0.0,0.0,0.0,0.0,1.0,0.0,0,1,0,1,0,0,1,0,1,1,1,1,1
1.327387193213767,1.4915401492832983,1.0,1.0,0.0,1.0,0.0,0.0,0.0,0.0,0,1,0,1,0,1,0,1,1,1,1,1,0
0.4366640011247251,-0.0965540357978854,1.0,1.0,0.0,0.0,0.0,0.0,0.0,1.0,1,0,0,1,0,0,0,0,0,0,0,1,1
0.8604222361670865,0.025607055362205634,0.0,1.0,0.0,0.0,0.0,0.0,1.0,0.0,0,1,0,1,1,0,0,0,0,1,0,1,0
1.5184938482328711,0.880734693482843,1.0,1.0,0.0,0.0,1.0,0.0,1.0,0.0,1,1,0,1,0,1,1,1,1,1,0,1,1
0.1308933530941583,1.0843365120829946,0.0,0.0,0.0,1.0,0.0,0.0,0.0,0.0,0,1,0,1,1,0,0,1,0,0,0,1,0
-0.6617838159850825,0.9214550572028734,1.0,0.0,0.0,0.0,0.0,0.0,1.0,0.0,0,0,0,0,1,1,0,0,1,1,0,0,1
-1.1619847130350858,1.4915401492832983,1.0,0.0,0.0,1.0,0.0,1.0,0.0,0.0,1,0,0,0,0,0,1,0,0,1,0,0,1
0.8022593411612722,1.369379058123207,0.0,1.0,0.0,1.0,0.0,0.0,0.0,0.0,0,0,0,1,0,1,0,0,1,1,0,1,0
-0.19980424993890028,0.18848851024232702,1.0,0.0,0.0,1.0,0.0,0.0,0.0,1.0,1,0,1,0,1,0,1,1,0,1,0,1,0
-1.4926823160681442,-0.9516816739185228,1.0,0.0,1.0,1.0,0.0,1.0,0.0,0.0,1,0,0,0,0,0,0,0,0,0,0,1,1
0.7357874611546272,1.4915401492832983,1.0,0.0,0.0,0.0,1.0,0.0,0.0,0.0,1,1,1,1,1,0,1,1,1,0,0,1,0
-0.1698919039359101,-0.9109613101984924,1.0,0.0,0.0,0.0,0.0,0.0,0.0,1.0,0,0,0,0,0,1,0,0,1,1,0,1,0
-0.3161300399505289,0.3106496014024181,1.0,0.0,0.0,0.0,0.0,0.0,0.0,1.0,0,0,1,0,1,1,0,0,0,1,1,1,0
0.05445069108651675,-0.7888002190384014,1.0,0.0,0.0,0.0,0.0,1.0,0.0,0.0,0,1,1,0,0,0,0,0,1,0,0,1,0
0.8421424691652587,-1.0738427650786138,0.0,1.0,0.0,0.0,0.0,0.0,1.0,0.0,0,0,0,1,0,1,0,0,1,1,1,1,0
-1.4827115340671475,1.4915401492832983,0.0,0.0,1.0,0.0,1.0,0.0,0.0,0.0,1,0,1,0,0,0,0,0,0,0,0,1,0
1.440389389225063,1.369379058123207,0.0,1.0,0.0,1.0,0.0,1.0,0.0,0.0,1,1,0,1,0,1,1,1,1,1,0,1,1
-0.3659839499555126,-0.8702409464784621,1.0,0.0,0.0,0.0,0.0,0.0,1.0,0.0,0,0,0,1,0,0,1,0,0,0,1,1,0
-0.2612907389450469,0.5549717837226001,1.0,0.0,0.0,1.0,0.0,0.0,0.0,1.0,1,0,1,0,1,0,1,1,0,0,0,1,0
0.8155537171626008,-1.0738427650786138,0.0,1.0,0.0,0.0,0.0,0.0,1.0,0.0,0,1,0,0,0,0,0,0,1,0,1,1,0
1.4902432992300467,0.9621754209229036,0.0,1.0,0.0,0.0,0.0,0.0,0.0,1.0,1,1,1,1,1,0,1,1,1,1,0,1,0
-1.3165318340505352,1.5322605130033284,1.0,0.0,1.0,0.0,1.0,1.0,0.0,0.0,1,0,1,1,0,0,0,0,0,0,0,1,0
0.47820892612887816,0.025607055362205634,0.0,0.0,0.0,1.0,0.0,0.0,1.0,0.0,1,1,1,1,0,0,1,1,1,1,0,1,0
0.06608327008767942,1.6137012404433893,0.0,0.0,0.0,0.0,1.0,1.0,0.0,0.0,1,0,1,1,1,1,0,1,0,0,0,1,0
1.0116457631822036,-1.1960038562387048,0.0,1.0,0.0,0.0,0.0,0.0,1.0,0.0,1,1,0,1,0,0,0,0,1,1,1,1,0
-0.5305018529719588,-0.5444780367182193,0.0,0.0,0.0,0.0,0.0,0.0,0.0,1.0,0,0,1,0,0,0,0,1,0,0,0,1,0
-0.6335332669822583,-1.1145631287986442,0.0,0.0,0.0,0.0,0.0,0.0,1.0,0.0,0,1,0,0,0,0,0,0,1,0,1,0,1
0.5297246331340278,1.5729808767233588,0.0,0.0,0.0,0.0,1.0,1.0,0.0,0.0,1,1,0,0,0,1,1,1,1,1,0,1,0
0.3236618051134285,-0.9924020376385531,1.0,1.0,0.0,0.0,0.0,0.0,1.0,0.0,1,0,0,0,1,0,0,0,0,1,1,1,0
-1.4694171580658184,-1.2774445836787656,1.0,0.0,1.0,0.0,0.0,1.0,0.0,0.0,0,0,0,0,0,0,0,0,0,0,0,1,0
0.4948268961305394,-1.2774445836787656,0.0,1.0,0.0,0.0,0.0,0.0,1.0,0.0,0,0,0,0,0,0,0,0,1,1,1,1,0
1.6730409692483204,1.1657772395230555,0.0,1.0,0.0,1.0,0.0,0.0,0.0,1.0,0,1,0,1,1,1,1,1,1,1,0,1,0
-0.16823010693574386,1.5729808767233588,0.0,0.0,0.0,0.0,1.0,0.0,0.0,0.0,1,1,1,0,1,1,0,1,1,0,0,0,0
0.720831288153132,1.4508197855632678,0.0,1.0,0.0,1.0,0.0,1.0,0.0,0.0,1,0,0,1,0,1,1,0,0,0,0,1,0
-1.0323645470221279,0.5549717837226001,1.0,0.0,0.0,1.0,0.0,1.0,0.0,0.0,0,0,0,0,0,0,1,1,0,0,0,0,0
0.5097830691320341,0.025607055362205634,1.0,1.0,0.0,1.0,0.0,0.0,0.0,0.0,0,0,0,1,1,0,0,0,0,0,0,1,0
1.3057838322116073,0.8400143297628127,0.0,1.0,0.0,0.0,1.0,0.0,0.0,0.0,1,1,1,1,1,1,1,1,0,1,0,1,0
1.461992750227223,0.7178532386027215,0.0,1.0,0.0,0.0,0.0,0.0,0.0,0.0,1,1,0,1,1,1,1,0,1,0,0,1,1
-0.7864185909975417,1.002895784642934,0.0,0.0,0.0,1.0,0.0,1.0,0.0,0.0,0,0,0,0,1,0,1,1,0,1,0,0,0
-1.4760643460664828,0.880734693482843,0.0,0.0,1.0,0.0,1.0,0.0,0.0,0.0,1,0,1,0,0,0,0,0,0,1,0,1,0
1.3672703212177542,1.125056875803025,0.0,1.0,0.0,0.0,0.0,0.0,1.0,0.0,1,1,0,1,0,1,1,0,1,1,0,1,1
1.2143849972024705,-0.1779947632379461,0.0,1.0,0.0,0.0,0.0,1.0,0.0,0.0,1,1,0,1,0,0,0,1,1,1,1,1,1
0.5081212721318681,-1.2774445836787656,0.0,1.0,0.0,0.0,0.0,0.0,0.0,1.0,1,0,1,0,0,0,0,0,1,1,1,1,0
0.8122301231622688,-0.13727439951791576,1.0,1.0,0.0,0.0,0.0,0.0,1.0,0.0,1,1,1,1,0,0,1,0,0,1,1,1,0
0.02453834508352634,-0.9109613101984924,0.0,0.0,0.0,0.0,0.0,0.0,1.0,0.0,1,1,1,0,0,1,0,1,0,1,0,1,0
-0.8080219519997013,0.43281069256250915,1.0,0.0,0.0,0.0,0.0,0.0,1.0,0.0,0,0,1,0,1,1,1,0,0,1,0,0,0
0.18905624809997262,-0.7888002190384014,1.0,1.0,0.0,0.0,0.0,0.0,0.0,0.0,1,0,0,0,0,0,0,0,0,0,0,1,1
0.466576347127715,0.43281069256250915,0.0,0.0,0.0,0.0,1.0,0.0,1.0,0.0,1,1,0,0,1,0,1,1,1,1,0,1,0
0.6277706561438292,-0.5444780367182193,1.0,1.0,0.0,0.0,0.0,0.0,1.0,0.0,1,1,1,1,0,0,0,0,0,1,1,1,0
0.8421424691652587,-1.2774445836787656,1.0,1.0,0.0,0.0,0.0,0.0,1.0,0.0,1,1,1,0,0,0,0,0,1,1,0,1,0
0.5878875281398422,1.4915401492832983,0.0,0.0,0.0,0.0,1.0,1.0,0.0,0.0,0,1,0,0,1,0,1,1,1,1,0,1,0
-1.479387940066815,1.1657772395230555,0.0,0.0,1.0,0.0,1.0,1.0,0.0,0.0,1,0,0,0,0,0,0,0,0,0,0,1,0
0.04946530008601819,0.43281069256250915,1.0,0.0,0.0,0.0,0.0,0.0,0.0,0.0,1,0,0,1,1,1,0,1,0,0,0,1,0
-1.504314895069307,-1.0738427650786138,0.0,0.0,1.0,0.0,0.0,0.0,0.0,0.0,1,0,0,0,0,0,0,0,0,0,1,1,0
-0.44907379996381874,-1.2774445836787656,1.0,0.0,0.0,0.0,0.0,0.0,0.0,1.0,0,0,0,0,0,0,0,1,0,0,1,1,0
0.82884809316393,0.9621754209229036,1.0,1.0,0.0,0.0,0.0,0.0,0.0,1.0,1,1,0,0,0,0,0,0,1,0,0,1,0
-0.007035797919630092,1.5322605130033284,0.0,0.0,0.0,0.0,1.0,0.0,0.0,0.0,1,1,0,0,1,1,1,1,1,0,0,0,0
-0.6368568609825906,-1.2774445836787656,1.0,0.0,0.0,0.0,0.0,0.0,1.0,0.0,0,0,0,0,0,0,0,0,0,1,1,1,0
0.9601300561770538,0.6771328748826912,1.0,1.0,0.0,1.0,0.0,0.0,1.0,0.0,1,0,1,1,0,1,1,0,1,1,0,1,0
-0.5022513039691348,-1.0738427650786138,0.0,0.0,0.0,0.0,0.0,0.0,0.0,0.0,0,0,0,0,0,0,0,1,0,1,1,1,0
0.2937494591104381,-0.015113308357824713,0.0,0.0,0.0,0.0,1.0,0.0,0.0,1.0,1,1,1,0,1,1,1,1,0,0,0,1,0
1.4952286902305454,1.6137012404433893,0.0,1.0,0.0,0.0,1.0,0.0,0.0,1.0,1,1,0,1,1,0,1,1,1,1,0,1,1
-0.11006721192992953,0.18848851024232702,1.0,0.0,0.0,0.0,1.0,1.0,0.0,0.0,0,0,1,0,1,1,0,1,0,0,0,1,0
1.3838882912194153,1.4915401492832983,0.0,1.0,0.0,1.0,0.0,1.0,0.0,0.0,1,1,0,0,1,1,0,1,1,1,0,1,0
0.5696077611380149,-0.2594354906780068,0.0,0.0,0.0,0.0,0.0,0.0,0.0,0.0,1,1,0,0,0,1,1,1,1,0,0,1,0
1.3440051632154282,1.0436161483629645,0.0,1.0,0.0,1.0,0.0,1.0,0.0,0.0,1,1,1,1,0,1,1,0,1,1,0,1,0
-0.33773340095268845,-0.3408762181180675,1.0,0.0,0.0,1.0,0.0,0.0,0.0,0.0,0,0,0,1,0,0,0,1,0,0,0,1,0
-1.4694171580658184,-1.1145631287986442,1.0,0.0,1.0,1.0,0.0,0.0,1.0,0.0,1,0,1,0,0,0,0,0,0,0,0,1,0
-1.4876969250676457,-0.7073594915983407,1.0,0.0,1.0,0.0,0.0,0.0,1.0,0.0,1,0,1,0,0,0,0,0,0,1,1,1,0
-1.4976677070686424,-0.0965540357978854,0.0,0.0,1.0,0.0,1.0,0.0,0.0,1.0,1,0,1,0,0,0,0,0,0,0,0,1,0
0.042818112085353605,0.9214550572028734,0.0,0.0,0.0,1.0,0.0,1.0,0.0,0.0,1,0,0,1,1,1,0,1,0,1,0,1,0
-1.0223937650211312,-0.30015585439803716,0.0,0.0,0.0,0.0,0.0,0.0,0.0,0.0,1,0,0,0,0,0,0,0,1,1,1,0,0
0.9219087251732329,-0.9109613101984924,1.0,1.0,0.0,0.0,0.0,0.0,0.0,1.0,1,0,0,0,0,1,1,1,1,1,1,1,1
-0.35601316795451593,0.47353105628253944,1.0,0.0,0.0,0.0,1.0,1.0,0.0,0.0,1,1,1,0,1,1,1,1,0,1,0,0,0
-0.19481885893840195,0.5956921474426305,0.0,0.0,0.0,1.0,0.0,0.0,0.0,1.0,0,0,0,0,1,1,0,1,0,1,0,1,0
0.7839795741594444,-0.7888002190384014,0.0,1.0,0.0,0.0,0.0,0.0,1.0,0.0,1,1,1,0,0,0,0,0,1,0,1,1,0
1.435403998224565,0.6771328748826912,0.0,1.0,0.0,0.0,1.0,0.0,0.0,0.0,1,1,1,1,0,1,1,1,1,1,1,1,0
1.068146861187852,1.2879383306831464,0.0,1.0,0.0,1.0,0.0,0.0,0.0,1.0,1,1,0,0,1,0,0,1,1,1,0,1,0
-1.517609271070636,-1.2774445836787656,1.0,0.0,1.0,0.0,0.0,0.0,0.0,1.0,0,0,0,0,0,0,0,0,0,0,0,1,0
-0.4906187249679718,-0.5037576729981889,1.0,0.0,0.0,0.0,0.0,0.0,0.0,1.0,0,0,0,0,0,0,0,1,0,0,0,1,0
-0.6435040489832552,0.18848851024232702,0.0,0.0,0.0,0.0,1.0,0.0,1.0,0.0,1,0,0,0,1,0,0,1,1,0,0,0,0
0.6875953481498096,-0.0965540357978854,1.0,1.0,0.0,0.0,0.0,0.0,1.0,0.0,1,0,1,1,0,0,0,0,1,0,0,1,0
0.642726829145324,0.22920887396235737,0.0,0.0,0.0,1.0,0.0,0.0,0.0,0.0,0,1,0,1,1,1,1,0,1,0,0,1,0
0.32200000811326246,-1.2774445836787656,0.0,1.0,0.0,0.0,0.0,0.0,0.0,1.0,0,0,0,1,0,0,0,0,0,1,1,1,1
-0.00038860991896550476,0.18848851024232702,0.0,0.0,0.0,0.0,0.0,0.0,1.0,0.0,0,1,0,0,0,0,0,0,1,1,1,1,0
0.04946530008601819,0.7992939660427822,0.0,0.0,0.0,0.0,1.0,1.0,0.0,0.0,1,1,0,0,1,1,1,1,1,0,0,0,0
0.4034280611214026,1.5729808767233588,1.0,0.0,0.0,0.0,1.0,1.0,0.0,0.0,0,0,1,0,1,1,1,1,1,1,0,1,0
0.8321716871642622,-0.2594354906780068,1.0,1.0,0.0,0.0,0.0,0.0,1.0,0.0,0,0,0,0,0,1,1,0,1,0,1,1,0
0.32698539911376057,1.369379058123207,1.0,0.0,0.0,0.0,1.0,1.0,0.0,0.0,0,1,0,1,1,1,1,0,0,1,0,1,0
1.7345274582544672,1.6137012404433893,1.0,1.0,0.0,0.0,1.0,1.0,0.0,0.0,1,1,0,1,1,1,1,1,1,1,0,1,0
-0.801374763999037,-0.30015585439803716,1.0,0.0,0.0,1.0,0.0,1.0,0.0,0.0,0,0,1,0,1,0,0,0,1,1,0,0,0
1.6481140142458286,1.4915401492832983,1.0,1.0,0.0,0.0,1.0,0.0,0.0,0.0,1,1,1,1,1,1,1,1,1,1,0,1,0
0.16412929309748078,0.8400143297628127,1.0,0.0,0.0,0.0,1.0,0.0,0.0,0.0,1,1,1,1,1,1,0,0,0,0,0,1,0
1.0216165451832002,-0.8295205827584317,0.0,1.0,0.0,1.0,0.0,0.0,0.0,1.0,0,1,0,0,0,0,1,0,1,0,1,1,0
1.1263097561936661,-0.2594354906780068,1.0,1.0,0.0,0.0,0.0,0.0,1.0,0.0,0,1,0,0,0,0,1,1,1,1,0,1,0
-0.10342002392926519,-0.46303730927815856,1.0,0.0,0.0,0.0,0.0,0.0,0.0,1.0,0,1,0,0,0,0,1,0,0,0,0,1,0
0.8172155141627669,-1.2774445836787656,0.0,1.0,0.0,0.0,0.0,0.0,1.0,0.0,0,1,1,0,0,0,0,0,1,1,0,1,0
1.0182929511828682,0.6364125111626608,1.0,1.0,0.0,0.0,0.0,0.0,1.0,0.0,0,1,0,1,1,0,0,1,0,1,0,1,0
-0.9758634490164798,-0.2594354906780068,0.0,0.0,0.0,1.0,0.0,1.0,0.0,0.0,1,0,0,0,1,0,1,0,0,0,0,0,0
-1.4893587220678117,1.125056875803025,1.0,0.0,1.0,0.0,1.0,0.0,0.0,1.0,1,0,0,0,0,0,0,0,0,0,0,1,0
-1.5126238800701375,-0.5851984004382496,1.0,0.0,1.0,0.0,0.0,0.0,0.0,1.0,0,0,0,0,0,0,0,0,0,0,0,1,0
-1.166970104035584,-0.9109613101984924,0.0,0.0,0.0,0.0,0.0,0.0,1.0,0.0,0,0,0,0,0,0,0,1,0,1,1,0,1
0.6560212051466532,-1.1145631287986442,1.0,1.0,0.0,0.0,0.0,0.0,1.0,0.0,1,0,1,1,1,0,1,0,0,1,1,1,0
-1.4744025490663168,-1.1552834925186746,0.0,0.0,1.0,1.0,0.0,0.0,0.0,1.0,0,0,1,0,0,0,0,0,0,1,0,1,0
-1.329826210051864,1.3286586944031769,1.0,0.0,1.0,0.0,1.0,1.0,0.0,0.0,1,0,1,1,0,0,0,0,0,0,0,1,0
-1.3098846460498705,1.5322605130033284,1.0,0.0,1.0,0.0,1.0,0.0,0.0,1.0,1,0,1,1,0,0,0,0,0,0,0,1,0
0.8620840331672525,-0.5851984004382496,1.0,1.0,0.0,0.0,0.0,1.0,0.0,0.0,0,1,0,1,0,0,1,0,0,1,1,1,0
-1.4876969250676457,1.2064976032430856,1.0,0.0,1.0,0.0,1.0,0.0,0.0,0.0,0,0,1,0,0,0,0,0,0,0,0,1,0
-0.16656830993557784,1.369379058123207,0.0,0.0,0.0,0.0,1.0,0.0,1.0,0.0,1,0,1,0,1,0,0,0,1,1,0,1,0
0.5895493251400082,1.3286586944031769,0.0,0.0,0.0,0.0,1.0,0.0,0.0,0.0,1,1,1,1,1,1,0,1,1,1,0,1,0
0.18407085709947407,-1.1960038562387048,0.0,1.0,0.0,0.0,0.0,0.0,1.0,0.0,0,0,0,0,0,0,0,0,0,1,1,1,1
-1.4760643460664828,0.06632741908223598,0.0,0.0,1.0,0.0,0.0,0.0,0.0,1.0,0,0,0,0,0,0,0,0,0,0,0,1,0
0.8654076271675846,-0.6666391278783103,1.0,1.0,0.0,0.0,0.0,0.0,0.0,0.0,1,0,1,1,0,0,1,0,1,1,0,1,0
1.302460238211275,0.880734693482843,0.0,1.0,0.0,1.0,0.0,0.0,0.0,0.0,0,1,0,1,1,0,1,0,1,1,1,1,0
1.3356961782145975,0.7178532386027215,0.0,1.0,0.0,0.0,0.0,0.0,1.0,0.0,0,1,0,1,0,0,1,1,1,1,0,1,1
1.3456669602155942,1.5729808767233588,1.0,1.0,0.0,0.0,1.0,0.0,1.0,0.0,1,1,0,0,0,1,1,1,1,1,0,1,0
0.3319707901142591,-0.9109613101984924,0.0,1.0,0.0,0.0,0.0,0.0,1.0,0.0,0,0,0,1,0,0,0,0,0,1,1,1,0
-0.46402997296531395,-1.2774445836787656,0.0,0.0,0.0,0.0,0.0,0.0,1.0,0.0,0,0,0,0,0,0,0,1,0,1,1,1,0
-1.3630621500551865,-0.5851984004382496,1.0,0.0,1.0,1.0,0.0,0.0,0.0,1.0,0,0,0,1,0,0,0,0,0,0,0,1,0
-0.1150526029304281,-1.1552834925186746,1.0,0.0,0.0,0.0,0.0,0.0,1.0,0.0,0,0,0,0,0,0,0,1,1,1,0,1,0
0.36686852711774764,1.0436161483629645,0.0,0.0,0.0,0.0,1.0,0.0,0.0,1.0,1,0,1,1,1,0,1,1,1,0,0,1,0
1.1047063951915064,0.9621754209229036,0.0,1.0,0.0,1.0,0.0,0.0,1.0,0.0,1,1,0,1,1,0,0,0,1,1,0,1,0
0.5147684601325326,-1.2367242199587352,1.0,1.0,0.0,0.0,0.0,0.0,1.0,0.0,0,0,0,0,0,0,0,0,1,1,1,1,0
0.46989994112804756,-0.015113308357824713,1.0,1.0,0.0,0.0,0.0,0.0,1.0,0.0,1,0,0,1,0,0,1,0,0,1,1,1,0
-0.42414684496132693,0.9621754209229036,1.0,0.0,0.0,1.0,0.0,0.0,0.0,1.0,1,0,1,0,1,1,0,1,1,1,0,0,0
0.6643301901474837,0.14776814652229667,1.0,1.0,0.0,0.0,0.0,0.0,1.0,0.0,0,1,0,1,0,0,0,0,0,1,1,1,0
-0.012021188920128179,-1.1552834925186746,0.0,0.0,0.0,0.0,0.0,0.0,0.0,1.0,0,0,0,1,0,0,0,1,1,1,0,1,0
0.6875953481498096,0.8400143297628127,1.0,1.0,0.0,0.0,0.0,0.0,0.0,0.0,0,0,0,1,0,0,0,0,1,0,1,1,0
-0.6302096729819263,-0.9109613101984924,1.0,0.0,0.0,0.0,0.0,1.0,0.0,0.0,0,0,0,0,0,0,0,0,0,1,0,1,0
-1.1387195550327598,-1.1552834925186746,1.0,0.0,0.0,0.0,0.0,0.0,1.0,0.0,0,0,0,0,0,0,0,1,0,0,0,0,0
-1.491020519067978,-1.2774445836787656,1.0,0.0,1.0,0.0,0.0,0.0,0.0,1.0,1,0,1,0,0,0,0,0,0,0,1,1,0
0.14584952609565352,0.758573602322752,0.0,1.0,0.0,0.0,0.0,0.0,0.0,1.0,1,0,0,0,0,0,0,0,0,0,0,1,0
1.1528985081963241,-0.8295205827584317,1.0,1.0,0.0,0.0,0.0,0.0,1.0,0.0,0,1,0,1,0,0,1,0,1,1,1,1,1
-0.5155456799704636,-1.0738427650786138,0.0,0.0,0.0,1.0,0.0,0.0,0.0,1.0,0,1,0,0,0,0,0,1,1,1,0,0,0
-0.844581486003356,1.247217966963116,1.0,0.0,0.0,0.0,1.0,0.0,0.0,0.0,1,0,1,0,0,1,1,1,0,0,0,0,0
0.19404163910047073,-1.2774445836787656,0.0,1.0,0.0,0.0,0.0,0.0,1.0,0.0,0,0,0,0,0,0,0,0,0,1,1,1,0
1.3406815692150957,0.6364125111626608,0.0,1.0,0.0,0.0,0.0,1.0,0.0,0.0,1,1,0,1,0,1,0,1,1,1,0,1,0
0.5396954151350245,-1.1145631287986442,0.0,1.0,0.0,0.0,0.0,1.0,0.0,0.0,0,0,0,0,0,0,0,0,1,1,1,1,0
-1.4843733310673135,0.10704778280226633,0.0,0.0,1.0,1.0,0.0,1.0,0.0,0.0,0,0,1,0,0,0,0,0,0,1,0,1,0
0.6676537841478158,-1.0738427650786138,1.0,1.0,0.0,0.0,0.0,0.0,1.0,0.0,0,0,0,0,0,1,0,0,1,1,1,1,0
-1.4960059100684764,-1.2367242199587352,1.0,0.0,1.0,0.0,0.0,0.0,0.0,1.0,0,0,0,0,0,0,0,0,0,0,0,1,0
-1.4960059100684764,0.7178532386027215,0.0,0.0,1.0,1.0,0.0,0.0,0.0,0.0,0,0,0,0,0,0,0,0,0,0,0,1,0
0.1873944510998066,0.025607055362205634,0.0,1.0,0.0,0.0,0.0,0.0,0.0,0.0,0,0,0,0,0,0,0,0,0,1,0,1,0
-1.4727407520661506,-0.055833672077855064,1.0,0.0,1.0,0.0,1.0,0.0,0.0,1.0,0,0,0,0,0,0,0,0,0,0,0,1,0
-1.4760643460664828,-0.9516816739185228,0.0,0.0,1.0,0.0,1.0,0.0,0.0,1.0,1,0,1,0,0,0,0,0,0,0,0,1,0
0.7125223031523015,0.880734693482843,0.0,0.0,0.0,0.0,0.0,0.0,1.0,0.0,1,1,1,1,0,1,1,1,1,1,0,1,0
1.0266019361836989,0.5549717837226001,0.0,1.0,0.0,1.0,0.0,1.0,0.0,0.0,0,0,0,0,1,1,1,0,1,1,0,1,0
1.2974748472107767,0.06632741908223598,1.0,1.0,0.0,1.0,0.0,0.0,1.0,0.0,0,1,1,1,1,1,0,0,1,1,0,1,0
1.0781176431888486,1.5729808767233588,1.0,1.0,0.0,0.0,1.0,0.0,1.0,0.0,1,1,1,1,1,0,0,0,1,1,0,1,0
-0.04027173792295256,1.247217966963116,0.0,0.0,0.0,0.0,1.0,0.0,0.0,1.0,1,0,1,0,1,1,1,1,0,0,0,1,0
-1.3231790220511994,0.758573602322752,0.0,0.0,1.0,0.0,1.0,0.0,0.0,0.0,0,0,0,1,0,0,0,0,0,0,0,1,0
0.8105683261621028,-0.2594354906780068,0.0,1.0,0.0,0.0,0.0,0.0,1.0,0.0,0,0,0,1,0,1,0,0,1,1,1,1,1
1.1379423351948288,1.2879383306831464,0.0,1.0,0.0,0.0,1.0,0.0,0.0,0.0,1,1,0,0,1,0,1,0,1,1,0,1,0
-1.328164413051698,-1.2774445836787656,0.0,0.0,0.0,0.0,0.0,0.0,1.0,0.0,1,0,0,0,0,0,0,0,0,1,1,0,1
0.6909189421501416,1.1657772395230555,1.0,1.0,0.0,1.0,0.0,0.0,0.0,0.0,1,0,0,1,0,1,0,1,0,1,0,1,1
0.9717626351782166,-0.7073594915983407,0.0,1.0,0.0,0.0,0.0,1.0,0.0,0.0,0,1,0,0,0,0,1,0,1,1,0,1,0
1.3589613362169235,1.2879383306831464,1.0,1.0,0.0,1.0,0.0,1.0,0.0,0.0,0,1,0,1,0,1,0,1,1,1,1,1,0
-0.4806479429669752,-0.5851984004382496,0.0,0.0,0.0,0.0,0.0,0.0,1.0,0.0,0,0,0,1,0,0,0,0,0,1,0,1,0
1.0049985751815391,1.002895784642934,0.0,1.0,0.0,1.0,0.0,0.0,1.0,0.0,1,1,1,0,0,1,0,0,1,1,0,1,0
-0.11172900893009581,-0.748079855318371,1.0,0.0,0.0,0.0,1.0,0.0,0.0,0.0,1,1,1,0,1,1,0,0,0,1,0,1,0
0.5247392421335293,-0.5851984004382496,1.0,1.0,0.0,0.0,0.0,1.0,0.0,0.0,0,0,0,1,0,1,0,0,0,1,0,1,1
0.45660556512671835,1.6137012404433893,0.0,1.0,0.0,0.0,1.0,0.0,0.0,0.0,1,0,0,1,1,0,0,0,0,0,0,1,1
1.6464522172456624,1.5322605130033284,1.0,1.0,0.0,0.0,1.0,1.0,0.0,0.0,1,1,0,1,1,1,1,1,1,0,0,1,0
-1.4860351280674797,0.22920887396235737,0.0,0.0,1.0,0.0,1.0,0.0,0.0,1.0,0,0,0,0,0,0,0,0,0,0,0,1,0
-0.07018408392594272,1.4508197855632678,1.0,0.0,0.0,0.0,1.0,1.0,0.0,0.0,1,0,1,0,1,1,1,1,0,0,0,1,0
0.534710024134526,-0.7888002190384014,1.0,1.0,0.0,0.0,0.0,0.0,1.0,0.0,0,1,0,0,0,0,0,0,0,1,1,1,0
0.9285559131738974,1.3286586944031769,1.0,1.0,0.0,0.0,1.0,1.0,0.0,0.0,1,0,0,1,1,1,0,0,1,1,0,1,1
1.1861344481996465,-0.0965540357978854,0.0,1.0,0.0,0.0,0.0,0.0,1.0,0.0,0,1,0,1,0,0,1,0,1,0,0,1,0
0.3469269631157543,0.758573602322752,1.0,0.0,0.0,0.0,1.0,0.0,0.0,0.0,1,1,0,1,0,0,0,1,1,1,0,1,0
0.6643301901474837,-0.055833672077855064,0.0,1.0,0.0,0.0,0.0,1.0,0.0,0.0,0,0,0,1,1,0,1,0,0,1,0,1,0
0.8205391081630994,-0.9516816739185228,0.0,1.0,0.0,0.0,0.0,0.0,1.0,0.0,1,1,0,0,0,0,0,0,1,0,1,1,0
0.4898415051300408,1.6137012404433893,0.0,0.0,0.0,0.0,1.0,0.0,0.0,0.0,1,1,1,1,1,1,1,1,0,1,0,1,0
0.2455573461056209,-0.9109613101984924,1.0,0.0,0.0,0.0,0.0,1.0,0.0,0.0,0,1,0,1,0,0,0,0,1,1,1,1,0
-1.4943441130683104,0.18848851024232702,0.0,0.0,1.0,1.0,0.0,0.0,1.0,0.0,0,0,0,0,0,0,0,0,0,1,0,1,0
0.3868100911197414,-1.2367242199587352,0.0,0.0,0.0,0.0,0.0,0.0,1.0,0.0,0,1,0,0,0,0,1,1,1,0,1,1,0
1.2010906212011416,0.9214550572028734,1.0,1.0,0.0,1.0,0.0,0.0,0.0,1.0,0,1,0,0,1,1,0,0,1,1,0,1,0
1.0149693571825356,0.025607055362205634,1.0,1.0,0.0,0.0,0.0,0.0,0.0,0.0,0,1,1,1,1,0,1,0,0,1,0,1,0
0.8703930181680831,0.5549717837226001,0.0,1.0,0.0,1.0,0.0,0.0,0.0,0.0,1,1,1,0,0,0,1,1,0,0,0,1,0
-0.3410569949530208,-1.2774445836787656,0.0,0.0,0.0,0.0,0.0,0.0,1.0,0.0,0,0,1,0,1,0,0,1,0,0,0,1,0
-0.10508182092943122,-0.5037576729981889,0.0,0.0,0.0,0.0,0.0,0.0,0.0,1.0,0,1,0,1,0,0,0,0,0,1,1,1,1
0.50313588113137,-0.9516816739185228,1.0,1.0,0.0,0.0,0.0,0.0,1.0,0.0,1,0,0,0,0,1,1,0,0,1,1,1,0
1.04321990618536,-0.015113308357824713,1.0,1.0,0.0,0.0,0.0,1.0,0.0,0.0,0,1,0,1,0,0,0,0,1,1,1,1,1
-0.5039131009693008,-0.5444780367182193,0.0,0.0,0.0,0.0,0.0,0.0,0.0,0.0,1,0,1,0,0,0,1,0,0,1,0,1,0
0.017891157082861757,1.5322605130033284,0.0,0.0,0.0,0.0,1.0,1.0,0.0,0.0,1,0,0,1,1,0,1,1,0,0,1,1,0
-1.3215172250510334,1.1657772395230555,0.0,0.0,1.0,0.0,1.0,1.0,0.0,0.0,0,0,1,1,0,0,0,0,0,1,0,1,0
-0.641842251983089,-0.2594354906780068,1.0,0.0,0.0,0.0,0.0,0.0,1.0,0.0,0,0,0,0,0,0,0,0,0,0,0,1,0
1.4287568102239003,0.5142514200025698,1.0,1.0,0.0,0.0,0.0,0.0,0.0,0.0,1,1,0,1,0,1,1,0,1,1,0,1,0
0.8089065291619363,1.2064976032430856,1.0,1.0,0.0,0.0,1.0,1.0,0.0,0.0,1,0,1,1,0,0,1,0,1,1,0,1,0
-1.4993295040688086,-1.2774445836787656,1.0,0.0,1.0,0.0,0.0,0.0,0.0,1.0,0,0,0,0,0,0,0,0,0,0,1,1,0
-0.6651074099854147,-1.1960038562387048,0.0,0.0,0.0,0.0,0.0,0.0,0.0,1.0,0,0,0,0,0,0,0,0,0,0,0,1,0
1.2243557792034672,0.35136996512244845,0.0,1.0,0.0,1.0,0.0,0.0,0.0,0.0,1,1,1,1,1,1,1,0,0,1,0,1,0
1.2758714862086173,1.4100994218432374,1.0,1.0,0.0,0.0,1.0,0.0,0.0,0.0,1,1,1,0,0,1,1,1,1,0,0,1,0
0.6610065961471517,-1.2774445836787656,1.0,1.0,0.0,0.0,0.0,0.0,0.0,1.0,0,0,0,1,0,0,0,0,1,1,1,1,0
1.0266019361836989,1.5729808767233588,0.0,1.0,0.0,1.0,0.0,0.0,0.0,1.0,1,0,0,1,1,1,0,0,1,0,0,1,0
0.3436033691154218,0.18848851024232702,0.0,0.0,0.0,1.0,0.0,0.0,0.0,0.0,1,1,1,0,1,1,0,0,1,0,0,1,0
-0.11339080593026184,1.125056875803025,1.0,0.0,0.0,0.0,1.0,0.0,0.0,1.0,1,0,0,0,1,1,0,1,0,1,0,1,0
0.15914390209698223,-1.2774445836787656,0.0,1.0,0.0,0.0,0.0,0.0,1.0,0.0,1,0,0,0,0,0,0,0,0,1,1,1,1
-1.4976677070686424,-1.0738427650786138,0.0,0.0,1.0,0.0,0.0,1.0,0.0,0.0,0,0,0,0,0,0,0,0,0,0,0,1,0
-1.1204397880309327,-0.7888002190384014,0.0,0.0,0.0,0.0,0.0,0.0,1.0,0.0,0,0,0,0,0,1,0,0,0,1,1,0,0
-0.4573827849646494,-0.8702409464784621,0.0,0.0,0.0,0.0,0.0,0.0,0.0,0.0,1,0,1,0,1,0,0,0,0,0,0,1,0
-0.4573827849646494,-1.0331224013585834,1.0,0.0,0.0,0.0,0.0,0.0,0.0,1.0,0,0,0,0,1,0,0,0,0,1,1,1,0
0.8005975441611056,-0.9109613101984924,0.0,1.0,0.0,0.0,0.0,0.0,1.0,0.0,1,1,1,0,0,0,0,0,1,1,0,1,0
-1.4860351280674797,0.06632741908223598,1.0,0.0,1.0,0.0,1.0,1.0,0.0,0.0,1,0,0,0,0,0,0,0,0,0,0,1,0
0.011243969082197169,1.2064976032430856,0.0,0.0,0.0,0.0,1.0,0.0,0.0,1.0,0,1,0,0,1,0,0,1,0,1,0,1,0
0.179085466098976,1.2879383306831464,1.0,0.0,0.0,1.0,0.0,0.0,0.0,1.0,1,1,0,1,0,1,0,1,0,1,0,1,0
-0.6784017859867437,-1.2774445836787656,0.0,0.0,0.0,0.0,0.0,0.0,0.0,0.0,1,0,1,0,0,0,0,0,0,1,1,1,0
-1.462769970065154,-0.30015585439803716,1.0,0.0,1.0,0.0,1.0,0.0,0.0,1.0,0,0,0,0,0,0,0,0,0,1,0,1,0
-0.28954128794787104,-0.2594354906780068,0.0,0.0,0.0,1.0,0.0,0.0,0.0,1.0,0,0,0,0,0,1,1,0,0,1,0,1,0
-1.4893587220678117,-0.9109613101984924,1.0,0.0,1.0,1.0,0.0,0.0,0.0,0.0,0,0,1,0,0,0,0,0,0,1,0,1,0
1.1246479591934997,0.8400143297628127,0.0,1.0,0.0,1.0,0.0,0.0,0.0,1.0,0,0,0,1,1,1,1,0,1,0,0,1,0
0.4964886931307054,-1.0331224013585834,0.0,1.0,0.0,0.0,0.0,0.0,1.0,0.0,0,0,0,0,0,0,0,0,1,1,1,1,0
0.4732235351283796,0.025607055362205634,1.0,1.0,0.0,0.0,0.0,1.0,0.0,0.0,0,0,0,0,0,1,1,0,0,1,0,1,0
0.8205391081630994,1.5729808767233588,0.0,1.0,0.0,0.0,1.0,1.0,0.0,0.0,1,1,0,0,0,1,1,0,0,0,0,1,1
0.31369102311243185,-0.13727439951791576,0.0,1.0,0.0,0.0,0.0,0.0,1.0,0.0,0,0,0,1,0,0,0,0,0,1,0,1,0
0.5396954151350245,-0.3408762181180675,1.0,0.0,0.0,0.0,0.0,0.0,0.0,0.0,1,1,1,1,1,0,0,1,1,0,0,1,0
-0.5039131009693008,-0.5037576729981889,1.0,0.0,0.0,0.0,0.0,0.0,1.0,0.0,1,0,1,0,0,0,1,0,0,1,0,1,0
0.6593447991469852,-1.2774445836787656,0.0,1.0,0.0,0.0,0.0,0.0,1.0,0.0,0,0,0,1,0,0,0,0,1,1,0,1,0
-0.3244390249513595,0.880734693482843,1.0,0.0,0.0,0.0,0.0,1.0,0.0,0.0,0,0,1,1,0,1,0,0,0,1,1,1,0
0.6676537841478158,-1.1145631287986442,0.0,1.0,0.0,0.0,0.0,0.0,0.0,1.0,0,0,0,0,0,0,1,0,1,1,1,1,1
0.6460504231456565,1.6137012404433893,0.0,0.0,0.0,0.0,1.0,0.0,0.0,0.0,1,1,1,1,1,0,1,1,1,1,0,1,0
1.3805646972190828,0.7992939660427822,1.0,1.0,0.0,0.0,1.0,0.0,1.0,0.0,1,1,0,0,1,1,1,1,1,1,0,1,0
0.142525932095321,-0.9516816739185228,0.0,1.0,0.0,0.0,0.0,0.0,1.0,0.0,0,0,0,0,0,0,0,0,0,0,0,1,0
-0.6435040489832552,-1.2774445836787656,0.0,0.0,0.0,0.0,0.0,0.0,0.0,1.0,0,0,0,0,0,0,0,0,0,1,0,1,0
0.2954112561106046,-1.2774445836787656,1.0,1.0,0.0,0.0,0.0,0.0,1.0,0.0,0,0,0,1,0,0,0,0,0,1,1,1,1
0.30372024111143525,0.025607055362205634,1.0,0.0,0.0,1.0,0.0,0.0,0.0,1.0,1,1,1,0,0,0,1,1,1,1,1,1,0
0.43167861012422654,0.9214550572028734,0.0,1.0,0.0,0.0,0.0,0.0,1.0,0.0,1,0,0,1,0,0,1,0,0,1,1,1,0
1.1495749141959914,1.4915401492832983,1.0,1.0,0.0,0.0,1.0,0.0,1.0,0.0,1,1,1,1,0,0,0,1,1,1,0,1,0
-0.46569176996548,-1.2774445836787656,1.0,0.0,0.0,0.0,0.0,0.0,0.0,1.0,0,0,0,0,1,0,0,0,0,1,0,1,0
0.7424346491552913,0.880734693482843,1.0,0.0,0.0,0.0,1.0,0.0,0.0,0.0,0,1,0,1,1,0,1,1,1,0,0,1,0
-1.4827115340671475,0.025607055362205634,1.0,0.0,1.0,1.0,0.0,0.0,0.0,1.0,0,0,1,0,0,0,0,0,0,1,0,1,0
1.1279715531938321,0.5142514200025698,1.0,1.0,0.0,1.0,0.0,0.0,0.0,0.0,1,0,0,1,0,1,1,1,1,1,0,1,1
-1.3148700370503688,-0.8702409464784621,0.0,0.0,0.0,0.0,0.0,0.0,1.0,0.0,0,0,1,0,0,0,0,0,0,0,0,0,0
-0.3011738669490337,-1.0738427650786138,1.0,0.0,0.0,0.0,0.0,0.0,0.0,0.0,0,0,0,0,1,1,0,0,0,1,0,1,0
0.019552954083027783,-0.46303730927815856,1.0,0.0,0.0,0.0,0.0,0.0,0.0,0.0,0,0,0,0,1,0,1,0,1,0,0,1,0
-1.3115464430500368,1.3286586944031769,0.0,0.0,1.0,0.0,1.0,0.0,0.0,0.0,1,0,1,1,0,0,0,0,0,1,0,1,0
0.6510358141461546,-1.0738427650786138,0.0,1.0,0.0,0.0,0.0,0.0,1.0,0.0,1,1,0,1,0,0,0,0,0,1,1,1,1
0.6709773781481484,-0.9924020376385531,0.0,1.0,0.0,0.0,0.0,0.0,1.0,0.0,0,0,0,0,1,0,0,0,1,0,1,1,0
0.3020584441112687,-0.8702409464784621,1.0,1.0,0.0,0.0,0.0,0.0,1.0,0.0,0,0,0,0,0,0,0,1,0,1,1,1,0
-1.3464441800535252,0.43281069256250915,1.0,0.0,1.0,0.0,1.0,0.0,0.0,1.0,1,0,1,1,0,0,0,0,0,0,0,1,0
-0.4307940329619915,0.6771328748826912,1.0,0.0,0.0,1.0,0.0,0.0,0.0,0.0,1,1,1,0,0,1,0,0,1,1,1,0,0
-0.6235624849812617,-1.2774445836787656,0.0,0.0,0.0,0.0,0.0,0.0,1.0,0.0,1,0,0,0,0,0,0,0,0,0,1,1,1
0.48651791112970877,-0.7073594915983407,1.0,1.0,0.0,0.0,0.0,0.0,1.0,0.0,0,1,0,0,0,0,0,0,0,1,1,1,1
-0.14164135493308597,1.125056875803025,1.0,0.0,0.0,0.0,1.0,0.0,0.0,0.0,1,0,1,0,1,1,1,0,0,0,0,1,0
-1.3181936310507012,-0.62591876415828,1.0,0.0,0.0,0.0,0.0,1.0,0.0,0.0,0,0,0,0,0,0,0,0,0,0,0,0,0
0.23392476710445778,-0.6666391278783103,1.0,1.0,0.0,0.0,0.0,0.0,0.0,0.0,1,0,0,0,0,0,0,0,0,1,1,1,1
-1.4860351280674797,0.10704778280226633,1.0,0.0,1.0,1.0,0.0,0.0,0.0,0.0,1,0,1,0,0,0,0,0,0,0,0,1,0
0.785641371159611,0.47353105628253944,1.0,1.0,0.0,1.0,0.0,0.0,0.0,1.0,1,1,0,1,0,1,0,0,0,0,1,1,1
-1.1470285400335904,-0.8295205827584317,0.0,0.0,0.0,1.0,0.0,1.0,0.0,0.0,1,0,1,0,0,0,0,1,0,0,0,0,0
-1.481049737066981,-1.2774445836787656,1.0,0.0,1.0,0.0,0.0,0.0,0.0,1.0,0,0,0,0,0,0,0,0,0,0,0,1,0
-0.1615829189350795,-0.1779947632379461,0.0,0.0,0.0,1.0,0.0,0.0,1.0,0.0,0,0,0,0,1,1,0,1,0,1,0,1,0
-1.3165318340505352,1.5322605130033284,1.0,0.0,1.0,0.0,1.0,0.0,0.0,0.0,1,0,0,1,0,0,0,0,0,0,0,1,0
-0.6235624849812617,-1.1145631287986442,0.0,0.0,0.0,0.0,0.0,0.0,0.0,1.0,0,0,1,0,0,0,0,0,0,0,1,1,0
1.2143849972024705,-0.5851984004382496,1.0,1.0,0.0,0.0,0.0,1.0,0.0,0.0,0,1,0,0,0,1,1,0,1,0,0,1,0
0.40508985812156867,1.5322605130033284,1.0,0.0,0.0,0.0,1.0,1.0,0.0,0.0,1,1,0,1,1,0,0,1,1,1,0,1,0
-0.31446824295036285,-0.9516816739185228,0.0,0.0,0.0,0.0,0.0,0.0,0.0,1.0,1,0,1,1,0,1,0,0,0,1,0,1,0
0.9202469281730669,1.4100994218432374,0.0,1.0,0.0,0.0,1.0,0.0,0.0,0.0,0,0,0,0,1,1,0,1,1,1,0,1,1
-0.5421344319731216,-1.2774445836787656,0.0,0.0,0.0,0.0,0.0,0.0,0.0,0.0,0,0,0,0,1,0,0,0,0,1,0,1,0
-1.5093002860698053,-0.5851984004382496,0.0,0.0,1.0,0.0,1.0,0.0,0.0,1.0,1,0,1,0,0,0,0,0,0,0,0,1,0
-0.43245582996215753,-1.1552834925186746,1.0,0.0,0.0,0.0,0.0,1.0,0.0,0.0,0,0,0,1,0,0,0,0,0,0,1,1,0
0.7291402731539627,1.5729808767233588,1.0,1.0,0.0,1.0,0.0,0.0,0.0,0.0,1,0,1,0,1,1,1,0,0,1,0,1,1
0.9850570111795457,-0.0965540357978854,1.0,1.0,0.0,0.0,0.0,0.0,1.0,0.0,1,0,1,1,1,1,0,0,1,1,1,1,0
-0.3011738669490337,-1.2774445836787656,1.0,0.0,0.0,0.0,0.0,0.0,0.0,1.0,1,0,0,0,1,0,1,0,0,0,0,1,0
0.6477122201458225,0.9214550572028734,0.0,1.0,0.0,1.0,0.0,1.0,0.0,0.0,0,0,0,1,1,0,1,0,0,1,0,1,0
-0.003712203919297562,1.0843365120829946,1.0,0.0,0.0,0.0,0.0,0.0,1.0,0.0,0,0,0,0,0,0,1,1,1,1,0,1,0
0.179085466098976,-1.2774445836787656,0.0,1.0,0.0,0.0,0.0,0.0,0.0,1.0,0,0,0,0,0,0,0,0,0,1,1,1,0
0.14751132309581955,-1.0331224013585834,0.0,1.0,0.0,0.0,0.0,0.0,0.0,0.0,1,0,0,0,0,0,0,0,0,1,0,1,0
-0.33607160395252245,0.5142514200025698,1.0,0.0,0.0,0.0,1.0,0.0,0.0,0.0,1,0,1,0,1,0,0,1,0,0,0,1,0
-1.329826210051864,0.880734693482843,0.0,0.0,1.0,1.0,0.0,0.0,0.0,0.0,1,0,1,1,0,0,0,0,0,1,0,1,0
-1.3564149620545218,0.758573602322752,1.0,0.0,1.0,1.0,0.0,0.0,0.0,1.0,1,0,1,1,0,0,0,0,0,1,0,1,0
1.3373579752147637,1.6137012404433893,0.0,1.0,0.0,1.0,0.0,1.0,0.0,0.0,1,1,0,1,0,1,1,0,1,0,0,1,1
-0.16324471593524553,0.47353105628253944,1.0,0.0,0.0,1.0,0.0,0.0,0.0,0.0,1,0,0,0,1,1,0,1,0,1,0,1,0
-1.4860351280674797,-1.2367242199587352,1.0,0.0,1.0,0.0,0.0,0.0,0.0,1.0,0,0,0,0,0,0,0,0,0,0,0,1,0
0.9102761461720702,1.369379058123207,0.0,1.0,0.0,1.0,0.0,0.0,0.0,0.0,0,0,0,1,0,0,1,0,1,1,0,1,0
-0.6634456129852487,1.4508197855632678,1.0,0.0,0.0,1.0,0.0,0.0,0.0,1.0,1,0,1,0,1,1,0,0,1,0,0,0,0
-1.4577845790646555,-0.055833672077855064,0.0,0.0,1.0,0.0,1.0,1.0,0.0,0.0,0,0,0,0,0,0,0,0,0,0,0,1,0
1.0182929511828682,-0.46303730927815856,0.0,1.0,0.0,0.0,0.0,0.0,0.0,0.0,0,1,0,1,0,0,0,0,1,1,0,1,1
0.5180920541328647,-0.46303730927815856,1.0,1.0,0.0,0.0,0.0,0.0,1.0,0.0,0,0,1,1,1,0,0,0,0,0,0,1,0
0.6759627691486464,0.9214550572028734,0.0,0.0,0.0,0.0,1.0,0.0,0.0,0.0,1,1,1,1,1,0,1,1,1,1,0,1,0
-0.9991286070188055,-0.9516816739185228,1.0,0.0,0.0,0.0,0.0,1.0,0.0,0.0,0,0,0,0,0,0,0,0,1,1,1,0,0
1.6713791722481544,1.5729808767233588,1.0,1.0,0.0,0.0,1.0,0.0,0.0,0.0,1,1,0,1,1,1,1,1,1,1,0,1,1
0.5430190091353566,-1.2774445836787656,0.0,1.0,0.0,0.0,0.0,0.0,1.0,0.0,0,1,0,0,0,0,0,0,0,1,1,1,0
-1.4893587220678117,-0.4223169455581282,1.0,0.0,1.0,1.0,0.0,0.0,0.0,1.0,1,0,1,0,0,0,0,0,0,0,0,1,0
-1.4694171580658184,-1.2774445836787656,0.0,0.0,1.0,0.0,0.0,0.0,0.0,1.0,1,0,1,0,0,0,0,0,0,0,1,1,0
1.3905354792200795,1.1657772395230555,0.0,1.0,0.0,0.0,1.0,0.0,1.0,0.0,0,1,0,1,0,0,1,1,1,1,1,1,0
0.7108605061521354,1.4100994218432374,0.0,0.0,0.0,0.0,1.0,0.0,0.0,0.0,1,1,0,1,0,1,1,1,1,0,0,1,0
0.46823814412788106,-0.748079855318371,0.0,1.0,0.0,0.0,0.0,0.0,1.0,0.0,0,0,0,0,1,1,0,0,0,0,0,1,1
1.395520870220578,1.0843365120829946,1.0,1.0,0.0,0.0,0.0,0.0,1.0,0.0,1,0,0,1,1,1,1,1,1,1,1,1,0
0.7241548821534641,-0.46303730927815856,1.0,1.0,0.0,0.0,0.0,0.0,0.0,0.0,1,0,0,0,0,0,1,0,1,0,0,1,1
-0.7432118689932226,-1.1552834925186746,1.0,0.0,0.0,0.0,0.0,0.0,0.0,1.0,0,0,0,0,1,1,0,1,0,0,0,0,0
0.8205391081630994,-1.1960038562387048,0.0,1.0,0.0,0.0,0.0,0.0,1.0,0.0,0,1,0,0,0,0,0,0,1,1,1,1,0
-1.3464441800535252,1.5322605130033284,1.0,0.0,1.0,0.0,1.0,0.0,0.0,0.0,1,0,0,1,0,0,0,0,0,0,0,1,0
1.1013828011911744,-1.1960038562387048,0.0,1.0,0.0,0.0,0.0,0.0,1.0,0.0,0,1,0,0,0,1,0,1,1,1,1,1,0
-1.4710789550659844,-0.46303730927815856,1.0,0.0,1.0,1.0,0.0,0.0,0.0,0.0,0,0,0,0,0,0,0,0,0,0,0,1,1
-1.5009913010689746,-0.5037576729981889,1.0,0.0,1.0,0.0,0.0,1.0,0.0,0.0,0,0,0,0,0,0,0,0,0,1,0,1,0
-1.479387940066815,-0.4223169455581282,1.0,0.0,1.0,1.0,0.0,0.0,0.0,0.0,1,0,1,0,0,0,0,0,0,0,0,1,0
-0.3011738669490337,-1.2774445836787656,1.0,0.0,0.0,0.0,0.0,0.0,0.0,1.0,0,1,0,0,0,0,0,0,0,1,1,1,0
-1.4677553610656522,1.247217966963116,0.0,0.0,1.0,0.0,1.0,0.0,0.0,1.0,0,0,0,0,0,0,0,0,0,1,0,1,0
-1.4943441130683104,1.5322605130033284,0.0,0.0,1.0,0.0,1.0,0.0,0.0,0.0,1,0,1,0,0,0,0,0,0,0,0,1,0
0.4998122871310375,-0.7888002190384014,1.0,1.0,0.0,0.0,0.0,0.0,1.0,0.0,0,0,0,0,0,1,1,0,0,1,1,1,0
0.5131066631323666,-1.1145631287986442,0.0,1.0,0.0,0.0,0.0,0.0,1.0,0.0,0,0,0,0,0,0,0,0,1,0,0,1,0
1.7162476912526399,1.6137012404433893,0.0,1.0,0.0,0.0,1.0,1.0,0.0,0.0,1,1,1,1,1,1,1,1,1,1,0,1,0
-1.1004982240289392,-0.7888002190384014,0.0,0.0,0.0,0.0,0.0,0.0,1.0,0.0,0,0,0,0,0,1,0,0,0,1,0,0,0
0.9767480261787151,1.1657772395230555,1.0,1.0,0.0,0.0,0.0,1.0,0.0,0.0,1,1,0,0,0,1,1,1,0,0,0,1,0
-1.4660935640654862,-1.2774445836787656,1.0,0.0,1.0,0.0,0.0,0.0,1.0,0.0,0,0,0,0,0,0,0,0,0,0,0,1,0
0.4017662641212361,0.9621754209229036,0.0,1.0,0.0,0.0,0.0,0.0,0.0,0.0,1,0,0,1,0,0,0,1,0,1,0,1,1
-1.4827115340671475,-1.1552834925186746,0.0,0.0,1.0,0.0,0.0,0.0,0.0,1.0,0,0,0,0,0,0,0,0,0,0,0,1,0
-0.3161300399505289,0.10704778280226633,1.0,0.0,0.0,0.0,1.0,0.0,0.0,1.0,0,0,0,1,1,0,0,0,0,0,0,1,0
-0.8545522680043529,-0.5851984004382496,0.0,0.0,0.0,0.0,0.0,0.0,1.0,0.0,1,0,0,0,0,0,1,0,1,1,1,0,0
0.5779167461388456,1.6137012404433893,1.0,0.0,0.0,0.0,1.0,0.0,0.0,0.0,1,1,0,1,0,1,1,0,1,0,0,1,0
1.2708860952081187,0.6771328748826912,0.0,1.0,0.0,1.0,0.0,0.0,0.0,0.0,0,1,0,1,1,1,1,1,0,0,0,1,1
1.0083221691818711,0.47353105628253944,0.0,1.0,0.0,0.0,0.0,1.0,0.0,0.0,1,0,0,1,1,1,1,1,0,1,0,1,0
0.6360796411446599,-1.1960038562387048,0.0,1.0,0.0,0.0,0.0,0.0,0.0,1.0,1,0,0,0,0,0,0,1,1,1,1,1,1
1.0099839661820376,0.18848851024232702,0.0,1.0,0.0,0.0,0.0,0.0,1.0,0.0,1,1,1,1,0,1,1,0,0,1,0,1,0
0.4998122871310375,1.1657772395230555,1.0,0.0,0.0,1.0,0.0,0.0,1.0,0.0,1,1,0,1,0,1,1,0,1,1,0,1,0
0.33363258711442517,1.5322605130033284,1.0,0.0,0.0,0.0,1.0,1.0,0.0,0.0,1,1,0,1,1,0,1,1,0,1,0,1,0
0.16911468409797886,-1.2774445836787656,0.0,1.0,0.0,0.0,0.0,0.0,1.0,0.0,0,0,0,0,0,0,0,0,0,1,1,1,1
-1.4727407520661506,0.35136996512244845,0.0,0.0,1.0,0.0,0.0,0.0,1.0,0.0,0,0,0,0,0,0,0,0,0,0,0,1,0
0.4516201741262198,1.5322605130033284,1.0,0.0,0.0,1.0,0.0,0.0,0.0,0.0,1,1,1,1,1,1,1,1,0,0,0,1,0
-0.3726311379561772,-1.2774445836787656,0.0,0.0,0.0,0.0,0.0,0.0,0.0,1.0,0,0,0,0,0,0,0,0,1,1,1,1,0
-1.517609271070636,0.758573602322752,1.0,0.0,1.0,1.0,0.0,0.0,1.0,0.0,0,0,0,0,0,0,0,0,0,0,0,1,0
-1.4876969250676457,0.3920903288424788,0.0,0.0,1.0,0.0,1.0,0.0,0.0,1.0,1,0,1,0,0,0,0,0,0,0,0,1,0
0.9684390411778845,1.5322605130033284,0.0,1.0,0.0,0.0,1.0,0.0,0.0,0.0,1,0,1,1,1,1,1,1,0,0,1,1,0
-1.4893587220678117,0.6364125111626608,1.0,0.0,1.0,1.0,0.0,0.0,0.0,0.0,0,0,0,0,0,0,0,0,0,0,0,1,0
1.608230886241842,1.4508197855632678,1.0,1.0,0.0,0.0,1.0,0.0,1.0,0.0,1,1,1,1,1,1,1,1,1,1,1,1,0
-1.3547531650543558,0.6364125111626608,0.0,0.0,1.0,0.0,1.0,1.0,0.0,0.0,0,0,0,1,0,0,0,0,0,0,0,1,0
0.6709773781481484,-0.2594354906780068,0.0,1.0,0.0,0.0,0.0,0.0,1.0,0.0,1,1,0,0,0,1,0,0,0,0,1,1,1
0.5230774451333633,-0.8702409464784621,1.0,1.0,0.0,0.0,0.0,0.0,0.0,0.0,1,0,0,1,0,1,0,0,0,1,1,1,0
-1.5109620830699715,-1.2774445836787656,1.0,0.0,1.0,0.0,0.0,0.0,0.0,1.0,0,0,0,0,0,0,0,0,0,1,1,1,0
-1.51594747407047,-0.21871512695797646,0.0,0.0,1.0,1.0,0.0,0.0,0.0,1.0,0,0,0,0,0,0,0,0,0,0,0,1,0
0.8820255971692458,0.5549717837226001,0.0,1.0,0.0,1.0,0.0,0.0,0.0,0.0,0,0,0,0,0,1,1,0,1,1,0,1,1
-0.5022513039691348,-1.2774445836787656,1.0,0.0,0.0,0.0,0.0,0.0,0.0,1.0,0,0,0,0,0,0,1,0,0,1,1,1,0
-0.34604238595351905,0.5549717837226001,0.0,0.0,0.0,0.0,1.0,1.0,0.0,0.0,0,0,0,0,0,0,1,1,0,0,1,1,0
-1.51594747407047,-0.30015585439803716,1.0,0.0,1.0,0.0,0.0,0.0,0.0,1.0,1,0,1,0,0,0,0,0,0,1,0,1,0
0.787303168159777,-1.1552834925186746,1.0,1.0,0.0,0.0,0.0,0.0,1.0,0.0,0,1,0,0,0,0,0,0,1,1,1,1,0
-1.4960059100684764,-0.7888002190384014,1.0,0.0,1.0,0.0,1.0,0.0,0.0,1.0,0,0,0,0,0,0,0,0,0,0,0,1,0
0.356897745116751,-0.055833672077855064,1.0,0.0,0.0,1.0,0.0,1.0,0.0,0.0,1,1,0,0,1,1,1,1,0,1,0,1,0
0.6310942501441613,-0.38159658183809786,0.0,1.0,0.0,0.0,0.0,0.0,1.0,0.0,1,0,1,1,0,0,0,0,1,1,0,1,0
-1.5076384890696393,-1.2367242199587352,0.0,0.0,1.0,0.0,0.0,0.0,0.0,1.0,0,0,0,0,0,0,0,0,0,0,0,1,0
-1.2716633150460497,1.3286586944031769,0.0,0.0,1.0,0.0,1.0,0.0,0.0,0.0,0,0,0,1,0,0,0,0,0,0,0,1,0
0.8554368451665879,-0.4223169455581282,1.0,1.0,0.0,0.0,0.0,0.0,0.0,0.0,0,0,0,1,0,0,0,1,1,1,1,1,1
-1.51594747407047,0.9214550572028734,0.0,0.0,1.0,1.0,0.0,1.0,0.0,0.0,1,0,1,0,0,0,0,0,0,0,0,1,0
1.0000131841810405,-0.9516816739185228,1.0,1.0,0.0,0.0,0.0,0.0,0.0,1.0,1,0,0,0,0,1,1,1,1,1,1,1,0
0.1724382780983114,-1.0331224013585834,1.0,1.0,0.0,0.0,0.0,0.0,0.0,0.0,1,0,1,0,0,0,0,0,0,1,1,1,0
-0.7930657789982063,0.10704778280226633,0.0,0.0,0.0,1.0,0.0,0.0,0.0,1.0,1,0,1,0,0,0,0,1,1,0,0,0,0
0.5147684601325326,-1.0738427650786138,1.0,0.0,0.0,0.0,1.0,0.0,0.0,1.0,0,1,0,0,1,0,1,1,1,1,0,1,0
-0.5371490409726233,-1.2774445836787656,0.0,0.0,0.0,0.0,0.0,1.0,0.0,0.0,0,0,0,0,1,0,0,0,0,1,1,1,0
0.2006888271011353,-0.62591876415828,1.0,1.0,0.0,0.0,0.0,0.0,1.0,0.0,0,0,0,0,0,0,0,0,0,1,0,1,0
-0.15161213693408263,-0.9109613101984924,1.0,0.0,0.0,0.0,0.0,0.0,0.0,1.0,1,0,1,0,0,0,1,0,1,0,0,1,0
-0.31779183695069496,-0.7073594915983407,1.0,0.0,0.0,1.0,0.0,1.0,0.0,0.0,0,0,1,0,0,0,1,1,0,0,0,1,0
-0.29785027294870164,0.3106496014024181,0.0,0.0,0.0,0.0,0.0,0.0,1.0,0.0,0,1,0,0,1,1,0,0,1,1,1,0,1
-0.35268957395418365,-0.7888002190384014,0.0,0.0,0.0,1.0,0.0,0.0,0.0,0.0,1,0,1,0,1,0,0,1,0,0,0,1,0
0.5114448661322006,-0.13727439951791576,1.0,1.0,0.0,0.0,0.0,0.0,0.0,0.0,1,0,0,1,0,1,0,0,0,1,1,1,0
0.356897745116751,-1.1960038562387048,0.0,1.0,0.0,0.0,0.0,0.0,1.0,0.0,0,0,0,1,0,0,0,0,0,1,1,1,0
1.1844726511994805,1.0436161483629645,0.0,1.0,0.0,0.0,0.0,0.0,0.0,0.0,1,1,0,1,0,0,0,1,1,1,0,1,1
-0.07350767792627502,0.5142514200025698,0.0,0.0,0.0,1.0,0.0,1.0,0.0,0.0,0,0,0,0,1,1,0,1,0,1,0,1,0
0.18905624809997262,1.6137012404433893,0.0,0.0,0.0,0.0,1.0,0.0,0.0,0.0,1,0,1,1,1,1,1,1,0,1,0,1,0
0.6892571451499756,1.4508197855632678,1.0,1.0,0.0,1.0,0.0,0.0,0.0,0.0,1,0,1,1,1,1,0,0,0,1,0,1,0
-1.481049737066981,-1.2774445836787656,1.0,0.0,1.0,0.0,0.0,0.0,0.0,0.0,0,0,0,0,0,0,0,0,0,1,1,1,0
-0.3410569949530208,0.22920887396235737,0.0,0.0,0.0,0.0,0.0,0.0,1.0,0.0,1,0,1,0,1,1,0,0,0,0,0,1,0
-1.462769970065154,-1.2367242199587352,1.0,0.0,1.0,0.0,0.0,0.0,0.0,1.0,0,0,0,0,0,0,0,0,0,0,0,1,0
-1.4760643460664828,-0.8702409464784621,1.0,0.0,1.0,0.0,0.0,0.0,0.0,1.0,0,0,0,0,0,0,0,0,0,0,0,1,0
0.8720548151682491,-0.5037576729981889,0.0,1.0,0.0,1.0,0.0,0.0,0.0,0.0,1,1,0,0,0,0,0,0,1,1,0,1,1
1.330710787214099,1.6137012404433893,1.0,1.0,0.0,0.0,1.0,0.0,0.0,0.0,1,1,0,1,0,1,1,0,1,1,0,1,0
0.3319707901142591,-1.1960038562387048,0.0,1.0,0.0,0.0,0.0,1.0,0.0,0.0,1,0,0,1,0,0,0,0,0,1,1,1,0
1.3057838322116073,-0.38159658183809786,1.0,1.0,0.0,0.0,0.0,0.0,0.0,1.0,0,1,0,1,0,0,1,1,1,1,1,1,0
-0.45405919096431707,0.3106496014024181,1.0,0.0,0.0,0.0,0.0,0.0,1.0,0.0,0,0,0,0,0,0,0,1,0,1,0,1,0
0.8321716871642622,1.2064976032430856,1.0,1.0,0.0,0.0,0.0,0.0,0.0,0.0,1,1,0,1,0,1,0,0,0,1,0,1,1
-1.4694171580658184,-0.4223169455581282,0.0,0.0,1.0,0.0,0.0,0.0,1.0,0.0,0,0,1,0,0,0,0,0,0,1,0,1,0
-0.023653767921291324,-0.8702409464784621,0.0,0.0,0.0,0.0,0.0,0.0,0.0,0.0,0,1,0,0,1,0,1,0,0,0,0,1,0
0.33529438411459117,-1.0331224013585834,1.0,1.0,0.0,0.0,0.0,0.0,1.0,0.0,1,0,0,1,0,0,0,0,0,1,0,1,1
1.0598378761870213,-0.7888002190384014,0.0,1.0,0.0,0.0,0.0,0.0,1.0,0.0,0,0,0,1,1,1,0,0,1,1,1,1,0
-1.4860351280674797,-1.2774445836787656,1.0,0.0,1.0,0.0,0.0,0.0,0.0,1.0,0,0,0,0,0,0,0,0,0,0,1,1,1
1.285842268209614,0.26992923768238775,0.0,1.0,0.0,0.0,0.0,0.0,1.0,0.0,0,1,0,1,0,1,1,0,1,1,1,1,0
-1.3215172250510334,-1.1960038562387048,1.0,0.0,0.0,0.0,0.0,0.0,0.0,1.0,1,0,0,0,0,0,0,0,0,0,0,0,0
-1.477726143066649,1.0436161483629645,1.0,0.0,1.0,0.0,1.0,1.0,0.0,0.0,0,0,0,0,0,0,0,0,0,0,0,1,0
-1.2766487060465481,-1.0738427650786138,1.0,0.0,1.0,0.0,0.0,0.0,0.0,1.0,0,0,1,1,0,0,0,0,0,0,0,1,0
-1.491020519067978,-1.2774445836787656,0.0,0.0,1.0,0.0,0.0,0.0,1.0,0.0,1,0,1,0,0,0,0,0,0,1,1,1,0
-0.33440980695235617,-0.4223169455581282,0.0,0.0,0.0,0.0,0.0,0.0,0.0,1.0,1,0,0,0,0,1,1,0,0,1,0,1,0
-0.6119299059800988,-0.748079855318371,1.0,0.0,0.0,0.0,0.0,0.0,1.0,0.0,1,1,0,0,0,0,0,0,1,0,1,0,0
0.8471278601657574,1.2879383306831464,1.0,1.0,0.0,1.0,0.0,1.0,0.0,0.0,1,1,1,1,0,0,1,0,0,0,0,1,0
-1.4893587220678117,-1.2774445836787656,1.0,0.0,1.0,0.0,0.0,0.0,1.0,0.0,0,0,0,0,0,0,0,0,0,0,1,1,0
-1.4660935640654862,-1.0738427650786138,1.0,0.0,1.0,0.0,0.0,0.0,0.0,1.0,0,0,0,0,0,0,0,0,0,0,0,1,0
0.4931650991303729,-1.2774445836787656,1.0,1.0,0.0,0.0,0.0,0.0,1.0,0.0,0,1,0,0,0,0,0,0,0,0,1,1,0
-1.3065610520495383,0.26992923768238775,1.0,0.0,1.0,1.0,0.0,0.0,0.0,0.0,0,0,1,1,0,0,0,0,0,0,0,1,0
-1.504314895069307,-0.5037576729981889,0.0,0.0,1.0,1.0,0.0,0.0,0.0,1.0,0,0,0,0,0,0,0,0,0,0,0,1,0
0.37019212111808014,-1.2774445836787656,1.0,1.0,0.0,0.0,0.0,0.0,1.0,0.0,0,0,0,0,0,0,0,1,0,1,1,1,0
0.3801629031190768,-1.2774445836787656,1.0,1.0,0.0,0.0,0.0,0.0,1.0,0.0,1,0,0,0,0,0,1,0,0,0,1,1,0
0.046141706085686136,1.2879383306831464,1.0,0.0,0.0,1.0,0.0,1.0,0.0,0.0,1,0,0,1,1,0,0,0,1,1,0,1,0
-1.5126238800701375,-1.2774445836787656,1.0,0.0,1.0,0.0,0.0,0.0,0.0,1.0,0,0,1,0,0,0,0,0,0,0,1,1,0
0.14418772909548702,0.5549717837226001,0.0,0.0,0.0,0.0,0.0,1.0,0.0,0.0,1,1,0,0,0,1,0,0,1,1,0,1,0
-0.8528904710041867,-0.1779947632379461,0.0,0.0,0.0,1.0,0.0,0.0,1.0,0.0,1,1,1,0,0,1,0,0,0,1,0,0,1
-1.4860351280674797,0.025607055362205634,0.0,0.0,1.0,0.0,0.0,0.0,0.0,1.0,1,0,0,0,0,0,0,0,0,0,0,1,0
-0.16490651293541178,0.26992923768238775,1.0,0.0,0.0,1.0,0.0,0.0,1.0,0.0,1,0,1,0,1,1,1,0,0,0,0,1,0
0.6493740171459885,0.3920903288424788,0.0,1.0,0.0,0.0,0.0,0.0,1.0,0.0,1,0,0,1,0,0,1,1,0,1,1,1,0
-0.5371490409726233,-1.2774445836787656,0.0,0.0,0.0,0.0,0.0,0.0,1.0,0.0,0,0,0,0,0,1,0,0,0,1,0,1,0
0.4732235351283796,-1.0331224013585834,0.0,1.0,0.0,0.0,0.0,0.0,1.0,0.0,0,0,0,0,0,0,0,0,1,1,1,1,0
1.3489905542159264,1.5322605130033284,1.0,1.0,0.0,0.0,1.0,1.0,0.0,0.0,1,1,0,0,1,1,1,0,1,0,0,1,1
-1.3181936310507012,1.3286586944031769,1.0,0.0,1.0,0.0,1.0,0.0,0.0,0.0,0,0,0,1,0,0,0,0,0,1,0,1,0
-0.4989277099688025,-1.2774445836787656,1.0,0.0,0.0,0.0,0.0,0.0,1.0,0.0,0,0,0,0,1,0,0,0,0,0,0,1,0
0.9966895901807084,-0.5851984004382496,1.0,1.0,0.0,0.0,0.0,0.0,1.0,0.0,1,1,0,1,0,0,0,0,1,1,0,1,0
0.9385266951748941,-0.3408762181180675,1.0,1.0,0.0,0.0,0.0,0.0,1.0,0.0,1,1,0,1,0,0,0,0,1,1,0,1,0
0.2372483611047903,1.247217966963116,1.0,0.0,0.0,0.0,1.0,0.0,0.0,0.0,0,1,0,1,1,0,1,1,0,1,0,1,0
0.42503142212356193,0.47353105628253944,0.0,0.0,0.0,1.0,0.0,0.0,0.0,1.0,0,1,1,1,0,1,0,0,1,1,0,1,0
-1.4926823160681442,-1.1552834925186746,1.0,0.0,1.0,0.0,0.0,0.0,1.0,0.0,0,0,0,0,0,0,0,0,0,1,0,1,0
0.18240906009930805,-1.2774445836787656,0.0,1.0,0.0,0.0,0.0,0.0,1.0,0.0,0,0,0,0,0,0,0,0,0,1,1,1,0
1.0133075601823696,0.18848851024232702,0.0,1.0,0.0,0.0,0.0,0.0,1.0,0.0,1,1,1,1,0,0,0,0,1,1,0,1,0
0.6593447991469852,-0.9109613101984924,0.0,1.0,0.0,0.0,0.0,1.0,0.0,0.0,0,1,0,0,0,0,1,0,0,1,1,1,1
-1.3198554280508674,0.06632741908223598,1.0,0.0,0.0,0.0,0.0,0.0,0.0,0.0,0,0,0,0,0,0,0,0,0,1,0,0,0
-0.3859255139575061,0.10704778280226633,1.0,0.0,0.0,1.0,0.0,1.0,0.0,0.0,1,1,0,0,1,0,1,0,1,0,0,0,0
-1.4827115340671475,-1.1552834925186746,0.0,0.0,1.0,0.0,0.0,0.0,1.0,0.0,1,0,0,0,0,0,0,0,0,0,0,1,0
1.2127232002023045,0.26992923768238775,0.0,1.0,0.0,0.0,0.0,0.0,1.0,0.0,1,1,0,1,0,0,0,1,1,1,0,1,1
1.1894580421999785,0.43281069256250915,1.0,1.0,0.0,1.0,0.0,0.0,0.0,0.0,1,1,0,0,0,1,1,0,1,1,0,1,1
-1.3514295710540236,-0.62591876415828,0.0,0.0,1.0,0.0,0.0,0.0,0.0,1.0,1,0,1,1,0,0,0,0,0,0,1,1,0
-1.3115464430500368,1.1657772395230555,0.0,0.0,1.0,0.0,1.0,0.0,0.0,0.0,1,0,0,1,0,0,0,0,0,0,0,1,0
0.23392476710445778,0.6771328748826912,0.0,0.0,0.0,1.0,0.0,0.0,1.0,0.0,1,1,0,1,1,1,1,0,0,0,0,1,0
-1.4976677070686424,-1.1552834925186746,1.0,0.0,1.0,1.0,0.0,0.0,0.0,1.0,0,0,0,0,0,0,0,0,0,0,0,1,0
-0.49560411596847015,1.2879383306831464,0.0,0.0,0.0,0.0,1.0,0.0,1.0,0.0,1,1,1,0,0,1,1,1,0,0,0,0,0
0.16080569909714826,-1.1960038562387048,1.0,1.0,0.0,0.0,0.0,0.0,0.0,1.0,0,0,0,0,0,0,0,0,0,1,0,1,0
-1.4960059100684764,-1.2774445836787656,1.0,0.0,1.0,0.0,0.0,0.0,1.0,0.0,1,0,1,0,0,0,0,0,0,0,0,1,0
0.53304822713436,0.3106496014024181,1.0,1.0,0.0,1.0,0.0,0.0,1.0,0.0,1,0,0,0,0,1,1,0,0,0,0,1,0
-0.1582593249347472,-1.2774445836787656,0.0,0.0,0.0,0.0,0.0,0.0,1.0,0.0,0,0,1,0,1,1,0,1,0,1,1,1,0
0.7241548821534641,-0.9924020376385531,1.0,1.0,0.0,0.0,0.0,0.0,1.0,0.0,0,1,0,1,0,0,0,0,0,1,1,1,0
-1.4594463760648215,-1.2774445836787656,0.0,0.0,1.0,0.0,0.0,0.0,0.0,1.0,1,0,0,0,0,0,0,0,0,1,1,1,1
-0.018668376920792765,0.06632741908223598,0.0,0.0,0.0,1.0,0.0,0.0,0.0,0.0,1,0,0,0,0,0,1,1,1,0,0,1,1
-0.9891578250178088,-1.2774445836787656,0.0,0.0,0.0,0.0,0.0,0.0,1.0,0.0,1,1,0,0,0,0,0,0,0,0,0,0,0
-0.46569176996548,0.26992923768238775,0.0,0.0,0.0,0.0,0.0,0.0,1.0,0.0,0,1,0,0,0,0,1,0,1,1,1,0,0
1.3539759452164248,1.0436161483629645,0.0,1.0,0.0,1.0,0.0,1.0,0.0,0.0,1,1,0,0,1,1,0,1,1,1,1,1,1
-1.5142856770703037,0.5142514200025698,1.0,0.0,1.0,0.0,1.0,0.0,1.0,0.0,1,0,1,0,0,0,0,0,0,0,0,1,0
0.677624566148813,-1.0738427650786138,1.0,1.0,0.0,0.0,0.0,0.0,0.0,0.0,0,0,0,0,1,0,0,0,1,1,1,1,1
0.8604222361670865,0.43281069256250915,1.0,1.0,0.0,1.0,0.0,1.0,0.0,0.0,0,0,0,0,1,1,1,1,0,1,0,1,0
-1.4876969250676457,0.35136996512244845,1.0,0.0,1.0,0.0,1.0,0.0,0.0,1.0,1,0,1,0,0,0,0,0,0,1,0,1,0
0.32864719611392706,-1.1145631287986442,1.0,1.0,0.0,0.0,0.0,0.0,1.0,0.0,0,0,0,0,0,1,0,0,0,1,0,1,0
-0.11837619693076015,1.6137012404433893,1.0,0.0,0.0,0.0,1.0,1.0,0.0,0.0,0,1,0,0,1,0,1,1,1,1,0,0,0
-1.4893587220678117,-1.1552834925186746,1.0,0.0,1.0,1.0,0.0,0.0,0.0,1.0,0,0,0,0,0,0,0,0,0,0,0,1,0
-0.3310862129520241,-0.9516816739185228,1.0,0.0,0.0,0.0,0.0,0.0,0.0,1.0,1,0,1,0,0,1,0,1,0,0,0,1,0
0.28876406810994004,1.6137012404433893,1.0,0.0,0.0,0.0,1.0,1.0,0.0,0.0,1,1,0,1,0,0,1,0,1,1,0,1,1
-0.4424266119631542,0.025607055362205634,0.0,0.0,0.0,1.0,0.0,0.0,0.0,1.0,1,0,0,0,0,0,0,1,0,1,0,1,0
0.5214156481331973,1.6137012404433893,0.0,1.0,0.0,0.0,1.0,0.0,0.0,0.0,1,0,0,1,1,0,0,0,0,0,0,1,0
-0.3510277769540174,-0.4223169455581282,1.0,0.0,0.0,0.0,0.0,0.0,1.0,0.0,1,0,0,0,1,0,0,1,0,1,1,1,0
1.4869197052297147,1.5322605130033284,0.0,1.0,0.0,1.0,0.0,0.0,1.0,0.0,1,1,0,1,0,1,1,1,1,1,1,1,0
1.3174164112127704,-0.46303730927815856,1.0,1.0,0.0,0.0,0.0,0.0,1.0,0.0,1,1,1,1,0,1,1,0,1,0,1,1,0
0.682609957149311,-0.7073594915983407,1.0,1.0,0.0,0.0,0.0,0.0,1.0,0.0,0,0,0,0,0,0,1,0,1,0,0,1,0
0.4831943171293762,-0.13727439951791576,1.0,1.0,0.0,0.0,0.0,0.0,1.0,0.0,1,0,0,1,0,0,0,1,0,1,0,1,1
0.39013368512007346,-0.7073594915983407,0.0,0.0,0.0,0.0,0.0,0.0,0.0,0.0,1,1,1,0,0,1,1,1,1,0,0,1,0
1.3406815692150957,1.5729808767233588,1.0,1.0,0.0,0.0,0.0,1.0,0.0,0.0,1,1,1,1,1,1,0,0,1,1,1,1,1
-1.3082228490497045,1.6137012404433893,1.0,0.0,1.0,0.0,1.0,0.0,0.0,0.0,0,0,0,1,0,0,0,0,0,0,0,1,1
0.7341256641544608,-0.5444780367182193,0.0,1.0,0.0,0.0,0.0,0.0,1.0,0.0,1,0,0,1,0,0,0,0,1,1,0,1,0
-1.4993295040688086,-1.2774445836787656,1.0,0.0,1.0,0.0,0.0,0.0,0.0,1.0,0,0,0,0,0,0,0,0,0,0,0,1,0
0.36354493311741554,-1.2774445836787656,0.0,1.0,0.0,0.0,0.0,0.0,1.0,0.0,0,0,0,0,0,1,0,0,0,1,1,1,0
-0.6385186579827569,-1.2367242199587352,0.0,0.0,0.0,0.0,0.0,0.0,1.0,0.0,0,0,0,0,0,0,0,0,0,0,0,1,0
0.4433111891253892,-0.8702409464784621,0.0,1.0,0.0,0.0,0.0,1.0,0.0,0.0,1,0,1,1,0,0,1,0,0,1,0,1,1
-1.5109620830699715,-0.8295205827584317,0.0,0.0,1.0,1.0,0.0,0.0,0.0,1.0,0,0,0,0,0,0,0,0,0,0,0,1,0
1.5201556452330371,1.5322605130033284,0.0,1.0,0.0,0.0,1.0,0.0,1.0,0.0,1,1,0,1,0,1,1,1,1,1,0,1,0
0.8654076271675846,-0.5037576729981889,0.0,1.0,0.0,0.0,0.0,0.0,1.0,0.0,1,0,0,1,0,0,1,0,1,0,1,1,1
-1.477726143066649,-0.38159658183809786,0.0,0.0,1.0,0.0,0.0,0.0,0.0,0.0,0,0,0,0,0,0,0,0,0,1,0,1,0
0.5513279941361872,0.6771328748826912,1.0,0.0,0.0,0.0,1.0,1.0,0.0,0.0,0,1,0,1,1,1,1,1,0,0,0,1,1
1.1030445981913404,-1.1552834925186746,0.0,1.0,0.0,0.0,0.0,0.0,1.0,0.0,1,1,1,1,0,1,0,0,1,1,1,1,0
1.4420511862252297,-0.015113308357824713,1.0,1.0,0.0,0.0,0.0,1.0,0.0,0.0,0,1,0,1,1,1,0,1,1,1,1,1,0
-0.31446824295036285,-1.2367242199587352,1.0,0.0,0.0,0.0,0.0,0.0,1.0,0.0,0,1,1,0,0,0,0,0,0,1,0,1,0
-0.2729233179462098,1.4915401492832983,1.0,0.0,0.0,0.0,1.0,1.0,0.0,0.0,1,1,0,0,1,1,0,0,1,0,0,0,1
0.5230774451333633,-1.0738427650786138,1.0,1.0,0.0,0.0,0.0,1.0,0.0,0.0,0,0,0,0,0,0,0,0,1,1,1,1,0
-1.4976677070686424,-0.3408762181180675,0.0,0.0,1.0,0.0,1.0,0.0,0.0,1.0,1,0,1,0,0,0,0,0,0,1,0,1,0
1.3057838322116073,-0.015113308357824713,0.0,1.0,0.0,1.0,0.0,1.0,0.0,0.0,0,1,0,1,0,1,1,0,1,1,0,1,0
-0.3958962959585028,-0.21871512695797646,0.0,0.0,0.0,0.0,1.0,0.0,0.0,0.0,0,0,0,0,1,1,0,0,0,0,0,1,0
1.3140928172124378,-0.21871512695797646,0.0,1.0,0.0,0.0,0.0,0.0,0.0,0.0,1,1,0,1,1,0,0,1,1,1,1,1,1
0.5280628361338618,1.0436161483629645,1.0,1.0,0.0,0.0,0.0,0.0,0.0,0.0,0,0,0,1,0,0,0,1,0,0,0,1,0
0.21896859410296257,-1.2774445836787656,1.0,1.0,0.0,0.0,0.0,0.0,0.0,1.0,0,0,0,0,0,0,0,0,0,1,1,1,0
-1.3331498040521963,-0.5851984004382496,0.0,0.0,1.0,0.0,1.0,1.0,0.0,0.0,1,0,1,1,0,0,0,0,0,1,0,1,0
-1.4444902030633266,0.5956921474426305,0.0,0.0,1.0,0.0,1.0,0.0,0.0,0.0,1,0,1,0,0,0,0,0,0,1,0,1,0
1.5101848632320405,1.5322605130033284,0.0,1.0,0.0,0.0,1.0,0.0,1.0,0.0,1,1,1,1,0,1,1,1,1,1,0,1,0
0.8188773111629334,-0.7888002190384014,0.0,1.0,0.0,0.0,0.0,0.0,1.0,0.0,0,0,0,1,0,1,1,1,0,0,1,1,0
-0.45572098796448335,0.14776814652229667,0.0,0.0,0.0,0.0,0.0,1.0,0.0,0.0,1,0,1,0,1,0,0,0,0,0,0,1,0
-1.4943441130683104,1.4100994218432374,1.0,0.0,1.0,0.0,1.0,0.0,0.0,1.0,0,0,0,0,0,0,0,0,0,1,0,1,0
-1.491020519067978,-0.9109613101984924,0.0,0.0,1.0,0.0,0.0,0.0,0.0,1.0,0,0,0,0,0,0,0,0,0,1,0,1,0
0.749081837155956,-0.5444780367182193,1.0,1.0,0.0,0.0,0.0,0.0,1.0,0.0,0,1,0,0,1,0,0,0,0,1,0,1,1
-1.4926823160681442,1.5729808767233588,0.0,0.0,1.0,0.0,1.0,0.0,0.0,0.0,1,0,1,0,0,0,0,0,0,0,0,1,0
0.8188773111629334,1.6137012404433893,1.0,0.0,0.0,0.0,1.0,0.0,0.0,1.0,1,1,1,1,1,1,1,1,1,1,0,1,0
-1.4876969250676457,0.6364125111626608,0.0,0.0,1.0,0.0,1.0,0.0,0.0,1.0,1,0,1,0,0,0,0,0,0,0,0,1,0
-1.4860351280674797,-1.2774445836787656,1.0,0.0,1.0,0.0,0.0,0.0,0.0,1.0,0,0,0,0,0,0,0,0,0,0,0,1,0
0.6144762801425001,-0.5851984004382496,1.0,0.0,0.0,0.0,0.0,0.0,1.0,0.0,1,1,1,0,1,0,1,1,1,0,0,1,0
-1.4677553610656522,-1.2774445836787656,1.0,0.0,1.0,0.0,0.0,0.0,0.0,1.0,0,0,0,0,0,0,0,0,0,0,1,1,0
1.2675625012077867,1.4100994218432374,1.0,1.0,0.0,0.0,1.0,0.0,0.0,0.0,1,1,0,1,0,1,0,1,1,0,0,1,1
-0.8528904710041867,1.4915401492832983,1.0,0.0,0.0,0.0,1.0,0.0,0.0,1.0,1,0,1,0,1,0,1,1,0,0,0,0,0
1.1695164781979852,-0.5444780367182193,1.0,1.0,0.0,0.0,0.0,0.0,1.0,0.0,0,1,0,1,0,1,0,0,1,1,1,1,0
1.653099405246327,1.6137012404433893,1.0,1.0,0.0,0.0,1.0,0.0,0.0,1.0,1,1,0,1,1,1,1,1,1,1,0,1,1
-1.481049737066981,0.22920887396235737,0.0,0.0,1.0,0.0,1.0,0.0,0.0,1.0,0,0,0,0,0,0,0,0,0,0,0,1,1
-0.29785027294870164,0.3106496014024181,1.0,0.0,0.0,1.0,0.0,0.0,1.0,0.0,1,1,0,0,0,0,0,0,0,0,0,1,1
-1.3481059770536914,1.1657772395230555,0.0,0.0,1.0,0.0,1.0,0.0,0.0,1.0,1,0,1,1,0,0,0,0,0,1,0,1,0
0.5396954151350245,-0.9109613101984924,0.0,1.0,0.0,0.0,0.0,1.0,0.0,0.0,0,0,0,1,0,1,0,0,0,1,1,1,0
0.2671607071077802,-0.015113308357824713,1.0,0.0,0.0,1.0,0.0,1.0,0.0,0.0,1,0,0,1,1,0,0,1,1,1,0,1,0
1.1661928841976528,-0.46303730927815856,0.0,1.0,0.0,0.0,0.0,1.0,0.0,0.0,0,1,0,1,0,1,0,0,1,1,0,1,0
1.15456030519649,1.0843365120829946,0.0,1.0,0.0,1.0,0.0,0.0,1.0,0.0,0,1,0,1,0,0,1,0,1,1,0,1,1
0.179085466098976,-0.7888002190384014,0.0,1.0,0.0,0.0,0.0,0.0,1.0,0.0,1,0,0,0,0,0,0,0,0,1,1,1,1
-1.479387940066815,0.5956921474426305,0.0,0.0,1.0,0.0,1.0,1.0,0.0,0.0,0,0,0,0,0,0,0,0,0,0,0,1,0
-1.288281285047711,1.4915401492832983,1.0,0.0,1.0,0.0,1.0,0.0,0.0,0.0,1,0,1,1,0,0,0,0,0,1,0,1,0
-1.491020519067978,-1.2367242199587352,1.0,0.0,1.0,0.0,0.0,1.0,0.0,0.0,0,0,0,0,0,0,0,0,0,1,0,1,0
-1.5192710680708021,-0.4223169455581282,0.0,0.0,1.0,0.0,0.0,0.0,0.0,0.0,1,0,1,0,0,0,0,0,0,0,0,1,0
1.0548524851865226,-0.7073594915983407,1.0,1.0,0.0,0.0,0.0,0.0,1.0,0.0,1,0,0,1,1,0,1,0,1,1,0,1,1
-1.4926823160681442,0.8400143297628127,0.0,0.0,1.0,0.0,1.0,1.0,0.0,0.0,0,0,0,0,0,0,0,0,0,0,0,1,0
-1.2982520670487077,-0.1779947632379461,0.0,0.0,1.0,0.0,0.0,0.0,0.0,1.0,1,0,0,1,0,0,0,0,0,0,0,1,1
-1.477726143066649,-0.4223169455581282,1.0,0.0,1.0,1.0,0.0,0.0,0.0,1.0,0,0,0,0,0,0,0,0,0,0,0,1,0
0.179085466098976,-1.2774445836787656,0.0,1.0,0.0,0.0,0.0,0.0,0.0,1.0,0,0,0,0,0,0,0,0,0,1,1,1,0
0.8903345821700764,-0.6666391278783103,1.0,1.0,0.0,0.0,0.0,0.0,1.0,0.0,1,1,0,0,0,0,1,1,0,1,0,1,1
-0.84291968900319,0.6364125111626608,0.0,0.0,0.0,0.0,1.0,0.0,0.0,1.0,1,0,1,0,1,1,0,1,0,0,0,0,0
1.3606231332170895,-0.0965540357978854,1.0,1.0,0.0,0.0,0.0,0.0,0.0,0.0,1,0,0,1,1,1,1,1,1,1,0,1,1
0.18240906009930805,-1.1960038562387048,0.0,1.0,0.0,0.0,0.0,0.0,1.0,0.0,0,0,0,0,0,0,0,0,0,1,0,1,0
0.9634536501773859,1.002895784642934,1.0,1.0,0.0,0.0,1.0,0.0,1.0,0.0,0,1,0,1,1,0,0,1,0,0,0,1,1
1.0565142821866886,1.4508197855632678,0.0,1.0,0.0,1.0,0.0,1.0,0.0,0.0,1,1,0,1,1,1,0,0,0,1,1,1,1
-0.1582593249347472,-0.38159658183809786,0.0,0.0,0.0,1.0,0.0,0.0,0.0,0.0,1,0,0,0,0,0,0,1,1,0,0,1,0
-0.16490651293541178,1.3286586944031769,0.0,0.0,0.0,0.0,1.0,1.0,0.0,0.0,1,0,0,0,0,0,0,1,1,1,0,1,0
0.8604222361670865,0.47353105628253944,1.0,1.0,0.0,1.0,0.0,0.0,0.0,0.0,1,1,0,0,0,0,0,0,1,1,0,1,0
1.4703017352280534,1.5729808767233588,0.0,1.0,0.0,0.0,1.0,0.0,0.0,0.0,1,1,1,1,1,1,1,0,1,1,0,1,0
0.11095178909216456,0.18848851024232702,0.0,0.0,0.0,1.0,0.0,1.0,0.0,0.0,1,0,0,1,1,0,1,1,0,0,0,1,0
-1.4744025490663168,-0.8295205827584317,0.0,0.0,1.0,0.0,0.0,0.0,0.0,1.0,0,0,0,0,0,0,0,0,0,0,0,1,0
0.5712695581381809,1.4915401492832983,1.0,0.0,0.0,0.0,1.0,0.0,0.0,0.0,1,1,1,1,0,1,1,1,1,1,0,1,0
-0.13997955793291994,0.10704778280226633,0.0,0.0,0.0,0.0,0.0,0.0,1.0,0.0,0,0,0,0,1,1,1,0,0,0,0,1,0
0.0278619390838584,-1.1145631287986442,1.0,0.0,0.0,0.0,0.0,0.0,0.0,0.0,0,1,0,0,0,1,0,1,0,1,0,1,0
0.5895493251400082,1.0436161483629645,1.0,1.0,0.0,0.0,1.0,0.0,0.0,0.0,1,0,1,1,0,0,0,0,1,0,0,1,0
0.5829021371393436,1.6137012404433893,1.0,0.0,0.0,0.0,1.0,0.0,0.0,0.0,1,1,0,1,1,1,1,1,0,1,0,1,0
0.11261358609233106,1.6137012404433893,1.0,0.0,0.0,0.0,1.0,0.0,0.0,1.0,1,0,0,1,1,1,1,1,0,0,0,1,0
-1.477726143066649,-1.2774445836787656,0.0,0.0,1.0,0.0,0.0,1.0,0.0,0.0,0,0,0,0,0,0,0,0,0,0,0,1,0
1.0232783421833662,0.26992923768238775,0.0,1.0,0.0,1.0,0.0,0.0,1.0,0.0,0,0,0,0,1,0,1,1,1,1,1,1,0
-1.481049737066981,0.8400143297628127,1.0,0.0,1.0,1.0,0.0,1.0,0.0,0.0,1,0,1,0,0,0,0,0,0,0,0,1,0
0.8122301231622688,-0.21871512695797646,0.0,1.0,0.0,0.0,0.0,0.0,1.0,0.0,0,1,0,0,0,0,1,1,0,1,0,1,0
0.16246749609731476,-1.2774445836787656,0.0,1.0,0.0,0.0,0.0,0.0,1.0,0.0,0,0,0,0,0,0,0,0,0,1,1,1,1
0.8155537171626008,-1.2774445836787656,0.0,1.0,0.0,0.0,0.0,0.0,1.0,0.0,0,1,0,0,0,0,0,0,1,1,1,1,1
0.33363258711442517,-0.5851984004382496,0.0,1.0,0.0,0.0,0.0,0.0,1.0,0.0,1,0,0,0,1,0,0,0,0,0,0,1,0
-1.481049737066981,0.5549717837226001,1.0,0.0,1.0,0.0,1.0,0.0,0.0,1.0,1,0,1,0,0,0,0,0,0,1,0,1,0
0.6526976111463211,1.6137012404433893,0.0,0.0,0.0,0.0,1.0,1.0,0.0,0.0,1,1,0,1,1,0,1,1,1,1,0,1,0
0.7573908221567865,0.14776814652229667,0.0,1.0,0.0,0.0,0.0,0.0,1.0,0.0,0,1,0,0,0,0,1,1,0,1,1,1,0
-1.3165318340505352,-1.1552834925186746,0.0,0.0,0.0,0.0,0.0,0.0,1.0,0.0,1,0,0,0,0,0,0,0,0,1,0,0,0
-1.4943441130683104,-0.30015585439803716,0.0,0.0,1.0,0.0,1.0,1.0,0.0,0.0,0,0,0,0,0,0,0,0,0,0,0,1,0
-0.4623681759651477,0.3106496014024181,0.0,0.0,0.0,0.0,0.0,0.0,1.0,0.0,1,1,1,0,0,1,0,0,1,1,0,0,0
1.2509445312061254,1.247217966963116,1.0,1.0,0.0,0.0,0.0,0.0,1.0,0.0,1,1,0,1,0,1,1,0,1,1,0,1,0
1.0482052971858582,-0.7073594915983407,0.0,1.0,0.0,0.0,0.0,0.0,0.0,1.0,0,1,0,0,1,0,1,1,0,1,1,1,1
-0.3078210549496983,-0.748079855318371,1.0,0.0,0.0,0.0,0.0,1.0,0.0,0.0,0,0,0,1,0,1,0,0,0,1,0,1,0
1.4952286902305454,1.6137012404433893,1.0,1.0,0.0,0.0,1.0,0.0,0.0,0.0,1,1,0,1,0,1,1,1,1,1,0,1,1
1.3838882912194153,0.26992923768238775,1.0,1.0,0.0,0.0,0.0,0.0,1.0,0.0,0,1,0,1,1,1,0,0,1,1,0,1,0
-0.1582593249347472,0.5956921474426305,0.0,0.0,0.0,0.0,1.0,1.0,0.0,0.0,1,1,1,0,1,1,1,0,1,1,0,0,0
0.7989357471609396,-0.5444780367182193,1.0,1.0,0.0,0.0,0.0,1.0,0.0,0.0,1,0,0,1,1,1,0,1,0,1,0,1,0
0.6792863631489789,-1.1145631287986442,0.0,1.0,0.0,0.0,0.0,0.0,1.0,0.0,0,0,0,1,0,0,0,0,1,1,1,1,0
-0.9858342310174765,-0.7888002190384014,0.0,0.0,0.0,0.0,0.0,0.0,1.0,0.0,0,1,0,0,0,0,0,0,0,1,1,0,0
0.5081212721318681,-0.62591876415828,0.0,1.0,0.0,0.0,0.0,0.0,0.0,0.0,0,0,0,1,0,0,1,0,0,0,0,1,0
0.358559542116917,0.06632741908223598,1.0,1.0,0.0,0.0,0.0,0.0,1.0,0.0,1,0,0,1,0,0,0,0,0,1,0,1,1
-0.5055748979694671,0.3920903288424788,0.0,0.0,0.0,0.0,0.0,0.0,1.0,0.0,0,0,0,0,0,1,0,0,0,1,0,1,0
0.5496661971360212,-1.1145631287986442,1.0,1.0,0.0,0.0,0.0,0.0,1.0,0.0,1,0,0,1,0,1,0,0,0,1,1,1,0
-1.3580767590546883,1.5729808767233588,0.0,0.0,1.0,0.0,1.0,1.0,0.0,0.0,1,0,1,1,0,0,0,0,0,0,0,1,0
0.05445069108651675,-0.5444780367182193,1.0,0.0,0.0,0.0,0.0,0.0,0.0,0.0,1,0,0,0,1,0,1,0,1,0,0,1,1
-1.5009913010689746,-1.2367242199587352,0.0,0.0,1.0,0.0,0.0,0.0,1.0,0.0,0,0,1,0,0,0,0,0,0,1,1,1,0
-1.5275800530716328,1.002895784642934,1.0,0.0,1.0,0.0,1.0,1.0,0.0,0.0,0,0,0,0,0,0,0,0,0,0,0,1,0
1.4503601712260603,1.6137012404433893,1.0,1.0,0.0,0.0,1.0,0.0,1.0,0.0,1,1,0,1,0,1,1,1,1,1,0,1,0
0.7042133181514708,-1.0738427650786138,0.0,1.0,0.0,0.0,0.0,0.0,0.0,1.0,0,1,0,0,0,1,0,0,0,1,0,1,0
0.6875953481498096,-0.62591876415828,0.0,1.0,0.0,0.0,0.0,0.0,1.0,0.0,1,1,1,1,0,0,0,0,0,1,1,1,0
0.5363718211346925,1.1657772395230555,1.0,0.0,0.0,0.0,1.0,0.0,0.0,0.0,1,1,0,1,0,1,1,0,1,0,0,1,0
0.2073360151017999,-1.2774445836787656,1.0,1.0,0.0,0.0,0.0,0.0,1.0,0.0,1,0,1,0,0,0,0,0,0,1,1,1,0
1.5633623672373562,0.6364125111626608,1.0,1.0,0.0,0.0,1.0,1.0,0.0,0.0,1,1,1,1,1,1,1,1,1,0,0,1,0
-1.4677553610656522,-0.6666391278783103,1.0,0.0,1.0,0.0,0.0,1.0,0.0,0.0,0,0,0,0,0,0,0,0,0,1,0,1,0
0.6743009721484804,-0.9516816739185228,1.0,1.0,0.0,0.0,0.0,0.0,1.0,0.0,0,1,0,1,0,0,0,0,0,1,1,1,1
-0.6700928009859131,-1.1960038562387048,0.0,0.0,0.0,0.0,0.0,0.0,1.0,0.0,0,0,0,0,0,0,0,0,0,0,0,1,0
-0.6767399889865777,-1.2774445836787656,1.0,0.0,0.0,0.0,0.0,0.0,1.0,0.0,0,0,1,0,0,0,0,0,0,1,1,1,0
1.3406815692150957,1.3286586944031769,1.0,1.0,0.0,0.0,1.0,1.0,0.0,0.0,0,1,0,1,0,1,1,0,1,0,0,1,0
1.6747027662484868,1.5322605130033284,0.0,1.0,0.0,0.0,1.0,1.0,0.0,0.0,1,1,1,1,1,1,1,1,1,1,0,1,0
-0.16490651293541178,1.125056875803025,1.0,0.0,0.0,1.0,0.0,0.0,0.0,1.0,1,0,0,0,1,0,0,0,1,1,0,1,0
-1.2783105030467143,1.4915401492832983,0.0,0.0,1.0,1.0,0.0,0.0,1.0,0.0,1,0,0,1,0,0,0,0,0,1,0,1,0
0.19237984210030468,0.10704778280226633,0.0,1.0,0.0,0.0,0.0,0.0,1.0,0.0,0,0,0,0,0,0,0,0,0,0,0,1,1
-1.4860351280674797,-0.4223169455581282,0.0,0.0,1.0,0.0,0.0,0.0,0.0,1.0,0,0,0,0,0,0,0,0,0,1,0,1,0
0.5014740841312035,1.369379058123207,1.0,0.0,0.0,0.0,1.0,0.0,0.0,0.0,1,1,1,1,0,1,1,0,1,0,0,1,0
0.18407085709947407,-1.2774445836787656,1.0,1.0,0.0,0.0,0.0,0.0,1.0,0.0,1,0,0,0,0,0,0,0,0,1,1,1,1
0.48485611412954227,-1.2774445836787656,0.0,1.0,0.0,0.0,0.0,0.0,0.0,0.0,1,0,0,0,0,0,0,0,1,1,1,1,0
0.8404806721650927,0.06632741908223598,1.0,1.0,0.0,0.0,0.0,1.0,0.0,0.0,1,1,1,1,0,0,1,0,0,1,0,1,0
-1.3397969920528607,1.6137012404433893,0.0,0.0,1.0,0.0,1.0,0.0,0.0,0.0,1,0,1,1,0,0,0,0,0,0,0,1,0
-0.15992112193491323,-0.055833672077855064,1.0,0.0,0.0,1.0,0.0,0.0,1.0,0.0,1,1,1,0,1,0,1,1,1,0,0,0,0
-1.3098846460498705,-0.0965540357978854,1.0,0.0,1.0,1.0,0.0,0.0,0.0,0.0,0,0,1,1,0,0,0,0,0,0,0,1,0
0.8654076271675846,-0.9516816739185228,0.0,1.0,0.0,0.0,0.0,0.0,0.0,0.0,0,1,0,0,0,0,0,0,1,1,1,1,0
0.18905624809997262,-0.5037576729981889,1.0,1.0,0.0,0.0,0.0,0.0,1.0,0.0,1,0,1,0,0,0,0,0,0,1,1,1,0
-1.0124229830201346,-0.5444780367182193,1.0,0.0,0.0,0.0,0.0,1.0,0.0,0.0,1,0,0,0,0,1,1,0,0,1,0,0,1
1.3390197722149297,1.3286586944031769,0.0,1.0,0.0,0.0,0.0,0.0,1.0,0.0,1,1,0,1,1,0,1,0,1,1,0,1,0
-1.5109620830699715,-0.0965540357978854,0.0,0.0,1.0,0.0,1.0,0.0,0.0,1.0,1,0,1,0,0,0,0,0,0,0,0,1,0
-1.51594747407047,-1.0738427650786138,1.0,0.0,1.0,1.0,0.0,0.0,0.0,1.0,0,0,0,0,0,0,0,0,0,0,0,1,0
-0.4440884089633204,-1.2367242199587352,0.0,0.0,0.0,0.0,0.0,0.0,1.0,0.0,0,1,0,0,0,1,0,0,1,0,0,0,0
0.2355865641046238,0.8400143297628127,1.0,0.0,0.0,0.0,0.0,0.0,1.0,0.0,1,1,1,1,1,0,0,1,0,0,0,1,0
0.35357415111641893,-1.0331224013585834,1.0,1.0,0.0,0.0,0.0,0.0,1.0,0.0,1,0,0,1,0,0,0,0,0,1,0,1,1
-0.5005895069689685,1.1657772395230555,0.0,0.0,0.0,1.0,0.0,0.0,0.0,0.0,1,0,1,0,1,0,0,0,0,1,0,1,0
-0.6484894399837535,1.5322605130033284,1.0,0.0,0.0,1.0,0.0,0.0,1.0,0.0,0,1,0,0,0,0,0,0,1,1,1,0,1
0.464914550127549,-0.7888002190384014,0.0,0.0,0.0,0.0,0.0,0.0,1.0,0.0,0,1,0,1,1,0,1,0,1,1,0,1,0
0.5596369791370178,0.10704778280226633,1.0,1.0,0.0,1.0,0.0,0.0,0.0,0.0,1,0,0,1,0,0,1,0,0,1,0,1,1
0.1873944510998066,-1.2367242199587352,0.0,1.0,0.0,0.0,0.0,1.0,0.0,0.0,1,0,0,0,0,0,0,0,0,1,0,1,0
0.36686852711774764,-1.1960038562387048,0.0,1.0,0.0,0.0,0.0,0.0,1.0,0.0,0,0,0,1,0,0,0,0,0,1,1,1,0
0.37683930911874425,-1.1960038562387048,0.0,1.0,0.0,0.0,0.0,0.0,1.0,0.0,0,0,0,1,0,0,0,0,0,0,0,1,0
0.9717626351782166,1.2064976032430856,0.0,1.0,0.0,1.0,0.0,0.0,0.0,0.0,0,1,0,1,0,0,0,0,1,1,0,1,0
1.302460238211275,1.6137012404433893,1.0,1.0,0.0,0.0,1.0,1.0,0.0,0.0,1,1,1,1,1,1,1,1,0,0,0,1,0
-1.4893587220678117,1.247217966963116,1.0,0.0,1.0,0.0,1.0,0.0,0.0,0.0,1,0,0,0,0,0,0,0,0,1,0,1,0
0.21730679710279655,-0.5037576729981889,1.0,1.0,0.0,0.0,0.0,1.0,0.0,0.0,0,0,0,0,0,0,0,0,0,0,1,1,1
1.5301264272340338,0.10704778280226633,0.0,1.0,0.0,1.0,0.0,0.0,0.0,0.0,0,1,0,1,1,1,1,1,1,1,0,1,1
0.14418772909548702,-0.46303730927815856,1.0,1.0,0.0,0.0,0.0,0.0,1.0,0.0,1,0,0,0,0,0,0,0,0,1,1,1,1
1.0415581091851935,1.2064976032430856,1.0,1.0,0.0,1.0,0.0,0.0,1.0,0.0,1,1,0,1,1,1,0,0,0,0,0,1,0
-0.5305018529719588,-0.7073594915983407,0.0,0.0,0.0,0.0,0.0,0.0,0.0,1.0,0,0,0,1,0,0,0,0,0,1,0,1,0
-0.47233895796614456,0.9214550572028734,0.0,0.0,0.0,0.0,0.0,1.0,0.0,0.0,0,0,0,0,1,0,0,0,0,1,0,1,0
-0.6684310039857471,-0.8702409464784621,0.0,0.0,0.0,0.0,0.0,0.0,0.0,1.0,0,0,0,0,0,0,0,0,0,1,0,1,0
0.7806559801591124,-0.62591876415828,0.0,1.0,0.0,0.0,0.0,0.0,1.0,0.0,1,0,1,1,0,0,1,0,1,0,1,1,0
-1.505976692069473,1.1657772395230555,0.0,0.0,1.0,1.0,0.0,0.0,0.0,0.0,0,0,0,0,0,0,0,0,0,0,0,1,0
0.8155537171626008,1.5729808767233588,0.0,0.0,0.0,0.0,1.0,1.0,0.0,0.0,1,1,0,1,1,1,1,1,1,0,0,1,0
0.17410007509847744,-1.2367242199587352,0.0,1.0,0.0,0.0,0.0,0.0,0.0,0.0,0,0,0,0,0,0,0,0,0,0,1,1,0
-1.5126238800701375,0.10704778280226633,1.0,0.0,1.0,0.0,1.0,0.0,0.0,1.0,0,0,0,0,0,0,0,0,0,0,0,1,0
0.19071804510013865,-0.62591876415828,0.0,1.0,0.0,0.0,0.0,0.0,0.0,0.0,0,0,0,0,0,0,0,0,0,0,0,1,0
1.0831030341893466,-0.46303730927815856,0.0,1.0,0.0,0.0,0.0,0.0,1.0,0.0,0,1,0,1,0,0,0,0,1,1,1,1,0
-1.4993295040688086,0.5956921474426305,0.0,0.0,1.0,0.0,1.0,0.0,0.0,0.0,1,0,0,0,0,0,0,0,0,0,0,1,0
-1.4594463760648215,-1.1960038562387048,0.0,0.0,1.0,0.0,0.0,0.0,0.0,1.0,1,0,0,0,0,0,0,0,0,0,0,1,0
-1.4993295040688086,-1.1960038562387048,1.0,0.0,1.0,0.0,0.0,0.0,0.0,1.0,0,0,0,0,0,0,0,0,0,1,0,1,0
-1.5093002860698053,0.47353105628253944,1.0,0.0,1.0,0.0,1.0,1.0,0.0,0.0,1,0,0,0,0,0,0,0,0,1,0,1,1
-0.6900343649879066,-1.2774445836787656,0.0,0.0,0.0,0.0,0.0,0.0,0.0,1.0,0,0,0,0,0,0,0,0,0,1,0,1,0
0.9850570111795457,0.47353105628253944,0.0,1.0,0.0,1.0,0.0,0.0,1.0,0.0,1,1,1,1,0,1,1,0,0,0,0,1,0
-1.2916048790480432,-1.1145631287986442,1.0,0.0,1.0,0.0,0.0,0.0,0.0,0.0,1,0,1,1,0,0,0,0,0,1,1,1,0
-0.3028356639492,-0.3408762181180675,1.0,0.0,0.0,0.0,0.0,0.0,0.0,0.0,0,0,0,1,1,0,0,0,0,1,1,1,0
0.16246749609731476,-1.2774445836787656,0.0,1.0,0.0,0.0,0.0,0.0,1.0,0.0,0,0,1,0,0,0,0,0,0,1,1,1,0
0.35357415111641893,-0.5851984004382496,0.0,1.0,0.0,0.0,0.0,0.0,1.0,0.0,0,0,0,0,1,0,0,0,0,1,0,1,0
1.1911198392001445,-0.9109613101984924,0.0,1.0,0.0,0.0,0.0,0.0,1.0,0.0,0,1,0,1,0,0,1,0,1,1,1,1,0
0.2073360151017999,1.3286586944031769,0.0,0.0,0.0,0.0,1.0,0.0,0.0,0.0,1,1,0,0,1,1,1,0,0,0,0,1,0
0.7058751151516368,-1.2774445836787656,0.0,1.0,0.0,0.0,0.0,0.0,1.0,0.0,0,1,0,0,0,1,0,0,0,1,1,1,1
1.4021680582212426,0.8400143297628127,0.0,1.0,0.0,1.0,0.0,1.0,0.0,0.0,0,1,0,1,1,0,1,0,1,1,1,1,0
-1.4478137970636586,-1.1960038562387048,1.0,0.0,1.0,1.0,0.0,0.0,0.0,1.0,0,0,0,0,0,0,0,0,0,0,0,1,0
-0.12336158793125872,0.025607055362205634,1.0,0.0,0.0,0.0,1.0,0.0,0.0,1.0,1,0,0,0,1,1,0,1,0,1,0,1,0
-1.16863190103575,-1.1960038562387048,1.0,0.0,0.0,0.0,0.0,0.0,1.0,0.0,0,0,0,0,0,1,0,0,0,1,1,0,0
0.5047976781315361,0.06632741908223598,0.0,0.0,0.0,1.0,0.0,0.0,0.0,0.0,0,1,0,0,1,0,1,1,1,1,0,1,0
-1.4976677070686424,-0.748079855318371,0.0,0.0,1.0,0.0,1.0,0.0,0.0,1.0,1,0,1,0,0,0,0,0,0,1,0,1,0
-1.477726143066649,-0.7888002190384014,0.0,0.0,1.0,0.0,0.0,0.0,0.0,1.0,0,0,0,0,0,0,0,0,0,1,0,1,0
-0.1615829189350795,0.5549717837226001,1.0,0.0,0.0,1.0,0.0,0.0,0.0,0.0,1,1,0,0,0,1,1,1,1,1,1,0,1
-1.343120586053193,-0.38159658183809786,1.0,0.0,1.0,1.0,0.0,0.0,0.0,1.0,1,0,1,1,0,0,0,0,0,0,0,1,0
-1.4960059100684764,0.5956921474426305,0.0,0.0,1.0,0.0,1.0,0.0,0.0,1.0,1,0,1,0,0,0,0,0,0,0,0,1,0
-0.4806479429669752,-0.62591876415828,1.0,0.0,0.0,0.0,0.0,0.0,0.0,1.0,0,0,1,0,1,0,0,0,0,1,0,1,0
1.0249401391835322,0.6771328748826912,0.0,1.0,0.0,0.0,0.0,0.0,1.0,0.0,1,1,1,1,0,0,0,0,1,1,1,1,0
-0.4823097399671412,1.0843365120829946,1.0,0.0,0.0,0.0,0.0,0.0,1.0,0.0,1,1,0,0,0,1,0,0,1,1,0,0,1
0.684271754149477,1.4915401492832983,0.0,0.0,0.0,0.0,1.0,1.0,0.0,0.0,0,1,0,1,1,0,1,1,1,1,0,1,0
-0.7698006209958805,-0.8702409464784621,1.0,0.0,0.0,1.0,0.0,0.0,1.0,0.0,0,0,0,0,0,0,1,0,1,1,1,0,0
-0.4357794239624898,-0.9109613101984924,1.0,0.0,0.0,0.0,0.0,0.0,0.0,1.0,0,0,0,0,1,0,0,0,0,1,0,1,0
-1.3547531650543558,-0.8295205827584317,1.0,0.0,1.0,0.0,1.0,0.0,0.0,0.0,1,0,1,1,0,0,0,0,0,1,0,1,0
1.1994288242009752,0.5142514200025698,1.0,1.0,0.0,0.0,0.0,1.0,0.0,0.0,0,1,0,1,0,1,0,0,1,1,1,1,0
-0.16324471593524553,0.26992923768238775,0.0,0.0,0.0,0.0,0.0,0.0,0.0,1.0,1,0,1,0,0,0,1,0,1,1,0,1,0
-1.3065610520495383,1.5729808767233588,1.0,0.0,1.0,0.0,1.0,1.0,0.0,0.0,1,0,0,1,0,0,0,0,0,0,0,1,1
-1.3580767590546883,1.5729808767233588,1.0,0.0,1.0,0.0,1.0,1.0,0.0,0.0,1,0,1,1,0,0,0,0,0,0,0,1,0
-1.3497677740538576,0.025607055362205634,0.0,0.0,1.0,1.0,0.0,1.0,0.0,0.0,1,0,1,1,0,0,0,0,0,0,0,1,0
0.36354493311741554,1.4100994218432374,1.0,1.0,0.0,0.0,0.0,0.0,0.0,1.0,0,0,0,1,0,0,0,0,0,1,0,1,1
-0.8163309370005319,0.18848851024232702,1.0,0.0,0.0,0.0,0.0,0.0,0.0,0.0,1,0,1,0,1,1,1,0,0,0,1,0,0
0.6560212051466532,0.6771328748826912,1.0,1.0,0.0,0.0,0.0,0.0,1.0,0.0,1,0,1,1,0,0,0,0,1,0,1,1,0
-0.4623681759651477,-0.9516816739185228,0.0,0.0,0.0,0.0,0.0,0.0,0.0,1.0,1,0,0,0,0,1,0,0,0,0,0,1,0
0.8919963791702424,0.7992939660427822,1.0,1.0,0.0,0.0,1.0,1.0,0.0,0.0,1,0,0,1,1,0,1,1,0,1,0,1,0
1.1346187411944968,1.5322605130033284,0.0,1.0,0.0,1.0,0.0,0.0,1.0,0.0,0,1,0,1,0,1,0,0,1,0,0,1,0
0.6726391751483144,-1.2774445836787656,1.0,1.0,0.0,0.0,0.0,0.0,1.0,0.0,0,1,0,0,0,1,0,0,0,1,0,1,0
0.47156173812821356,-0.748079855318371,0.0,1.0,0.0,0.0,0.0,0.0,1.0,0.0,0,0,0,1,0,1,0,0,0,1,1,1,1
-0.6800635829869099,-1.2774445836787656,1.0,0.0,0.0,0.0,0.0,0.0,0.0,1.0,0,0,0,0,0,0,0,0,0,1,0,1,0
-1.481049737066981,-1.2774445836787656,1.0,0.0,1.0,0.0,0.0,0.0,0.0,1.0,0,0,0,0,0,0,0,0,0,0,1,1,0
0.5131066631323666,0.7992939660427822,0.0,1.0,0.0,1.0,0.0,0.0,0.0,1.0,0,0,0,1,0,1,0,0,0,1,0,1,0
-0.12834697893175703,-1.0738427650786138,1.0,0.0,0.0,0.0,0.0,0.0,0.0,1.0,0,0,0,0,0,0,1,0,1,0,0,1,0
-1.0157465770204666,-1.0331224013585834,1.0,0.0,0.0,0.0,0.0,0.0,0.0,1.0,1,0,0,0,1,1,0,0,0,0,0,0,0
0.6792863631489789,0.5956921474426305,0.0,1.0,0.0,0.0,0.0,0.0,0.0,0.0,0,0,0,1,0,1,1,0,0,1,1,1,1
0.7440964461554579,-0.2594354906780068,0.0,1.0,0.0,1.0,0.0,1.0,0.0,0.0,0,0,0,0,1,0,1,1,0,1,0,1,0
-0.3477041829536853,-0.30015585439803716,1.0,0.0,0.0,0.0,0.0,0.0,1.0,0.0,1,0,1,0,1,0,0,1,0,0,0,1,0
-1.517609271070636,1.4915401492832983,1.0,0.0,1.0,0.0,1.0,0.0,0.0,1.0,0,0,0,0,0,0,0,0,0,1,0,1,0
1.5949365102405126,1.6137012404433893,0.0,1.0,0.0,0.0,1.0,1.0,0.0,0.0,0,1,0,1,1,1,1,1,1,1,0,1,0
-1.4893587220678117,-1.1552834925186746,1.0,0.0,1.0,0.0,0.0,0.0,0.0,1.0,0,0,0,0,0,0,0,0,0,1,0,1,0
-1.504314895069307,1.0843365120829946,1.0,0.0,1.0,0.0,1.0,0.0,0.0,1.0,1,0,1,0,0,0,0,0,0,0,0,1,0
0.02620014208369237,1.4100994218432374,1.0,0.0,0.0,0.0,1.0,0.0,0.0,0.0,0,1,0,0,1,0,1,0,0,0,0,1,0
0.466576347127715,-0.2594354906780068,0.0,1.0,0.0,0.0,0.0,0.0,1.0,0.0,0,1,0,0,0,0,0,0,0,1,0,1,1
0.44663478312572175,-0.21871512695797646,0.0,0.0,0.0,1.0,0.0,0.0,0.0,1.0,0,1,0,0,0,1,1,1,1,0,0,1,0
1.3456669602155942,1.6137012404433893,1.0,1.0,0.0,0.0,1.0,0.0,0.0,0.0,1,1,1,1,1,0,1,0,1,0,0,1,0
0.8138919201624348,-1.0738427650786138,0.0,1.0,0.0,0.0,0.0,0.0,1.0,0.0,0,1,0,0,0,0,1,1,0,1,0,1,0
-1.4660935640654862,1.2064976032430856,1.0,0.0,1.0,0.0,1.0,1.0,0.0,0.0,1,0,1,0,0,0,0,0,0,0,0,1,0
0.1308933530941583,-0.5037576729981889,1.0,0.0,0.0,1.0,0.0,0.0,1.0,0.0,0,0,0,1,0,1,0,1,1,1,0,1,0
0.4615909561272169,-1.0738427650786138,1.0,0.0,0.0,0.0,0.0,1.0,0.0,0.0,0,1,0,0,1,0,1,1,1,0,0,1,0
-1.329826210051864,0.758573602322752,1.0,0.0,1.0,0.0,1.0,0.0,0.0,1.0,0,0,0,1,0,0,0,0,0,0,0,1,0
-1.4960059100684764,1.1657772395230555,0.0,0.0,1.0,0.0,1.0,1.0,0.0,0.0,1,0,1,0,0,0,0,0,0,0,0,1,0
0.8089065291619363,1.2064976032430856,1.0,1.0,0.0,0.0,0.0,0.0,1.0,0.0,1,0,0,1,1,1,1,0,0,1,0,1,1
0.6626683931473177,1.6137012404433893,0.0,1.0,0.0,0.0,1.0,0.0,0.0,0.0,0,0,0,1,1,0,0,1,0,1,0,1,0
1.1047063951915064,-0.7888002190384014,1.0,1.0,0.0,0.0,0.0,0.0,1.0,0.0,1,1,0,0,0,1,1,0,1,1,1,1,1
0.9867188081797118,-1.1145631287986442,1.0,1.0,0.0,0.0,0.0,0.0,1.0,0.0,1,1,0,0,0,0,1,0,1,1,1,1,0
1.3373579752147637,-1.1960038562387048,1.0,1.0,0.0,0.0,0.0,0.0,1.0,0.0,0,1,0,1,0,1,1,0,1,1,1,1,1
0.966777244177718,-0.2594354906780068,0.0,1.0,0.0,0.0,0.0,0.0,1.0,0.0,1,1,0,1,0,1,1,0,0,1,1,1,1
-0.1615829189350795,-0.7888002190384014,1.0,0.0,0.0,0.0,0.0,0.0,1.0,0.0,0,0,0,0,0,1,0,0,1,1,0,1,1
-1.4893587220678117,0.22920887396235737,0.0,0.0,1.0,0.0,1.0,0.0,0.0,1.0,1,0,1,0,0,0,0,0,0,1,0,1,0
0.6394032351449919,-0.9924020376385531,0.0,1.0,0.0,0.0,0.0,0.0,1.0,0.0,1,1,0,1,0,0,0,0,0,1,1,1,1
1.4669781412277214,0.06632741908223598,1.0,1.0,0.0,0.0,0.0,0.0,1.0,0.0,1,1,1,1,0,1,1,1,1,1,0,1,1
-1.03568814102246,-0.5851984004382496,1.0,0.0,0.0,0.0,0.0,0.0,0.0,1.0,0,0,0,0,1,0,1,0,0,0,0,0,0
0.7008897241511383,0.9621754209229036,1.0,1.0,0.0,1.0,0.0,0.0,0.0,1.0,1,0,1,0,0,1,1,1,0,1,0,1,0
-0.9941432160183071,0.14776814652229667,0.0,0.0,0.0,0.0,0.0,0.0,0.0,0.0,0,0,0,0,0,1,0,1,0,1,0,0,0
-0.532163649972125,-0.9516816739185228,0.0,0.0,0.0,0.0,0.0,0.0,1.0,0.0,1,1,0,0,0,0,1,0,1,1,1,0,0
0.6676537841478158,-1.2774445836787656,1.0,1.0,0.0,0.0,0.0,0.0,1.0,0.0,0,0,0,0,0,0,1,0,1,1,1,1,0
-0.2695997239458775,-0.8295205827584317,1.0,0.0,0.0,0.0,0.0,0.0,0.0,1.0,0,0,0,0,1,0,0,1,0,0,1,1,0
1.0149693571825356,1.002895784642934,0.0,1.0,0.0,0.0,0.0,1.0,0.0,0.0,1,0,1,0,0,1,1,1,1,1,0,1,1
0.30372024111143525,0.3920903288424788,0.0,0.0,0.0,1.0,0.0,1.0,0.0,0.0,0,1,0,0,1,1,1,1,0,0,1,1,0
-1.3381351950526947,0.025607055362205634,0.0,0.0,1.0,0.0,1.0,0.0,0.0,1.0,1,0,1,1,0,0,0,0,0,1,1,1,0
0.6593447991469852,1.5322605130033284,1.0,1.0,0.0,0.0,1.0,0.0,0.0,0.0,1,0,0,0,1,1,0,1,0,0,0,1,0
-0.6584602219847502,1.4508197855632678,0.0,0.0,0.0,0.0,0.0,0.0,1.0,0.0,0,1,0,0,0,1,0,1,0,0,0,0,0
-1.33148800705203,-1.2774445836787656,1.0,0.0,0.0,0.0,0.0,0.0,1.0,0.0,0,0,1,0,0,0,0,0,0,1,0,0,0
1.1811490571991479,0.18848851024232702,0.0,1.0,0.0,0.0,0.0,1.0,0.0,0.0,0,1,0,1,0,0,0,1,1,0,0,1,0
-1.3065610520495383,-1.1552834925186746,0.0,0.0,1.0,0.0,0.0,0.0,0.0,1.0,0,0,1,1,0,0,0,0,0,1,0,1,0
-0.467353566965646,-1.2774445836787656,1.0,0.0,0.0,0.0,0.0,0.0,0.0,1.0,0,0,0,0,1,0,0,0,0,1,0,1,0
-0.3244390249513595,-0.5037576729981889,1.0,0.0,0.0,0.0,0.0,1.0,0.0,0.0,0,0,0,0,1,1,1,1,1,1,0,0,0
0.12092257109316168,1.6137012404433893,1.0,0.0,0.0,0.0,1.0,0.0,0.0,0.0,1,0,1,0,1,1,0,1,1,0,0,1,0
0.8354952811645946,-0.055833672077855064,0.0,1.0,0.0,0.0,0.0,0.0,1.0,0.0,0,1,0,1,0,0,1,0,0,1,1,1,0
0.4582673621268844,-0.5851984004382496,1.0,1.0,0.0,0.0,0.0,0.0,1.0,0.0,1,1,0,0,0,0,0,0,0,0,1,1,1
-0.3227772279511935,-0.8702409464784621,1.0,0.0,0.0,0.0,0.0,0.0,0.0,0.0,1,0,0,0,0,0,0,0,1,1,0,1,0
-1.4943441130683104,0.025607055362205634,0.0,0.0,1.0,0.0,1.0,1.0,0.0,0.0,1,0,1,0,0,0,0,0,0,0,0,1,0
0.6543594081464871,1.2064976032430856,0.0,1.0,0.0,1.0,0.0,0.0,1.0,0.0,0,0,0,1,0,0,0,0,1,0,0,1,1
-0.9592454790148186,-1.2774445836787656,0.0,0.0,0.0,0.0,0.0,0.0,0.0,1.0,0,0,0,0,0,0,1,1,0,0,0,0,0
0.531386430134194,-0.6666391278783103,1.0,1.0,0.0,0.0,0.0,0.0,0.0,0.0,1,0,0,0,1,1,0,0,0,0,0,1,0
0.4615909561272169,-0.4223169455581282,1.0,0.0,0.0,1.0,0.0,0.0,0.0,1.0,1,1,1,1,0,0,1,1,1,1,0,1,0
-0.10009642992893289,0.6771328748826912,0.0,0.0,0.0,0.0,0.0,0.0,0.0,0.0,1,0,1,0,1,0,1,1,0,0,0,1,0
-0.035286346922454,0.14776814652229667,1.0,0.0,0.0,1.0,0.0,1.0,0.0,0.0,1,1,1,0,1,0,1,0,0,1,0,1,0
1.1528985081963241,0.3920903288424788,1.0,1.0,0.0,0.0,0.0,0.0,1.0,0.0,1,1,0,1,0,1,1,1,0,1,1,1,0
-1.3148700370503688,-1.1552834925186746,1.0,0.0,0.0,0.0,0.0,0.0,0.0,0.0,0,0,0,0,0,0,0,0,0,1,1,0,1
0.3087056321119333,-0.8295205827584317,0.0,0.0,0.0,1.0,0.0,0.0,0.0,1.0,0,1,0,1,0,0,0,1,1,0,1,1,0
0.7590526191569525,-0.055833672077855064,0.0,1.0,0.0,0.0,0.0,0.0,1.0,0.0,0,0,0,0,1,0,1,1,0,0,0,1,0
0.8105683261621028,-1.1145631287986442,1.0,1.0,0.0,0.0,0.0,0.0,1.0,0.0,1,1,0,1,1,0,0,0,0,1,0,1,0
-1.4876969250676457,1.369379058123207,1.0,0.0,1.0,0.0,1.0,1.0,0.0,0.0,1,0,1,0,0,0,0,0,0,0,0,1,0
-0.3244390249513595,-0.7073594915983407,0.0,0.0,0.0,0.0,0.0,1.0,0.0,0.0,0,0,0,1,0,0,0,1,0,0,1,1,1
1.3174164112127704,1.2879383306831464,1.0,1.0,0.0,0.0,1.0,0.0,0.0,0.0,0,1,0,1,0,1,1,0,1,1,0,1,0
-1.4860351280674797,-0.9109613101984924,1.0,0.0,1.0,0.0,0.0,1.0,0.0,0.0,1,0,1,0,0,0,0,0,0,1,0,1,0
0.830509890164096,-1.0331224013585834,1.0,1.0,0.0,0.0,0.0,0.0,1.0,0.0,1,0,1,0,0,1,0,1,1,1,1,1,0
-1.0124229830201346,-0.13727439951791576,1.0,0.0,0.0,0.0,0.0,0.0,1.0,0.0,0,0,0,0,0,1,0,1,0,0,0,0,0
-1.4660935640654862,1.002895784642934,1.0,0.0,1.0,0.0,1.0,0.0,0.0,0.0,0,0,0,0,0,0,0,0,0,0,0,1,0
0.6477122201458225,0.5549717837226001,0.0,1.0,0.0,0.0,0.0,0.0,0.0,1.0,0,0,0,1,1,1,0,0,0,0,0,1,0
-1.4993295040688086,0.8400143297628127,1.0,0.0,1.0,0.0,1.0,0.0,0.0,0.0,0,0,0,0,0,0,0,0,0,0,0,1,0
0.5014740841312035,-0.62591876415828,0.0,0.0,0.0,1.0,0.0,1.0,0.0,0.0,0,1,0,0,1,1,0,1,1,0,0,1,0
-1.481049737066981,0.22920887396235737,0.0,0.0,1.0,0.0,1.0,0.0,0.0,1.0,1,0,1,0,0,0,0,0,0,1,0,1,0
-1.4943441130683104,-0.7073594915983407,1.0,0.0,1.0,1.0,0.0,0.0,0.0,1.0,0,0,0,0,0,0,0,0,0,0,0,1,0
-0.47898614596680894,-0.4223169455581282,0.0,0.0,0.0,0.0,0.0,0.0,1.0,0.0,0,1,0,0,0,1,0,0,1,1,0,0,0
0.677624566148813,-0.748079855318371,1.0,1.0,0.0,0.0,0.0,0.0,1.0,0.0,1,1,0,1,0,0,0,0,0,1,1,1,0
0.32698539911376057,1.002895784642934,0.0,0.0,0.0,1.0,0.0,0.0,0.0,0.0,1,0,0,1,0,1,1,1,1,0,0,1,0
0.47820892612887816,-0.8702409464784621,1.0,1.0,0.0,0.0,0.0,1.0,0.0,0.0,0,1,0,0,0,0,0,0,0,1,0,1,1
-1.4760643460664828,-1.2774445836787656,0.0,0.0,1.0,0.0,1.0,0.0,0.0,1.0,1,0,1,0,0,0,0,0,0,0,0,1,0
-1.4527991880641573,-0.8295205827584317,1.0,0.0,1.0,0.0,1.0,0.0,0.0,0.0,1,0,1,0,0,0,0,0,0,0,0,1,0
0.9917041991802098,-1.1960038562387048,1.0,1.0,0.0,0.0,0.0,0.0,1.0,0.0,1,1,0,1,0,0,0,0,1,1,1,1,1
0.9950277931805424,0.14776814652229667,1.0,1.0,0.0,0.0,0.0,0.0,1.0,0.0,0,1,1,0,0,1,0,0,1,1,0,1,0
0.9800716201790471,-0.6666391278783103,1.0,1.0,0.0,0.0,0.0,0.0,1.0,0.0,0,1,0,0,1,0,0,0,1,1,1,1,0
0.25552812810661757,1.3286586944031769,1.0,0.0,0.0,1.0,0.0,1.0,0.0,0.0,1,1,1,1,1,1,1,0,0,0,1,1,0
0.3386179781149237,-1.2367242199587352,1.0,1.0,0.0,0.0,0.0,0.0,1.0,0.0,0,0,0,0,0,1,0,0,0,0,0,1,0
1.3440051632154282,0.3920903288424788,0.0,1.0,0.0,0.0,0.0,0.0,1.0,0.0,0,1,0,1,1,0,1,0,1,1,1,1,0
1.5683477582378549,1.6137012404433893,1.0,1.0,0.0,0.0,1.0,0.0,0.0,0.0,1,1,1,0,1,1,1,1,1,0,0,1,0
-1.4926823160681442,1.2064976032430856,1.0,0.0,1.0,0.0,1.0,0.0,0.0,0.0,0,0,0,0,0,0,0,0,0,0,0,1,0
0.830509890164096,-1.0738427650786138,0.0,1.0,0.0,0.0,0.0,0.0,1.0,0.0,0,0,0,1,0,1,0,0,1,1,0,1,0
-1.4860351280674797,0.6364125111626608,1.0,0.0,1.0,0.0,1.0,0.0,0.0,1.0,1,0,0,0,0,0,0,0,0,1,0,1,0
1.4686399382278874,0.10704778280226633,1.0,1.0,0.0,0.0,1.0,0.0,1.0,0.0,0,1,0,1,1,0,1,1,1,1,0,1,0
-1.4993295040688086,0.7992939660427822,1.0,0.0,1.0,1.0,0.0,1.0,0.0,0.0,0,0,1,0,0,0,0,0,0,0,0,1,0
-1.3248408190513656,-1.2774445836787656,0.0,0.0,0.0,0.0,0.0,0.0,0.0,1.0,0,0,0,0,0,0,0,0,0,1,0,0,0
0.6011819041411709,-1.0738427650786138,1.0,1.0,0.0,0.0,0.0,0.0,1.0,0.0,1,0,0,1,0,0,0,0,1,1,1,1,0
0.9451738831755587,1.5729808767233588,0.0,0.0,0.0,0.0,1.0,1.0,0.0,0.0,1,1,0,1,1,1,1,1,1,0,0,1,0
0.6659919871476498,1.4100994218432374,0.0,1.0,0.0,1.0,0.0,0.0,0.0,0.0,1,0,1,0,1,1,1,0,0,0,0,1,0
0.23226297010429173,1.125056875803025,1.0,0.0,0.0,1.0,0.0,0.0,1.0,0.0,0,1,0,1,1,1,0,0,0,1,0,1,1
-1.1437049460332582,-0.38159658183809786,1.0,0.0,0.0,0.0,0.0,0.0,0.0,0.0,1,0,1,0,0,0,0,1,0,1,0,0,0
-0.32942441595185784,0.26992923768238775,1.0,0.0,0.0,1.0,0.0,0.0,0.0,0.0,0,1,1,0,0,0,1,1,1,0,0,0,0
-1.504314895069307,-0.7073594915983407,1.0,0.0,1.0,1.0,0.0,0.0,0.0,1.0,1,0,1,0,0,0,0,0,0,1,0,1,0
1.2991366442109427,0.8400143297628127,1.0,1.0,0.0,0.0,0.0,0.0,1.0,0.0,1,1,0,1,0,1,1,0,1,1,1,1,1
-1.3481059770536914,-0.3408762181180675,1.0,0.0,1.0,0.0,1.0,0.0,0.0,1.0,1,0,1,1,0,0,0,0,0,0,0,1,0
-1.5093002860698053,0.18848851024232702,0.0,0.0,1.0,0.0,0.0,0.0,1.0,0.0,1,0,1,0,0,0,0,0,0,0,0,1,0
0.6261088591436628,-1.1145631287986442,0.0,1.0,0.0,0.0,0.0,0.0,1.0,0.0,1,1,1,0,0,1,0,0,0,1,1,1,0
1.1927816362003112,0.7178532386027215,0.0,1.0,0.0,1.0,0.0,0.0,1.0,0.0,1,1,0,1,0,0,0,1,1,1,0,1,1
0.9750862291785486,0.880734693482843,0.0,1.0,0.0,1.0,0.0,1.0,0.0,0.0,0,1,0,0,0,0,1,0,1,1,0,1,0
0.32532360211359457,-1.1960038562387048,0.0,1.0,0.0,0.0,0.0,0.0,1.0,0.0,0,0,0,0,1,0,0,0,0,1,0,1,0
1.4520219682262263,1.4508197855632678,1.0,1.0,0.0,1.0,0.0,0.0,1.0,0.0,0,1,0,1,0,1,1,1,1,0,1,1,0
-0.28621769394753876,-1.1145631287986442,1.0,0.0,0.0,0.0,0.0,0.0,1.0,0.0,0,0,0,0,0,0,1,1,0,0,0,1,0
-1.4760643460664828,0.025607055362205634,1.0,0.0,1.0,0.0,1.0,0.0,0.0,1.0,0,0,0,0,0,0,0,0,0,0,0,1,0
0.5247392421335293,0.35136996512244845,0.0,0.0,0.0,1.0,0.0,0.0,1.0,0.0,0,1,0,1,0,1,1,0,1,1,0,1,0
-0.11671439993059413,0.06632741908223598,0.0,0.0,0.0,1.0,0.0,0.0,0.0,1.0,1,1,1,0,1,0,1,1,1,0,0,0,0
-1.4727407520661506,-0.7888002190384014,0.0,0.0,1.0,0.0,0.0,0.0,0.0,1.0,1,0,1,0,0,0,0,0,0,1,0,1,0
-1.5242564590713006,-0.5037576729981889,0.0,0.0,1.0,0.0,0.0,1.0,0.0,0.0,0,0,0,0,0,0,0,0,0,1,0,1,0
-1.5009913010689746,0.758573602322752,0.0,0.0,1.0,0.0,1.0,1.0,0.0,0.0,0,0,0,0,0,0,0,0,0,0,0,1,1
0.8886727851699104,-1.1960038562387048,0.0,1.0,0.0,0.0,0.0,1.0,0.0,0.0,1,1,0,1,0,1,0,0,0,1,1,1,0
-0.6501512369839195,0.35136996512244845,0.0,0.0,0.0,0.0,0.0,0.0,0.0,0.0,0,0,1,0,0,0,0,0,0,0,0,1,0
-1.505976692069473,-0.7888002190384014,0.0,0.0,1.0,0.0,0.0,1.0,0.0,0.0,0,0,0,0,0,0,0,0,0,0,0,1,0
-1.3065610520495383,0.10704778280226633,1.0,0.0,1.0,0.0,1.0,0.0,0.0,0.0,1,0,1,1,0,0,0,0,0,0,0,1,0
0.534710024134526,-0.8295205827584317,1.0,1.0,0.0,0.0,0.0,0.0,0.0,0.0,1,0,0,0,1,0,0,1,0,0,1,1,0
1.001674981181207,-1.1552834925186746,1.0,1.0,0.0,0.0,0.0,0.0,0.0,1.0,0,1,0,0,1,1,0,1,0,1,0,1,0
-0.5221928679711283,0.43281069256250915,0.0,0.0,0.0,0.0,0.0,0.0,0.0,0.0,0,1,0,0,0,0,1,0,1,1,1,0,0
-1.1786026830367469,-0.8295205827584317,0.0,0.0,0.0,0.0,0.0,0.0,0.0,1.0,1,0,1,0,0,0,0,1,0,1,0,0,1
1.3473287572157604,1.4508197855632678,1.0,1.0,0.0,0.0,0.0,0.0,1.0,0.0,1,1,0,1,0,1,1,0,1,1,1,1,1
0.8039211381614382,-0.30015585439803716,1.0,1.0,0.0,0.0,0.0,0.0,1.0,0.0,0,0,0,1,0,1,0,0,1,1,1,1,1
-1.479387940066815,-1.0331224013585834,0.0,0.0,1.0,1.0,0.0,0.0,0.0,1.0,0,0,0,0,0,0,0,0,0,0,0,1,0
1.5317882242341998,1.369379058123207,1.0,1.0,0.0,1.0,0.0,0.0,1.0,0.0,1,1,0,1,0,1,1,1,1,1,1,1,1
1.5201556452330371,0.8400143297628127,0.0,1.0,0.0,1.0,0.0,0.0,1.0,0.0,1,1,0,0,1,1,1,1,1,0,0,1,0
1.4835961112293827,1.247217966963116,1.0,1.0,0.0,0.0,0.0,0.0,0.0,0.0,0,1,0,1,1,1,1,0,1,1,0,1,1
1.6431286232453304,1.5322605130033284,0.0,1.0,0.0,0.0,1.0,0.0,0.0,0.0,1,1,1,1,1,1,1,1,1,1,1,1,0
-0.9393039150128251,-0.21871512695797646,1.0,0.0,0.0,0.0,0.0,0.0,0.0,0.0,1,1,0,0,0,0,0,0,0,0,1,0,1
0.19902703010096928,-1.2774445836787656,0.0,1.0,0.0,0.0,0.0,0.0,0.0,1.0,0,0,0,0,0,0,0,0,0,0,1,1,0
-1.4893587220678117,-1.1145631287986442,0.0,0.0,1.0,0.0,0.0,0.0,0.0,1.0,0,0,0,0,0,0,0,0,0,0,0,1,0
-1.5009913010689746,0.18848851024232702,0.0,0.0,1.0,1.0,0.0,0.0,0.0,1.0,1,0,0,0,0,0,0,0,0,0,0,1,1
-0.8179927340006982,-1.1960038562387048,1.0,0.0,0.0,0.0,0.0,0.0,0.0,1.0,0,0,0,0,0,0,1,0,1,1,1,0,0
0.3934572791204055,-0.8295205827584317,0.0,1.0,0.0,0.0,0.0,0.0,1.0,0.0,0,0,1,1,0,0,0,0,0,1,0,1,0
-1.5009913010689746,0.22920887396235737,0.0,0.0,1.0,1.0,0.0,1.0,0.0,0.0,1,0,1,0,0,0,0,0,0,0,0,1,0
0.682609957149311,-0.9516816739185228,0.0,1.0,0.0,0.0,0.0,1.0,0.0,0.0,0,1,0,0,0,0,1,0,0,1,0,1,0
0.03617092408468901,-0.7888002190384014,1.0,0.0,0.0,0.0,0.0,0.0,1.0,0.0,1,1,0,1,1,0,0,0,0,1,0,1,0
0.9867188081797118,-0.13727439951791576,1.0,1.0,0.0,0.0,0.0,0.0,1.0,0.0,1,1,0,1,0,0,0,0,1,1,1,1,1
-1.4860351280674797,0.5956921474426305,0.0,0.0,1.0,0.0,1.0,1.0,0.0,0.0,1,0,1,0,0,0,0,0,0,0,0,1,0
1.1512367111961581,1.1657772395230555,1.0,1.0,0.0,0.0,0.0,0.0,0.0,0.0,1,0,0,1,1,0,1,1,1,0,0,1,0
-1.4876969250676457,-0.6666391278783103,1.0,0.0,1.0,0.0,0.0,0.0,0.0,1.0,0,0,0,0,0,0,0,0,0,0,0,1,0
0.45494376812655235,0.35136996512244845,0.0,0.0,0.0,0.0,1.0,0.0,1.0,0.0,1,1,1,0,1,1,0,1,1,0,0,1,0
-1.3181936310507012,0.43281069256250915,0.0,0.0,1.0,0.0,1.0,0.0,1.0,0.0,0,0,1,1,0,0,0,0,0,1,0,1,0
1.0831030341893466,0.14776814652229667,0.0,1.0,0.0,0.0,0.0,0.0,0.0,0.0,1,0,1,1,0,1,1,0,1,1,1,1,0
-0.3244390249513595,-1.0738427650786138,0.0,0.0,0.0,0.0,0.0,0.0,1.0,0.0,0,1,0,0,0,0,0,0,0,1,0,1,0
0.21065960910213194,1.0436161483629645,0.0,0.0,0.0,1.0,0.0,1.0,0.0,0.0,0,0,0,1,1,1,1,1,0,1,0,1,0
-0.10674361792959748,-0.5444780367182193,1.0,0.0,0.0,0.0,0.0,1.0,0.0,0.0,0,0,0,0,0,0,0,1,1,1,0,1,0
-0.626886078981594,-0.8702409464784621,1.0,0.0,0.0,0.0,0.0,0.0,0.0,0.0,1,0,0,0,0,0,0,0,0,1,0,1,0
-0.8130073430001998,0.26992923768238775,0.0,0.0,0.0,1.0,0.0,0.0,0.0,0.0,0,0,0,0,1,1,0,1,0,1,0,0,0
0.7424346491552913,-0.9924020376385531,0.0,1.0,0.0,0.0,0.0,0.0,1.0,0.0,0,0,0,0,0,1,0,0,1,1,0,1,1
-0.5072366949696331,-0.2594354906780068,0.0,0.0,0.0,0.0,0.0,0.0,0.0,1.0,0,0,1,1,0,0,0,0,0,1,0,1,0
0.3003966471111027,0.8400143297628127,0.0,1.0,0.0,0.0,0.0,1.0,0.0,0.0,0,0,0,0,0,1,0,0,0,1,0,1,1
-1.5142856770703037,1.5322605130033284,0.0,0.0,1.0,0.0,1.0,0.0,0.0,1.0,1,0,1,0,0,0,0,0,0,1,0,1,0
-0.6468276429835875,-1.2774445836787656,1.0,0.0,0.0,0.0,0.0,0.0,0.0,1.0,0,1,0,0,0,0,0,0,1,1,1,0,0
-1.3215172250510334,1.0843365120829946,1.0,0.0,1.0,0.0,1.0,0.0,0.0,1.0,0,0,0,1,0,0,0,0,0,0,0,1,0
1.003336778181373,-1.2367242199587352,1.0,1.0,0.0,0.0,0.0,0.0,1.0,0.0,0,1,0,0,0,0,1,0,1,0,1,1,0
-0.9791870430168121,-1.0331224013585834,1.0,0.0,0.0,1.0,0.0,0.0,0.0,1.0,0,0,0,0,1,0,1,0,0,0,0,0,0
-0.6717545979860794,-0.8295205827584317,0.0,0.0,0.0,0.0,0.0,0.0,1.0,0.0,0,0,1,0,0,0,0,0,0,1,1,1,0
0.39844267012090406,1.0843365120829946,1.0,0.0,0.0,1.0,0.0,1.0,0.0,0.0,1,1,1,0,0,1,1,1,1,0,0,1,0
0.5396954151350245,1.1657772395230555,1.0,0.0,0.0,0.0,1.0,0.0,0.0,0.0,1,1,1,1,0,0,1,1,1,1,0,1,0
1.3556377422165908,1.6137012404433893,1.0,1.0,0.0,0.0,1.0,0.0,0.0,0.0,1,1,1,1,1,0,1,0,1,1,0,1,0
-1.5275800530716328,-0.7888002190384014,0.0,0.0,1.0,0.0,0.0,0.0,0.0,1.0,1,0,1,0,0,0,0,0,0,0,0,1,0
-1.3248408190513656,1.2879383306831464,0.0,0.0,1.0,1.0,0.0,0.0,0.0,1.0,1,0,1,1,0,0,0,0,0,0,0,1,0
-1.3730329320561832,-1.2774445836787656,1.0,0.0,0.0,0.0,0.0,0.0,1.0,0.0,1,0,0,0,0,0,0,0,0,1,1,0,0
0.004596781081533054,-0.9109613101984924,0.0,0.0,0.0,1.0,0.0,0.0,0.0,1.0,0,1,0,0,0,1,0,1,0,0,0,1,0
-0.11339080593026184,1.3286586944031769,0.0,0.0,0.0,1.0,0.0,0.0,0.0,0.0,1,0,1,0,1,1,1,0,0,0,0,1,0
1.6348196382444997,1.2064976032430856,0.0,1.0,0.0,0.0,1.0,0.0,0.0,1.0,1,1,0,1,1,1,1,1,1,0,0,1,0
0.8438042661654253,0.9214550572028734,0.0,0.0,0.0,1.0,0.0,0.0,1.0,0.0,1,1,0,1,1,1,1,1,1,1,0,1,0
-0.3543513709543497,-0.30015585439803716,0.0,0.0,0.0,0.0,0.0,0.0,1.0,0.0,1,0,0,1,0,1,0,0,0,0,0,1,0
-1.1653083070354178,-1.2774445836787656,1.0,0.0,0.0,0.0,0.0,0.0,0.0,1.0,0,0,0,0,1,0,0,0,0,0,1,0,0
-0.4972659129686364,-1.2774445836787656,1.0,0.0,0.0,0.0,0.0,1.0,0.0,0.0,0,0,0,0,1,0,0,0,0,1,0,1,0
1.2077378092018058,1.0843365120829946,0.0,1.0,0.0,0.0,0.0,0.0,1.0,0.0,1,1,0,1,0,1,0,0,1,0,1,1,0
-1.341458789053027,1.2879383306831464,1.0,0.0,1.0,0.0,1.0,0.0,0.0,0.0,1,0,1,1,0,0,0,0,0,1,0,1,1
1.0049985751815391,0.14776814652229667,1.0,1.0,0.0,0.0,0.0,0.0,0.0,0.0,1,1,0,1,0,0,0,0,1,1,0,1,0
-0.4690153639658123,-1.1960038562387048,0.0,0.0,0.0,0.0,0.0,0.0,0.0,1.0,0,0,0,1,0,0,0,0,0,1,1,1,0
0.17077648109814536,1.1657772395230555,1.0,0.0,0.0,0.0,1.0,0.0,0.0,1.0,1,1,0,1,1,0,1,0,0,1,0,1,0
-0.8246399220013625,-0.2594354906780068,1.0,0.0,0.0,1.0,0.0,0.0,0.0,0.0,0,0,1,0,0,1,0,0,1,1,0,0,0
-0.3111446489500306,-1.2774445836787656,0.0,0.0,0.0,0.0,0.0,0.0,1.0,0.0,0,1,0,0,0,0,0,0,0,1,1,1,0
0.85876043916692,-1.2774445836787656,0.0,1.0,0.0,0.0,0.0,0.0,1.0,0.0,1,0,0,1,0,1,0,0,1,1,1,1,1
1.2791950802089493,1.4508197855632678,1.0,1.0,0.0,0.0,1.0,1.0,0.0,0.0,1,1,1,0,1,1,1,0,1,1,0,1,0
0.7341256641544608,-1.2367242199587352,1.0,1.0,0.0,0.0,0.0,0.0,0.0,1.0,1,0,0,1,0,0,0,0,1,1,1,1,1
0.9800716201790471,1.6137012404433893,0.0,1.0,0.0,0.0,1.0,0.0,0.0,0.0,1,0,0,1,1,1,1,1,0,1,0,1,0
-0.5886647479777732,1.5729808767233588,0.0,0.0,0.0,0.0,1.0,0.0,1.0,0.0,1,1,0,0,0,0,1,1,0,1,0,0,0
-1.4694171580658184,1.002895784642934,1.0,0.0,1.0,0.0,1.0,1.0,0.0,0.0,0,0,0,0,0,0,0,0,0,0,0,1,0
-1.4993295040688086,-1.1552834925186746,1.0,0.0,1.0,0.0,0.0,0.0,0.0,1.0,0,0,0,0,0,0,0,0,0,1,0,1,0
0.18074726309914202,-1.2774445836787656,0.0,1.0,0.0,0.0,0.0,0.0,1.0,0.0,0,0,0,0,0,0,0,0,0,1,0,1,1
0.5396954151350245,1.6137012404433893,1.0,0.0,0.0,0.0,1.0,1.0,0.0,0.0,1,1,1,1,1,1,1,1,0,0,0,1,0
0.37019212111808014,-0.46303730927815856,1.0,0.0,0.0,1.0,0.0,0.0,0.0,0.0,1,1,1,1,1,0,0,0,1,1,0,1,0
-1.33148800705203,1.5729808767233588,0.0,0.0,1.0,0.0,1.0,0.0,0.0,0.0,1,0,1,1,0,0,0,0,0,0,0,1,0
1.1396041321949948,-0.13727439951791576,0.0,1.0,0.0,0.0,0.0,0.0,0.0,0.0,1,1,0,1,0,0,1,0,1,1,1,1,1
1.5118466602322065,1.4915401492832983,0.0,1.0,0.0,0.0,1.0,1.0,0.0,0.0,0,1,0,1,1,0,1,1,1,0,0,1,1
0.6726391751483144,1.2879383306831464,0.0,0.0,0.0,0.0,1.0,1.0,0.0,0.0,1,1,0,1,1,0,1,1,1,1,0,1,0
-1.4960059100684764,-0.6666391278783103,1.0,0.0,1.0,0.0,0.0,1.0,0.0,0.0,0,0,0,0,0,0,0,0,0,0,0,1,0
-1.3580767590546883,-1.1552834925186746,0.0,0.0,1.0,1.0,0.0,0.0,1.0,0.0,0,0,0,1,0,0,0,0,0,0,0,1,0
1.5450826002355291,0.7992939660427822,0.0,1.0,0.0,1.0,0.0,1.0,0.0,0.0,0,1,0,1,1,1,0,1,1,1,1,1,0
-0.32111543095102724,-1.2367242199587352,1.0,0.0,0.0,0.0,0.0,0.0,0.0,1.0,0,0,0,0,1,0,1,0,0,1,1,1,0
-1.4893587220678117,-1.2774445836787656,1.0,0.0,1.0,0.0,0.0,0.0,0.0,1.0,0,0,0,0,0,0,0,0,0,0,0,1,0
-1.3165318340505352,-0.5851984004382496,1.0,0.0,0.0,0.0,0.0,0.0,0.0,1.0,0,0,0,0,0,0,0,0,0,0,0,0,0
-0.35268957395418365,-1.2367242199587352,0.0,0.0,0.0,0.0,0.0,0.0,0.0,1.0,0,0,0,1,0,1,0,0,0,0,0,1,0
-0.16490651293541178,-0.5444780367182193,0.0,0.0,0.0,0.0,0.0,0.0,0.0,1.0,1,1,0,0,0,1,0,0,0,1,0,1,0
0.6344178441444933,0.3106496014024181,0.0,1.0,0.0,0.0,0.0,0.0,0.0,0.0,0,1,0,1,0,0,0,0,0,0,0,1,0
1.3340343812144315,1.369379058123207,0.0,1.0,0.0,1.0,0.0,0.0,1.0,0.0,1,1,1,1,0,1,1,0,1,1,0,1,1
0.3502505571160864,-0.46303730927815856,1.0,1.0,0.0,0.0,0.0,0.0,0.0,1.0,0,0,0,1,0,0,0,0,0,0,0,1,0
0.06275967608734737,-0.9924020376385531,1.0,0.0,0.0,0.0,0.0,0.0,1.0,0.0,0,0,0,0,0,1,0,1,1,1,0,1,0
1.4869197052297147,1.6137012404433893,0.0,1.0,0.0,0.0,1.0,1.0,0.0,0.0,1,1,1,0,1,1,1,1,1,1,0,1,0
0.3020584441112687,0.6364125111626608,0.0,0.0,0.0,1.0,0.0,0.0,0.0,0.0,0,0,0,1,0,1,1,1,1,1,0,1,0
-1.5109620830699715,1.4915401492832983,1.0,0.0,1.0,0.0,1.0,0.0,0.0,0.0,0,0,0,0,0,0,0,0,0,1,0,1,0
1.7760723832586203,1.6137012404433893,1.0,1.0,0.0,0.0,1.0,0.0,1.0,0.0,0,1,0,1,1,1,1,1,1,1,0,1,0
-0.4424266119631542,-0.748079855318371,0.0,0.0,0.0,1.0,0.0,1.0,0.0,0.0,0,0,0,0,0,1,0,0,0,0,0,1,0
-0.17653909193657447,-1.0738427650786138,1.0,0.0,0.0,0.0,0.0,0.0,1.0,0.0,0,0,0,0,0,1,0,0,1,0,0,1,0
-1.504314895069307,-0.9924020376385531,0.0,0.0,1.0,0.0,1.0,0.0,0.0,0.0,1,0,1,0,0,0,0,0,0,0,0,1,0
-1.502653098069141,-0.62591876415828,0.0,0.0,1.0,1.0,0.0,0.0,0.0,1.0,0,0,0,0,0,0,0,0,0,0,0,1,0
0.9568064621767214,1.3286586944031769,1.0,1.0,0.0,1.0,0.0,0.0,1.0,0.0,0,1,0,1,1,0,0,1,0,0,0,1,0
-0.18152448293707302,1.002895784642934,0.0,0.0,0.0,1.0,0.0,0.0,0.0,1.0,1,0,1,0,1,0,1,1,0,1,0,1,0
1.245959140205627,-0.7888002190384014,1.0,1.0,0.0,0.0,0.0,1.0,0.0,0.0,1,1,0,1,0,0,1,0,1,1,1,1,0
1.0349109211845293,-0.5444780367182193,1.0,1.0,0.0,0.0,0.0,1.0,0.0,0.0,0,1,0,0,0,0,1,0,1,1,1,1,1
1.4968904872307114,0.9621754209229036,0.0,1.0,0.0,1.0,0.0,0.0,0.0,0.0,1,1,0,1,1,1,1,0,1,0,0,1,0
0.4433111891253892,-0.748079855318371,0.0,1.0,0.0,0.0,0.0,0.0,1.0,0.0,1,1,0,0,0,0,0,0,0,1,0,1,0
-0.8263017190015288,0.7992939660427822,1.0,0.0,0.0,0.0,0.0,0.0,1.0,0.0,1,1,0,0,1,0,0,0,0,1,0,0,0
0.004596781081533054,1.0436161483629645,0.0,0.0,0.0,0.0,1.0,1.0,0.0,0.0,0,0,0,0,1,1,1,1,0,1,0,1,0
1.0066603721817051,0.5956921474426305,0.0,1.0,0.0,0.0,0.0,0.0,1.0,0.0,0,0,0,1,0,1,0,1,1,1,1,1,1
-0.3776165289566755,1.4100994218432374,0.0,0.0,0.0,0.0,0.0,1.0,0.0,0.0,0,1,0,0,0,0,1,1,1,1,0,0,0
-1.3248408190513656,-1.2367242199587352,1.0,0.0,0.0,0.0,0.0,1.0,0.0,0.0,0,0,0,0,0,0,0,0,0,1,0,0,0
-0.6667692069855808,-1.0738427650786138,1.0,0.0,0.0,0.0,0.0,1.0,0.0,0.0,0,0,0,0,0,0,0,0,0,0,0,1,1
1.6364814352446657,1.5729808767233588,1.0,1.0,0.0,0.0,1.0,0.0,0.0,0.0,1,1,1,1,1,1,1,1,1,1,0,1,0
-1.479387940066815,0.5549717837226001,0.0,0.0,1.0,0.0,1.0,0.0,0.0,0.0,1,0,1,0,0,0,0,0,0,0,0,1,0
-0.3626603559551803,-1.1145631287986442,0.0,0.0,0.0,0.0,0.0,1.0,0.0,0.0,0,0,0,0,1,0,0,1,0,0,1,1,0
0.6344178441444933,1.4100994218432374,1.0,1.0,0.0,0.0,0.0,0.0,0.0,0.0,1,0,0,1,1,1,0,0,0,0,0,1,1
-1.481049737066981,-1.1960038562387048,1.0,0.0,1.0,0.0,0.0,0.0,0.0,0.0,0,0,1,0,0,0,0,0,0,0,0,1,0
-1.4893587220678117,-1.1960038562387048,0.0,0.0,1.0,0.0,0.0,0.0,0.0,1.0,0,0,0,0,0,0,0,0,0,0,0,1,0
1.3107692232121058,0.7992939660427822,1.0,1.0,0.0,0.0,0.0,0.0,1.0,0.0,1,1,0,1,1,0,1,0,1,1,1,1,1
-0.4823097399671412,0.3920903288424788,0.0,0.0,0.0,0.0,0.0,0.0,1.0,0.0,1,0,0,1,0,0,0,0,0,1,1,1,0
-1.4760643460664828,0.7178532386027215,1.0,0.0,1.0,1.0,0.0,0.0,0.0,1.0,1,0,1,0,0,0,0,0,0,1,0,1,0
0.8388188751649267,-0.38159658183809786,1.0,1.0,0.0,0.0,0.0,0.0,1.0,0.0,1,1,0,0,1,1,0,0,0,1,0,1,1
-0.3510277769540174,1.4100994218432374,0.0,0.0,0.0,0.0,1.0,1.0,0.0,0.0,1,0,1,0,1,1,1,1,1,0,0,0,0
1.15456030519649,-0.30015585439803716,0.0,1.0,0.0,0.0,0.0,0.0,1.0,0.0,0,1,0,0,0,1,1,0,1,1,1,1,0
1.141265929195161,0.26992923768238775,0.0,1.0,0.0,1.0,0.0,0.0,0.0,1.0,1,1,0,0,1,1,0,0,1,0,0,1,1
0.07106866108817798,1.4915401492832983,0.0,0.0,0.0,0.0,1.0,0.0,0.0,1.0,0,0,0,1,1,1,0,1,0,1,0,1,0
-1.2932666760482092,-1.2774445836787656,0.0,0.0,0.0,1.0,0.0,0.0,0.0,1.0,0,0,0,0,0,0,0,0,0,0,0,0,0
0.8737166121684152,-0.015113308357824713,1.0,1.0,0.0,0.0,0.0,0.0,1.0,0.0,0,1,0,0,0,0,0,0,1,0,0,1,0
0.2073360151017999,-0.9516816739185228,0.0,1.0,0.0,0.0,0.0,0.0,1.0,0.0,0,0,0,0,0,0,0,0,0,0,1,1,0
0.9451738831755587,-0.6666391278783103,0.0,1.0,0.0,0.0,0.0,1.0,0.0,0.0,0,1,0,0,0,1,1,0,0,1,1,1,0
-1.4561227820644893,1.125056875803025,1.0,0.0,1.0,0.0,1.0,0.0,0.0,0.0,1,0,1,0,0,0,0,0,0,1,0,1,0
1.476948923228718,1.6137012404433893,0.0,1.0,0.0,0.0,1.0,0.0,0.0,0.0,1,1,1,1,0,1,1,1,1,1,0,1,0
-1.5093002860698053,-1.1145631287986442,1.0,0.0,1.0,0.0,0.0,0.0,0.0,1.0,1,0,0,0,0,0,0,0,0,0,1,1,0
0.6992279271509723,-0.2594354906780068,0.0,1.0,0.0,0.0,0.0,1.0,0.0,0.0,0,0,0,0,1,0,0,0,1,1,0,1,1
-1.4926823160681442,-1.1960038562387048,1.0,0.0,1.0,0.0,0.0,0.0,0.0,1.0,0,0,0,0,0,0,0,0,0,0,1,1,0
-1.4993295040688086,-1.2367242199587352,1.0,0.0,1.0,0.0,0.0,0.0,1.0,0.0,0,0,0,0,0,0,0,0,0,1,0,1,0
-1.4710789550659844,-1.2367242199587352,0.0,0.0,1.0,1.0,0.0,0.0,0.0,0.0,0,0,1,0,0,0,0,0,0,0,0,1,0
0.827186296163764,0.14776814652229667,0.0,0.0,0.0,1.0,0.0,1.0,0.0,0.0,0,1,0,1,1,0,1,1,1,1,0,1,0
0.31867641411292996,-1.0331224013585834,1.0,1.0,0.0,0.0,0.0,0.0,0.0,1.0,0,0,0,0,1,0,0,0,0,0,0,1,0
-0.5088984919697991,1.125056875803025,0.0,0.0,0.0,0.0,1.0,1.0,0.0,0.0,1,1,0,0,0,1,0,0,1,1,0,0,1
0.8089065291619363,-0.5444780367182193,0.0,1.0,0.0,0.0,0.0,0.0,1.0,0.0,1,1,0,1,0,1,0,0,0,1,0,1,0
0.34526516611558833,0.5142514200025698,1.0,0.0,0.0,0.0,1.0,1.0,0.0,0.0,1,1,0,1,1,0,1,1,0,0,0,1,1
0.19570343610063723,-1.1552834925186746,1.0,1.0,0.0,0.0,0.0,0.0,1.0,0.0,0,0,0,0,0,0,0,0,0,1,0,1,1
1.3107692232121058,-0.055833672077855064,0.0,1.0,0.0,0.0,0.0,0.0,1.0,0.0,1,1,1,1,0,0,1,1,1,1,1,1,0
0.8404806721650927,0.5956921474426305,1.0,1.0,0.0,0.0,0.0,0.0,1.0,0.0,1,1,1,0,1,0,1,0,0,0,0,1,0
0.4815325201292102,-1.2774445836787656,1.0,1.0,0.0,0.0,0.0,0.0,1.0,0.0,0,1,0,0,0,0,0,0,0,1,1,1,0
-0.6601220189849164,-1.2774445836787656,0.0,0.0,0.0,0.0,0.0,0.0,0.0,0.0,0,0,0,0,0,0,0,0,0,1,1,1,0
-1.5076384890696393,-1.2774445836787656,0.0,0.0,1.0,0.0,0.0,1.0,0.0,0.0,0,0,0,0,0,0,0,0,0,0,0,1,0
0.7972739501607736,1.0843365120829946,0.0,1.0,0.0,0.0,0.0,1.0,0.0,0.0,1,1,1,1,0,0,1,0,0,1,0,1,1
0.1774236690988095,-0.9109613101984924,1.0,1.0,0.0,0.0,0.0,0.0,1.0,0.0,1,0,0,0,0,0,0,0,0,1,1,1,0
0.8720548151682491,0.10704778280226633,1.0,1.0,0.0,0.0,0.0,1.0,0.0,0.0,0,1,0,1,1,0,0,0,0,0,0,1,1
-1.166970104035584,-1.1552834925186746,1.0,0.0,0.0,0.0,0.0,0.0,1.0,0.0,0,0,0,0,0,0,1,0,0,1,1,0,0
0.8654076271675846,-0.015113308357824713,1.0,1.0,0.0,1.0,0.0,0.0,1.0,0.0,1,1,1,0,1,1,0,0,0,1,0,1,0
0.4350022041245586,0.43281069256250915,1.0,1.0,0.0,0.0,0.0,0.0,1.0,0.0,0,0,0,1,0,1,0,0,0,1,1,1,0
-0.3477041829536853,-1.1552834925186746,1.0,0.0,0.0,0.0,0.0,0.0,1.0,0.0,0,1,0,0,0,0,0,0,0,0,1,1,0
-1.5225946620711341,0.880734693482843,0.0,0.0,1.0,0.0,1.0,0.0,0.0,1.0,1,0,0,0,0,0,0,0,0,1,0,1,1
1.0099839661820376,-0.8702409464784621,0.0,1.0,0.0,0.0,0.0,0.0,0.0,0.0,0,1,0,1,0,0,0,0,1,1,1,1,1
1.2509445312061254,1.369379058123207,0.0,1.0,0.0,0.0,1.0,0.0,0.0,0.0,0,1,0,1,1,0,0,0,1,1,0,1,1
1.1678546811978192,1.1657772395230555,1.0,1.0,0.0,1.0,0.0,0.0,1.0,0.0,1,1,1,1,0,0,1,0,1,1,0,1,0
0.7956121531606076,1.6137012404433893,1.0,0.0,0.0,0.0,1.0,1.0,0.0,0.0,1,1,1,1,1,1,1,1,1,0,0,1,0
-0.3477041829536853,0.47353105628253944,1.0,0.0,0.0,1.0,0.0,0.0,1.0,0.0,1,1,1,0,0,0,1,1,1,1,0,0,0
-0.3011738669490337,0.35136996512244845,1.0,0.0,0.0,0.0,0.0,0.0,0.0,0.0,0,0,0,1,0,0,1,0,0,1,0,1,0
1.302460238211275,0.7178532386027215,1.0,1.0,0.0,1.0,0.0,0.0,1.0,0.0,1,1,0,1,1,0,1,0,1,1,0,1,0
1.5317882242341998,0.5956921474426305,1.0,1.0,0.0,1.0,0.0,1.0,0.0,0.0,1,1,0,1,1,0,1,1,1,1,1,1,0
-1.4827115340671475,-0.9924020376385531,1.0,0.0,1.0,0.0,1.0,0.0,0.0,1.0,1,0,1,0,0,0,0,0,0,0,0,1,0
-1.4860351280674797,-0.5851984004382496,1.0,0.0,1.0,0.0,0.0,0.0,0.0,1.0,0,0,0,0,0,0,0,0,0,0,0,1,0
0.9036289581714056,1.6137012404433893,1.0,0.0,0.0,0.0,1.0,1.0,0.0,0.0,1,1,1,1,1,1,1,1,1,1,0,1,0
0.5230774451333633,-1.2774445836787656,1.0,1.0,0.0,0.0,0.0,0.0,1.0,0.0,0,1,0,0,0,0,0,0,0,0,1,1,0
-0.3028356639492,0.3920903288424788,0.0,0.0,0.0,0.0,0.0,0.0,1.0,0.0,0,0,0,1,0,0,1,0,0,0,0,1,1
0.3303089931140931,-0.5851984004382496,0.0,1.0,0.0,0.0,0.0,0.0,1.0,0.0,0,0,0,0,0,1,0,0,0,1,0,1,1
1.3091074262119398,-0.7888002190384014,0.0,1.0,0.0,1.0,0.0,1.0,0.0,0.0,0,1,1,1,0,1,1,0,1,1,0,1,0
0.6277706561438292,1.4508197855632678,0.0,1.0,0.0,1.0,0.0,0.0,0.0,0.0,1,0,1,1,0,1,0,1,0,1,0,1,0
0.24721914310578694,-1.1552834925186746,1.0,1.0,0.0,0.0,0.0,0.0,0.0,0.0,0,0,0,1,0,0,0,0,0,1,1,1,0
1.505199472231542,1.4915401492832983,1.0,1.0,0.0,0.0,1.0,1.0,0.0,0.0,0,1,0,1,1,1,1,0,1,1,0,1,0
-0.44076481496298814,-0.62591876415828,1.0,0.0,0.0,0.0,0.0,0.0,0.0,1.0,0,0,0,0,0,0,0,1,0,0,1,1,0
-1.304899255049372,-0.30015585439803716,1.0,0.0,1.0,0.0,1.0,1.0,0.0,0.0,1,0,1,1,0,0,0,0,0,0,0,1,0
0.8238627021634315,0.43281069256250915,1.0,1.0,0.0,0.0,0.0,0.0,0.0,1.0,0,1,0,0,0,0,0,0,1,1,1,1,1
-1.504314895069307,1.0843365120829946,0.0,0.0,1.0,0.0,1.0,1.0,0.0,0.0,1,0,1,0,0,0,0,0,0,0,0,1,0
0.5297246331340278,-1.1145631287986442,0.0,1.0,0.0,0.0,0.0,0.0,1.0,0.0,0,0,0,0,1,1,0,0,0,0,0,1,1
0.4233696251233959,-0.46303730927815856,1.0,0.0,0.0,1.0,0.0,0.0,0.0,1.0,1,0,1,1,1,1,0,1,1,0,1,1,0
1.3406815692150957,1.4915401492832983,0.0,1.0,0.0,1.0,0.0,1.0,0.0,0.0,1,0,1,1,1,1,1,1,1,1,0,1,0
-1.3165318340505352,-0.7888002190384014,1.0,0.0,0.0,0.0,0.0,0.0,0.0,0.0,0,0,0,0,0,0,0,0,0,1,0,0,0
1.0133075601823696,0.3920903288424788,1.0,1.0,0.0,0.0,0.0,0.0,0.0,0.0,1,0,0,1,0,1,1,0,1,1,1,1,0
1.0266019361836989,0.7992939660427822,1.0,1.0,0.0,0.0,0.0,1.0,0.0,0.0,1,1,0,1,0,1,0,1,0,1,0,1,0
0.6726391751483144,0.5549717837226001,1.0,1.0,0.0,0.0,0.0,0.0,1.0,0.0,0,1,0,0,1,0,0,0,0,0,1,1,1
0.53304822713436,1.1657772395230555,1.0,0.0,0.0,0.0,1.0,0.0,0.0,0.0,1,1,0,1,1,1,1,1,0,1,0,1,0
-1.3265026160515319,-0.13727439951791576,1.0,0.0,0.0,1.0,0.0,0.0,0.0,1.0,0,0,0,0,0,0,0,0,0,1,0,0,0
-0.3327480099521901,-0.30015585439803716,0.0,0.0,0.0,1.0,0.0,1.0,0.0,0.0,0,0,1,0,0,1,0,1,0,1,0,1,0
0.6975661301508063,-1.1145631287986442,0.0,1.0,0.0,0.0,0.0,0.0,1.0,0.0,1,0,1,0,0,0,0,1,1,1,1,1,0
-0.46569176996548,-0.7073594915983407,1.0,0.0,0.0,1.0,0.0,0.0,1.0,0.0,0,1,0,0,0,0,1,0,1,0,0,0,0
-1.4827115340671475,-0.5444780367182193,0.0,0.0,1.0,0.0,1.0,0.0,0.0,1.0,1,0,1,0,0,0,0,0,0,0,0,1,0
-1.4860351280674797,0.47353105628253944,1.0,0.0,1.0,0.0,1.0,0.0,0.0,1.0,0,0,0,0,0,0,0,0,0,0,0,1,0
1.113015380192337,-1.0738427650786138,0.0,1.0,0.0,0.0,0.0,0.0,1.0,0.0,0,1,0,1,0,1,0,0,1,1,1,1,1
0.22727757910379318,1.0436161483629645,1.0,0.0,0.0,0.0,1.0,1.0,0.0,0.0,1,0,1,1,1,1,1,1,0,0,0,1,0
0.5546515881365197,1.2064976032430856,1.0,1.0,0.0,1.0,0.0,1.0,0.0,0.0,1,0,1,0,1,1,0,0,0,1,0,1,0
-0.2114368289400632,1.5322605130033284,0.0,0.0,0.0,1.0,0.0,0.0,0.0,0.0,1,1,1,0,0,1,1,1,1,1,0,0,0
-1.2982520670487077,-1.2774445836787656,0.0,0.0,0.0,0.0,0.0,0.0,0.0,1.0,0,0,0,0,0,0,0,0,0,1,1,0,1
-0.36764574695567864,-0.9109613101984924,1.0,0.0,0.0,0.0,1.0,1.0,0.0,0.0,1,1,1,0,1,1,1,1,0,0,0,0,0
-1.5009913010689746,-0.2594354906780068,1.0,0.0,1.0,1.0,0.0,0.0,0.0,0.0,0,0,0,0,0,0,0,0,0,1,0,1,0
0.8188773111629334,1.369379058123207,1.0,1.0,0.0,0.0,0.0,1.0,0.0,0.0,0,1,0,1,0,1,0,0,0,0,0,1,0
0.14086413509515497,-1.0331224013585834,0.0,1.0,0.0,0.0,0.0,0.0,1.0,0.0,1,0,1,0,0,0,0,0,0,1,1,1,0
0.6460504231456565,0.758573602322752,1.0,1.0,0.0,1.0,0.0,0.0,0.0,0.0,1,0,1,1,0,1,0,1,0,0,0,1,0
1.3739175092184182,1.6137012404433893,1.0,1.0,0.0,0.0,1.0,1.0,0.0,0.0,1,0,1,1,1,1,1,1,1,1,0,1,0
-1.2965902700485417,1.3286586944031769,1.0,0.0,1.0,0.0,1.0,0.0,0.0,1.0,0,0,0,1,0,0,0,0,0,0,0,1,0
-0.6219006879810957,-1.2367242199587352,1.0,0.0,0.0,0.0,0.0,0.0,0.0,0.0,0,0,0,0,0,0,0,0,0,0,1,1,0
0.006258578081699082,1.5322605130033284,1.0,0.0,0.0,1.0,0.0,0.0,0.0,0.0,0,0,1,1,1,1,0,1,0,0,0,1,0
0.6875953481498096,1.6137012404433893,1.0,0.0,0.0,0.0,1.0,1.0,0.0,0.0,1,1,0,1,0,1,1,1,1,1,0,1,0
-1.4860351280674797,-1.2774445836787656,0.0,0.0,1.0,0.0,0.0,0.0,0.0,1.0,1,0,1,0,0,0,0,0,0,0,0,1,0
0.3868100911197414,-1.2774445836787656,0.0,1.0,0.0,0.0,0.0,0.0,0.0,1.0,1,0,0,0,0,1,0,0,0,1,1,1,1
1.1877962451998125,-1.1145631287986442,0.0,1.0,0.0,0.0,0.0,0.0,1.0,0.0,0,1,0,1,0,0,1,0,1,1,1,1,0
-1.46443176706532,-1.1960038562387048,1.0,0.0,1.0,0.0,0.0,0.0,0.0,1.0,0,0,0,0,0,0,0,0,0,0,0,1,0
-1.3115464430500368,1.0436161483629645,1.0,0.0,1.0,0.0,1.0,1.0,0.0,0.0,0,0,0,1,0,0,0,0,0,1,0,1,0
-0.8213163280010305,-0.4223169455581282,1.0,0.0,0.0,0.0,0.0,0.0,0.0,1.0,1,1,1,0,1,0,0,0,0,0,1,0,1
1.1911198392001445,0.025607055362205634,1.0,1.0,0.0,0.0,0.0,0.0,0.0,0.0,1,1,0,1,0,1,0,0,1,1,0,1,1
0.1724382780983114,-1.2774445836787656,1.0,1.0,0.0,0.0,0.0,0.0,1.0,0.0,0,0,0,0,0,0,0,0,0,0,1,1,0
0.3070438351117673,0.880734693482843,1.0,1.0,0.0,0.0,0.0,0.0,0.0,0.0,1,0,0,1,0,0,0,0,0,0,0,1,1
1.1512367111961581,1.6137012404433893,1.0,1.0,0.0,0.0,1.0,0.0,1.0,0.0,1,1,0,1,0,1,0,0,1,1,0,1,0
0.9484974771758907,-1.2774445836787656,1.0,1.0,0.0,0.0,0.0,0.0,1.0,0.0,0,1,1,1,0,0,0,0,1,1,1,1,0
-0.518869273970796,-1.1960038562387048,1.0,0.0,0.0,0.0,0.0,0.0,1.0,0.0,0,0,0,0,0,0,1,0,0,1,1,1,0
1.4187860282229037,1.6137012404433893,0.0,1.0,0.0,0.0,1.0,1.0,0.0,0.0,1,1,1,1,1,1,1,1,0,0,0,1,0
0.6261088591436628,1.6137012404433893,0.0,0.0,0.0,0.0,1.0,1.0,0.0,0.0,1,1,1,1,1,1,1,0,1,1,0,1,0
1.1396041321949948,0.880734693482843,1.0,1.0,0.0,0.0,0.0,1.0,0.0,0.0,1,1,0,1,0,0,1,0,1,1,0,1,1
0.5097830691320341,1.0843365120829946,0.0,0.0,0.0,1.0,0.0,0.0,1.0,0.0,1,1,0,1,0,1,0,1,1,1,0,1,0
0.017891157082861757,0.880734693482843,1.0,0.0,0.0,0.0,1.0,0.0,0.0,0.0,0,0,0,0,1,1,0,0,1,1,0,1,0
0.8238627021634315,1.125056875803025,1.0,1.0,0.0,0.0,1.0,0.0,1.0,0.0,0,0,0,1,0,0,1,0,1,1,0,1,0
-0.13167057293208934,1.125056875803025,0.0,0.0,0.0,0.0,1.0,1.0,0.0,0.0,1,1,0,0,0,1,1,1,1,0,0,0,0
0.3236618051134285,-1.1960038562387048,1.0,1.0,0.0,0.0,0.0,0.0,1.0,0.0,0,0,0,1,0,0,0,0,0,0,0,1,0
1.1429277261953275,1.4915401492832983,0.0,1.0,0.0,0.0,1.0,0.0,0.0,0.0,1,1,0,1,1,0,0,0,1,0,0,1,0
-1.5126238800701375,-1.2774445836787656,0.0,0.0,1.0,0.0,0.0,0.0,1.0,0.0,1,0,1,0,0,0,0,0,0,0,0,1,0
-0.8412578920030237,0.7178532386027215,1.0,0.0,0.0,0.0,0.0,1.0,0.0,0.0,1,0,1,0,1,0,0,0,1,1,0,0,0
-0.6617838159850825,0.9621754209229036,0.0,0.0,0.0,0.0,0.0,1.0,0.0,0.0,0,1,0,0,0,0,0,0,1,1,0,0,0
1.0781176431888486,1.125056875803025,0.0,1.0,0.0,0.0,1.0,0.0,1.0,0.0,1,1,0,0,1,0,0,1,1,1,0,1,0
1.5218174422332031,1.4915401492832983,1.0,1.0,0.0,1.0,0.0,0.0,0.0,1.0,1,1,0,1,1,0,1,1,1,1,0,1,1
-0.9874960280176428,-1.2774445836787656,0.0,0.0,0.0,0.0,0.0,0.0,0.0,1.0,0,1,0,0,0,0,0,0,0,0,1,0,0
0.27380789510844483,-1.2774445836787656,0.0,1.0,0.0,0.0,0.0,0.0,1.0,0.0,0,0,0,0,0,1,0,0,0,1,1,1,1
-1.491020519067978,-1.1960038562387048,0.0,0.0,1.0,0.0,0.0,0.0,0.0,1.0,1,0,0,0,0,0,0,0,0,1,0,1,0
0.40508985812156867,1.125056875803025,1.0,0.0,0.0,0.0,1.0,0.0,0.0,0.0,1,1,1,0,0,1,0,1,1,0,0,1,0
-0.9758634490164798,-0.7888002190384014,0.0,0.0,0.0,0.0,1.0,0.0,0.0,1.0,0,0,0,0,0,0,1,1,0,0,0,0,0
-1.4727407520661506,1.2064976032430856,1.0,0.0,1.0,0.0,1.0,0.0,0.0,0.0,1,0,1,0,0,0,0,0,0,0,0,1,0
1.0631614701873533,0.5142514200025698,0.0,1.0,0.0,1.0,0.0,0.0,0.0,0.0,0,1,0,1,1,1,0,0,0,0,0,1,0
-0.3510277769540174,-0.30015585439803716,0.0,0.0,0.0,1.0,0.0,0.0,1.0,0.0,0,1,0,0,0,0,1,1,1,0,0,0,0
1.1745018691984834,0.47353105628253944,1.0,1.0,0.0,0.0,1.0,0.0,0.0,0.0,0,1,0,0,0,0,1,1,1,0,0,1,0
-0.6484894399837535,-1.2367242199587352,0.0,0.0,0.0,0.0,0.0,0.0,0.0,1.0,0,0,0,0,0,0,0,0,0,1,0,1,0
0.6344178441444933,0.025607055362205634,1.0,1.0,0.0,0.0,0.0,1.0,0.0,0.0,0,0,0,1,0,1,1,0,0,1,1,1,1
0.1774236690988095,-1.2774445836787656,0.0,1.0,0.0,0.0,0.0,0.0,1.0,0.0,0,0,0,0,0,0,0,0,0,1,1,1,0
-1.4594463760648215,-0.4223169455581282,0.0,0.0,1.0,1.0,0.0,0.0,0.0,0.0,0,0,0,0,0,0,0,0,0,0,0,1,0
-1.0406735320229585,0.10704778280226633,0.0,0.0,0.0,0.0,0.0,0.0,0.0,1.0,0,0,0,0,0,0,1,1,0,1,0,0,0
-1.481049737066981,-0.13727439951791576,0.0,0.0,1.0,0.0,1.0,0.0,0.0,1.0,1,0,1,0,0,0,0,0,0,0,0,1,0
0.7025515211513048,-0.21871512695797646,1.0,1.0,0.0,1.0,0.0,0.0,1.0,0.0,1,0,0,1,1,0,1,0,0,1,0,1,1
-0.12502338493142473,0.880734693482843,1.0,0.0,0.0,1.0,0.0,0.0,1.0,0.0,0,0,1,0,0,1,1,1,0,1,0,1,0
0.19570343610063723,-1.2367242199587352,0.0,1.0,0.0,0.0,0.0,0.0,1.0,0.0,0,0,0,0,0,0,0,0,0,1,1,1,1
0.7357874611546272,1.002895784642934,1.0,1.0,0.0,1.0,0.0,0.0,1.0,0.0,0,0,0,1,0,0,0,0,1,1,0,1,0
0.15415851109648415,1.2064976032430856,1.0,0.0,0.0,0.0,1.0,0.0,0.0,0.0,0,0,0,1,1,1,1,1,0,0,0,1,0
-1.4760643460664828,-0.7073594915983407,0.0,0.0,1.0,1.0,0.0,1.0,0.0,0.0,1,0,1,0,0,0,0,0,0,0,0,1,0
-1.4760643460664828,-1.2367242199587352,1.0,0.0,1.0,0.0,0.0,0.0,0.0,1.0,0,0,0,0,0,0,0,0,0,0,1,1,0
1.3140928172124378,1.5322605130033284,0.0,1.0,0.0,0.0,1.0,0.0,0.0,0.0,1,1,0,1,0,0,1,1,1,1,0,1,0
-0.6584602219847502,-0.46303730927815856,0.0,0.0,0.0,0.0,0.0,0.0,1.0,0.0,1,0,1,0,0,0,0,0,0,1,0,1,0
-0.5088984919697991,-0.38159658183809786,0.0,0.0,0.0,1.0,0.0,0.0,1.0,0.0,0,0,1,0,0,0,0,1,0,1,0,1,0
-1.4677553610656522,-1.0738427650786138,1.0,0.0,1.0,1.0,0.0,0.0,0.0,1.0,0,0,0,0,0,0,0,0,0,0,0,1,0
-1.502653098069141,-1.1552834925186746,1.0,0.0,1.0,0.0,1.0,1.0,0.0,0.0,1,0,1,0,0,0,0,0,0,0,0,1,0
1.1379423351948288,-1.1960038562387048,0.0,1.0,0.0,0.0,0.0,1.0,0.0,0.0,0,1,0,0,1,0,1,0,1,1,1,1,0
0.9551446651765553,-0.38159658183809786,0.0,1.0,0.0,0.0,0.0,0.0,1.0,0.0,0,1,0,1,0,0,0,0,1,1,0,1,0
-0.3393951979528547,-0.2594354906780068,1.0,0.0,0.0,1.0,0.0,1.0,0.0,0.0,0,1,0,0,1,0,0,1,1,0,0,0,0
-1.4860351280674797,-0.9924020376385531,0.0,0.0,1.0,0.0,0.0,0.0,0.0,1.0,0,0,1,0,0,0,0,0,0,0,0,1,0
0.6377414381448259,-0.2594354906780068,1.0,1.0,0.0,0.0,0.0,0.0,1.0,0.0,0,1,0,1,0,0,0,0,0,1,1,1,0
0.4881797081298748,-1.2367242199587352,1.0,1.0,0.0,0.0,0.0,0.0,1.0,0.0,0,0,0,1,0,1,0,0,0,1,0,1,0
1.7096005032519754,1.4100994218432374,1.0,1.0,0.0,0.0,1.0,1.0,0.0,0.0,0,1,0,1,1,1,1,1,1,0,1,1,0
0.9617918531772199,1.5729808767233588,0.0,1.0,0.0,0.0,1.0,0.0,0.0,0.0,1,1,0,1,0,0,0,0,1,1,1,1,0
0.5014740841312035,1.0843365120829946,0.0,0.0,0.0,1.0,0.0,1.0,0.0,0.0,0,1,0,1,1,1,1,1,0,0,0,1,0
1.1711782751981514,0.26992923768238775,1.0,1.0,0.0,1.0,0.0,0.0,1.0,0.0,1,1,1,1,0,0,1,0,1,0,0,1,0
-1.5009913010689746,-0.46303730927815856,1.0,0.0,1.0,0.0,1.0,0.0,0.0,1.0,0,0,1,0,0,0,0,0,0,0,0,1,0
-1.4976677070686424,-1.2774445836787656,1.0,0.0,1.0,0.0,0.0,0.0,0.0,1.0,0,0,0,0,0,0,0,0,0,0,1,1,0
-1.481049737066981,0.6364125111626608,0.0,0.0,1.0,0.0,1.0,0.0,0.0,0.0,1,0,1,0,0,0,0,0,0,0,0,1,0
-0.4773243489666429,-0.055833672077855064,0.0,0.0,0.0,1.0,0.0,1.0,0.0,0.0,1,1,0,0,1,1,1,0,0,1,0,0,1
1.614878074242506,1.2879383306831464,0.0,1.0,0.0,1.0,0.0,0.0,1.0,0.0,1,1,1,1,1,1,1,1,1,0,0,1,0
0.5064594751317021,0.5549717837226001,1.0,1.0,0.0,0.0,0.0,0.0,0.0,0.0,1,0,1,1,0,1,0,0,0,1,0,1,0
0.5380336181348585,0.7992939660427822,0.0,0.0,0.0,0.0,1.0,0.0,0.0,0.0,0,1,0,1,0,0,1,1,1,1,0,1,0
-1.3248408190513656,1.4100994218432374,0.0,0.0,1.0,0.0,1.0,0.0,0.0,1.0,1,0,1,1,0,0,0,0,0,1,0,1,0
-0.32776261895169184,1.4100994218432374,0.0,0.0,0.0,0.0,0.0,0.0,1.0,0.0,0,0,0,1,0,1,0,0,0,0,0,1,1
0.358559542116917,-1.1145631287986442,0.0,1.0,0.0,0.0,0.0,0.0,1.0,0.0,0,0,0,1,0,0,0,0,0,0,1,1,0
1.478610720228884,1.5729808767233588,0.0,1.0,0.0,0.0,1.0,0.0,1.0,0.0,1,1,0,1,0,1,1,1,1,0,0,1,0
0.4283550161238945,-0.9516816739185228,0.0,1.0,0.0,0.0,0.0,0.0,0.0,0.0,0,0,0,0,0,0,0,0,1,1,1,1,0
1.0049985751815391,-0.2594354906780068,0.0,1.0,0.0,0.0,0.0,0.0,1.0,0.0,0,1,0,1,1,1,0,0,0,1,1,1,1
1.7129240972523074,1.5729808767233588,1.0,1.0,0.0,1.0,0.0,0.0,0.0,0.0,0,1,0,1,1,1,1,1,1,1,0,1,0
-1.491020519067978,-0.015113308357824713,0.0,0.0,1.0,0.0,0.0,0.0,0.0,0.0,0,0,0,0,0,0,0,0,0,0,0,1,0
0.1857326540996401,-1.2367242199587352,0.0,1.0,0.0,0.0,0.0,0.0,1.0,0.0,0,0,0,0,0,0,0,0,0,0,0,1,0
-1.3015756610490399,1.5729808767233588,0.0,0.0,1.0,0.0,1.0,1.0,0.0,0.0,1,0,0,1,0,0,0,0,0,0,0,1,0
-0.6750781919864114,1.125056875803025,0.0,0.0,0.0,1.0,0.0,0.0,1.0,0.0,0,1,0,0,1,0,1,0,0,1,0,0,0
1.1761636661986499,0.9214550572028734,0.0,1.0,0.0,1.0,0.0,0.0,1.0,0.0,0,1,0,1,0,0,1,0,1,1,0,1,1
1.3506523512160928,0.880734693482843,1.0,1.0,0.0,1.0,0.0,1.0,0.0,0.0,0,1,0,0,1,1,0,1,1,1,1,1,0
1.0332491241843629,-1.2367242199587352,1.0,1.0,0.0,0.0,0.0,0.0,1.0,0.0,0,1,0,0,0,0,1,0,1,1,1,1,0
0.3020584441112687,-1.0738427650786138,0.0,1.0,0.0,0.0,0.0,0.0,0.0,1.0,0,0,0,1,0,0,0,0,0,1,0,1,0
0.1774236690988095,0.6364125111626608,0.0,0.0,0.0,0.0,1.0,1.0,0.0,0.0,1,1,1,0,1,1,1,0,0,1,0,1,0
-1.3132082400502028,1.247217966963116,1.0,0.0,1.0,0.0,1.0,0.0,0.0,1.0,1,0,1,1,0,0,0,0,0,0,0,1,0
0.47820892612887816,-1.2774445836787656,1.0,1.0,0.0,0.0,0.0,0.0,1.0,0.0,0,0,0,1,0,1,0,0,0,1,1,1,0
-1.4527991880641573,-0.8295205827584317,1.0,0.0,1.0,0.0,0.0,1.0,0.0,0.0,0,0,1,0,0,0,0,0,0,0,0,1,0
-1.3231790220511994,0.880734693482843,1.0,0.0,0.0,0.0,0.0,0.0,0.0,0.0,1,0,0,0,0,0,0,0,0,1,0,0,1
-0.00869759491979612,-0.0965540357978854,0.0,0.0,0.0,1.0,0.0,0.0,1.0,0.0,1,0,1,0,0,0,1,1,1,1,0,1,0
-1.4993295040688086,-0.0965540357978854,0.0,0.0,1.0,0.0,0.0,0.0,0.0,0.0,1,0,0,0,0,0,0,0,0,0,1,1,0
0.4732235351283796,-1.1552834925186746,0.0,1.0,0.0,0.0,0.0,0.0,1.0,0.0,0,0,0,0,0,0,0,0,1,1,1,1,0
1.3689321182179202,0.3106496014024181,0.0,1.0,0.0,1.0,0.0,1.0,0.0,0.0,0,1,0,1,0,0,1,1,1,1,0,1,0
0.36853032411791364,-0.9516816739185228,0.0,1.0,0.0,0.0,0.0,0.0,1.0,0.0,1,0,1,0,0,0,0,1,0,1,0,1,0
0.9003053641710731,-0.62591876415828,0.0,1.0,0.0,0.0,0.0,0.0,1.0,0.0,1,0,1,0,1,0,0,1,1,0,1,1,0
-0.7033287409892356,1.2064976032430856,0.0,0.0,0.0,0.0,1.0,1.0,0.0,0.0,0,1,0,0,0,1,1,0,0,1,0,0,0
0.8803638001690798,-0.1779947632379461,1.0,1.0,0.0,1.0,0.0,0.0,0.0,0.0,0,0,0,0,0,1,0,1,1,1,0,1,0
0.830509890164096,1.5322605130033284,0.0,0.0,0.0,0.0,1.0,1.0,0.0,0.0,0,1,0,1,1,1,1,1,1,0,0,1,0
1.3174164112127704,0.5549717837226001,0.0,1.0,0.0,0.0,1.0,0.0,0.0,0.0,0,1,0,0,0,1,1,1,1,1,0,1,0
0.8438042661654253,-0.38159658183809786,0.0,1.0,0.0,0.0,0.0,0.0,0.0,1.0,1,1,0,1,0,0,1,0,0,0,0,1,0
-0.8130073430001998,0.5956921474426305,1.0,0.0,0.0,1.0,0.0,0.0,1.0,0.0,1,0,1,0,1,0,1,1,0,0,0,0,0
1.3456669602155942,1.4508197855632678,1.0,1.0,0.0,0.0,1.0,0.0,0.0,0.0,1,1,1,0,1,1,1,0,1,1,0,1,0
1.3705939152180862,1.125056875803025,0.0,1.0,0.0,1.0,0.0,0.0,1.0,0.0,0,1,0,1,0,0,1,1,1,1,1,1,1
1.304122035211441,1.4100994218432374,0.0,1.0,0.0,0.0,1.0,0.0,1.0,0.0,0,1,1,1,0,1,0,1,1,1,0,1,0
0.16246749609731476,-0.748079855318371,0.0,0.0,0.0,0.0,0.0,0.0,1.0,0.0,0,1,0,0,0,0,0,1,1,1,0,1,0
0.3170146171127639,1.002895784642934,1.0,1.0,0.0,0.0,0.0,0.0,1.0,0.0,1,0,1,1,0,0,0,0,0,1,0,1,0
1.2010906212011416,0.9214550572028734,0.0,1.0,0.0,1.0,0.0,0.0,0.0,1.0,1,1,1,1,1,0,0,0,1,0,0,1,0
-1.479387940066815,-1.2774445836787656,1.0,0.0,1.0,0.0,0.0,0.0,0.0,1.0,0,0,0,0,0,0,0,0,0,1,0,1,0
-0.49394231896830415,-1.2774445836787656,1.0,0.0,0.0,0.0,0.0,0.0,0.0,1.0,0,0,1,0,0,0,0,1,0,1,1,1,0
1.068146861187852,-0.38159658183809786,1.0,1.0,0.0,0.0,0.0,1.0,0.0,0.0,0,0,0,1,0,0,1,1,1,1,0,1,0
1.182810854199314,-0.7888002190384014,0.0,1.0,0.0,0.0,0.0,0.0,1.0,0.0,0,1,0,1,1,0,0,0,1,1,1,1,0
1.3074456292117733,0.5956921474426305,1.0,1.0,0.0,0.0,0.0,0.0,1.0,0.0,1,1,0,1,0,1,1,0,1,1,0,1,0
-1.4843733310673135,0.22920887396235737,1.0,0.0,1.0,1.0,0.0,0.0,0.0,1.0,0,0,0,0,0,0,0,0,0,0,0,1,0
0.3386179781149237,0.22920887396235737,0.0,1.0,0.0,0.0,0.0,0.0,0.0,0.0,1,0,0,1,0,0,0,0,0,1,1,1,1
-0.2729233179462098,-1.2367242199587352,0.0,0.0,0.0,0.0,0.0,1.0,0.0,0.0,0,0,0,1,0,1,0,0,0,1,0,1,1
-0.5155456799704636,-1.2774445836787656,1.0,0.0,0.0,0.0,0.0,1.0,0.0,0.0,1,0,1,0,0,0,0,1,0,1,1,1,1
0.12756975909382579,-0.7073594915983407,1.0,1.0,0.0,0.0,0.0,0.0,0.0,0.0,1,0,0,0,0,0,0,0,0,1,0,1,0
0.142525932095321,-0.2594354906780068,0.0,1.0,0.0,0.0,0.0,1.0,0.0,0.0,0,0,0,0,0,0,0,0,0,1,0,1,0
-1.4976677070686424,0.10704778280226633,0.0,0.0,1.0,0.0,1.0,1.0,0.0,0.0,1,0,1,0,0,0,0,0,0,0,0,1,0
-1.4860351280674797,-1.1960038562387048,1.0,0.0,1.0,0.0,0.0,0.0,0.0,1.0,0,0,1,0,0,0,0,0,0,1,0,1,0
1.2941512532104444,0.7178532386027215,1.0,1.0,0.0,0.0,0.0,0.0,1.0,0.0,1,1,1,1,0,1,0,1,1,0,1,1,0
0.9850570111795457,0.3920903288424788,1.0,1.0,0.0,0.0,0.0,0.0,1.0,0.0,1,1,0,1,1,0,1,0,0,1,0,1,0
-0.32610082195152557,-0.9109613101984924,1.0,0.0,0.0,0.0,0.0,1.0,0.0,0.0,1,0,0,0,1,0,0,1,0,1,0,1,0
0.9617918531772199,1.1657772395230555,0.0,1.0,0.0,1.0,0.0,0.0,0.0,0.0,1,1,0,0,1,1,0,1,0,0,0,1,0
1.5118466602322065,1.4508197855632678,0.0,1.0,0.0,0.0,1.0,1.0,0.0,0.0,0,1,0,1,1,1,0,1,1,0,0,1,0
1.1346187411944968,-0.9109613101984924,1.0,1.0,0.0,1.0,0.0,0.0,1.0,0.0,0,1,0,0,1,0,1,0,1,1,0,1,0
0.830509890164096,1.3286586944031769,1.0,1.0,0.0,1.0,0.0,0.0,1.0,0.0,1,0,0,1,1,1,1,0,0,0,1,1,0
0.5214156481331973,1.6137012404433893,0.0,0.0,0.0,0.0,1.0,0.0,0.0,0.0,1,1,1,0,1,0,1,1,1,1,0,1,0
0.48651791112970877,0.9214550572028734,1.0,1.0,0.0,0.0,0.0,0.0,1.0,0.0,1,0,1,0,0,1,0,1,0,0,0,1,0
-1.477726143066649,-1.2774445836787656,0.0,0.0,1.0,0.0,0.0,0.0,0.0,1.0,0,0,0,0,0,0,0,0,0,1,1,1,0
-0.0651986929254444,-1.0331224013585834,0.0,0.0,0.0,0.0,0.0,0.0,0.0,0.0,0,1,0,0,0,0,1,1,0,0,0,1,0
0.33695618111475767,-1.2367242199587352,0.0,1.0,0.0,0.0,0.0,0.0,0.0,1.0,0,0,0,1,0,0,0,0,0,1,0,1,0
0.33529438411459117,-0.9516816739185228,0.0,1.0,0.0,0.0,0.0,0.0,1.0,0.0,0,0,0,0,1,0,0,0,0,1,0,1,0
-1.2932666760482092,-0.21871512695797646,1.0,0.0,1.0,0.0,1.0,1.0,0.0,0.0,0,0,1,1,0,0,0,0,0,1,0,1,0
1.2359883582046303,-1.0331224013585834,1.0,1.0,0.0,0.0,0.0,0.0,1.0,0.0,1,1,0,1,0,0,1,0,1,1,1,1,1
0.11759897709282914,1.2879383306831464,0.0,0.0,0.0,0.0,1.0,0.0,0.0,1.0,1,1,0,0,0,1,1,1,0,1,0,1,0
-0.5437962289732878,1.5322605130033284,1.0,0.0,0.0,0.0,1.0,0.0,0.0,0.0,0,1,0,0,1,0,1,1,0,0,0,0,0
0.9717626351782166,-1.2367242199587352,1.0,1.0,0.0,0.0,0.0,0.0,1.0,0.0,0,1,0,1,0,0,0,0,1,1,1,1,1
1.3390197722149297,1.4100994218432374,1.0,1.0,0.0,0.0,1.0,0.0,1.0,0.0,0,1,0,0,1,1,0,1,1,1,0,1,1
0.8155537171626008,0.5142514200025698,0.0,1.0,0.0,0.0,0.0,1.0,0.0,0.0,0,0,0,1,0,1,0,0,1,1,1,1,0
-1.3165318340505352,-0.3408762181180675,0.0,0.0,1.0,0.0,1.0,1.0,0.0,0.0,0,0,0,1,0,0,0,0,0,0,0,1,0
-1.504314895069307,-1.1552834925186746,1.0,0.0,1.0,0.0,1.0,1.0,0.0,0.0,1,0,1,0,0,0,0,0,0,0,0,1,0
0.9368648981747281,0.47353105628253944,1.0,1.0,0.0,0.0,0.0,0.0,0.0,0.0,1,1,1,0,0,0,1,0,1,1,0,1,0
-1.46443176706532,1.6137012404433893,0.0,0.0,1.0,0.0,1.0,0.0,0.0,1.0,1,0,1,0,0,0,0,0,0,1,0,1,0
0.3170146171127639,-1.2774445836787656,0.0,1.0,0.0,0.0,0.0,1.0,0.0,0.0,0,0,0,0,0,1,0,0,0,1,1,1,0
-1.5093002860698053,1.369379058123207,1.0,0.0,1.0,0.0,1.0,0.0,0.0,0.0,0,0,0,0,0,0,0,0,0,0,0,1,0
-0.6684310039857471,-1.2774445836787656,1.0,0.0,0.0,0.0,0.0,0.0,0.0,1.0,0,1,0,0,0,1,0,1,0,1,1,0,0
0.641065032145158,-0.7888002190384014,1.0,1.0,0.0,0.0,0.0,0.0,1.0,0.0,1,1,1,0,1,0,0,0,0,0,1,1,0
0.5297246331340278,-0.9109613101984924,1.0,1.0,0.0,0.0,0.0,0.0,0.0,0.0,0,0,0,1,0,1,0,0,0,1,1,1,0
1.3157546142126038,1.3286586944031769,1.0,1.0,0.0,0.0,0.0,0.0,1.0,0.0,1,1,0,1,0,1,1,0,1,1,0,1,1
-1.502653098069141,-1.2774445836787656,1.0,0.0,1.0,0.0,0.0,0.0,0.0,1.0,0,0,1,0,0,0,0,0,0,0,0,1,0
0.3087056321119333,0.22920887396235737,1.0,0.0,0.0,1.0,0.0,0.0,1.0,0.0,1,0,1,0,1,1,1,1,1,0,0,1,0
-0.8196545310008642,-0.38159658183809786,1.0,0.0,0.0,0.0,1.0,0.0,0.0,1.0,0,0,1,0,1,0,1,1,0,0,0,0,0
-1.4843733310673135,-0.9109613101984924,0.0,0.0,1.0,1.0,0.0,0.0,0.0,1.0,1,0,0,0,0,0,0,0,0,0,0,1,0
1.2276793732037996,-1.1552834925186746,1.0,1.0,0.0,0.0,0.0,0.0,1.0,0.0,0,1,1,1,0,1,0,0,1,1,1,1,0
0.6244470621434968,1.6137012404433893,1.0,0.0,0.0,0.0,1.0,1.0,0.0,0.0,1,1,1,1,1,0,1,1,1,1,0,1,0
-0.2629525359452129,0.10704778280226633,0.0,0.0,0.0,0.0,0.0,0.0,1.0,0.0,1,0,0,0,0,1,0,1,0,0,0,1,0
-1.4744025490663168,-1.2774445836787656,0.0,0.0,1.0,0.0,0.0,0.0,0.0,1.0,0,0,0,0,0,0,0,0,0,0,1,1,0
-1.502653098069141,1.0436161483629645,0.0,0.0,1.0,0.0,1.0,1.0,0.0,0.0,1,0,1,0,0,0,0,0,0,0,0,1,0
1.3755793062185846,1.5322605130033284,1.0,1.0,0.0,1.0,0.0,0.0,1.0,0.0,1,1,1,0,0,1,1,1,1,1,0,1,0
0.47156173812821356,0.22920887396235737,1.0,0.0,0.0,1.0,0.0,1.0,0.0,0.0,1,1,1,1,0,1,1,0,1,0,0,1,0
-0.4989277099688025,1.125056875803025,0.0,0.0,0.0,0.0,0.0,0.0,1.0,0.0,1,1,1,0,0,1,0,0,1,1,0,0,0
0.9185851311729007,-0.2594354906780068,1.0,1.0,0.0,0.0,0.0,1.0,0.0,0.0,0,0,0,1,1,1,0,0,1,1,0,1,0
-0.21808401694072754,-0.9924020376385531,0.0,0.0,0.0,1.0,0.0,0.0,0.0,0.0,0,0,0,0,1,1,0,1,0,0,0,1,0
1.2575917192067896,0.35136996512244845,1.0,1.0,0.0,1.0,0.0,0.0,1.0,0.0,1,1,1,1,0,0,1,1,1,1,1,1,0
0.9036289581714056,0.14776814652229667,0.0,1.0,0.0,0.0,0.0,1.0,0.0,0.0,1,0,0,1,0,1,0,0,1,1,0,1,1
0.016229360082695727,0.880734693482843,1.0,0.0,0.0,1.0,0.0,0.0,0.0,0.0,0,1,0,0,0,0,1,1,0,0,0,1,1
1.3705939152180862,1.5729808767233588,1.0,1.0,0.0,0.0,1.0,0.0,0.0,0.0,1,1,1,1,0,1,1,0,1,1,1,1,0
0.2771314891087769,0.9214550572028734,0.0,1.0,0.0,0.0,0.0,0.0,1.0,0.0,0,0,0,1,0,0,0,0,0,1,0,1,0
-0.16656830993557784,1.6137012404433893,0.0,0.0,0.0,0.0,1.0,0.0,0.0,0.0,0,0,0,1,1,1,0,0,0,0,0,1,0
-0.32111543095102724,-1.1960038562387048,0.0,0.0,0.0,0.0,0.0,0.0,0.0,1.0,0,0,1,0,1,0,0,1,0,1,1,1,0
-0.16490651293541178,0.880734693482843,0.0,0.0,0.0,0.0,1.0,0.0,0.0,0.0,1,0,1,1,0,1,1,0,0,1,0,1,0
1.722894879253304,1.6137012404433893,1.0,1.0,0.0,0.0,1.0,0.0,0.0,0.0,1,1,1,1,1,1,1,1,1,1,0,1,0
1.48027251722905,0.7992939660427822,1.0,1.0,0.0,0.0,1.0,0.0,1.0,0.0,0,1,0,1,1,0,1,1,1,1,0,1,0
1.217708591202803,1.125056875803025,0.0,1.0,0.0,1.0,0.0,0.0,0.0,0.0,0,1,0,1,1,0,0,0,1,1,0,1,1
-0.4690153639658123,0.26992923768238775,0.0,0.0,0.0,0.0,0.0,1.0,0.0,0.0,0,1,0,0,0,0,1,0,1,1,0,0,0
-0.28621769394753876,-0.7073594915983407,0.0,0.0,0.0,1.0,0.0,0.0,0.0,1.0,0,0,0,0,0,0,0,0,1,0,0,1,0
1.3872118852197473,1.4915401492832983,1.0,1.0,0.0,0.0,1.0,0.0,0.0,0.0,0,1,0,1,0,0,1,1,1,1,1,1,0
-1.5142856770703037,0.43281069256250915,1.0,0.0,1.0,1.0,0.0,0.0,0.0,1.0,1,0,1,0,0,0,0,0,0,1,0,1,0
0.6061672951416694,1.247217966963116,0.0,0.0,0.0,1.0,0.0,0.0,0.0,0.0,0,0,0,1,1,1,1,1,1,0,0,1,1
0.1774236690988095,-1.2367242199587352,1.0,1.0,0.0,0.0,0.0,0.0,1.0,0.0,1,0,0,0,0,0,0,0,0,0,0,1,1
1.4470365772257276,1.6137012404433893,0.0,1.0,0.0,0.0,1.0,0.0,0.0,0.0,1,1,1,0,1,1,1,1,1,1,0,1,0
0.8737166121684152,-0.015113308357824713,0.0,1.0,0.0,0.0,0.0,0.0,0.0,0.0,1,1,1,1,0,0,1,0,0,1,1,1,0
-1.3132082400502028,0.3106496014024181,1.0,0.0,1.0,0.0,1.0,1.0,0.0,0.0,1,0,1,1,0,0,0,0,0,0,0,1,0
-0.6451658459834212,1.0436161483629645,0.0,0.0,0.0,1.0,0.0,0.0,1.0,0.0,1,0,0,0,1,1,0,0,1,1,0,0,0
-0.6933579589882389,1.4100994218432374,1.0,0.0,0.0,0.0,1.0,0.0,1.0,0.0,0,0,0,0,1,0,0,1,1,0,0,0,0
0.4233696251233959,0.758573602322752,0.0,1.0,0.0,0.0,0.0,0.0,1.0,0.0,1,0,0,1,1,0,0,0,0,1,1,1,1
0.4831943171293762,-0.055833672077855064,1.0,0.0,0.0,1.0,0.0,0.0,0.0,1.0,1,1,0,1,0,0,1,1,1,1,0,1,0
0.6693155811479823,1.4915401492832983,1.0,1.0,0.0,0.0,0.0,1.0,0.0,0.0,1,0,0,1,1,1,0,0,0,1,0,1,1
0.4815325201292102,-0.015113308357824713,1.0,1.0,0.0,1.0,0.0,0.0,1.0,0.0,1,0,0,1,0,0,0,1,0,1,0,1,0
0.2089978121019659,-0.46303730927815856,0.0,0.0,0.0,0.0,1.0,1.0,0.0,0.0,0,0,0,0,1,1,0,1,1,0,0,1,0
-0.3659839499555126,0.7992939660427822,1.0,0.0,0.0,1.0,0.0,0.0,1.0,0.0,0,0,0,0,1,0,1,0,0,0,0,1,0
-1.3464441800535252,1.6137012404433893,0.0,0.0,1.0,0.0,1.0,1.0,0.0,0.0,1,0,1,1,0,0,0,0,0,0,0,1,0
-0.3510277769540174,1.6137012404433893,0.0,0.0,0.0,0.0,1.0,0.0,1.0,0.0,1,1,0,0,0,1,1,0,1,1,1,0,0
-0.681725379987076,0.7992939660427822,1.0,0.0,0.0,1.0,0.0,0.0,0.0,0.0,1,1,1,0,1,0,1,0,0,0,0,0,0
-0.4889569279678058,0.35136996512244845,0.0,0.0,0.0,1.0,0.0,0.0,0.0,0.0,0,0,0,0,0,0,0,1,0,0,0,1,0
-1.4827115340671475,0.35136996512244845,1.0,0.0,1.0,0.0,1.0,0.0,0.0,1.0,0,0,0,0,0,0,0,0,0,0,0,1,0
0.14917312009598557,-1.0738427650786138,0.0,1.0,0.0,0.0,0.0,0.0,0.0,1.0,0,0,0,0,0,0,0,0,0,1,1,1,0
0.15249671409631763,1.4100994218432374,1.0,0.0,0.0,1.0,0.0,1.0,0.0,0.0,1,0,1,1,1,1,1,1,0,1,0,1,0
-1.5093002860698053,-0.6666391278783103,0.0,0.0,1.0,0.0,0.0,0.0,0.0,1.0,1,0,1,0,0,0,0,0,0,0,0,1,0
-1.51594747407047,-0.62591876415828,1.0,0.0,1.0,0.0,1.0,0.0,0.0,1.0,0,0,0,0,0,0,0,0,0,0,0,1,0
-0.12502338493142473,0.10704778280226633,1.0,0.0,0.0,0.0,0.0,0.0,0.0,1.0,1,0,0,0,1,1,1,0,0,0,0,1,0
-1.4710789550659844,1.0436161483629645,0.0,0.0,1.0,0.0,1.0,1.0,0.0,0.0,1,0,1,0,0,0,0,0,0,0,0,1,0
-0.4740007549663106,-1.2774445836787656,1.0,0.0,0.0,0.0,0.0,0.0,1.0,0.0,0,0,0,0,0,0,1,0,0,1,1,1,0
-0.48397153696730727,0.7992939660427822,1.0,0.0,0.0,0.0,1.0,0.0,0.0,1.0,1,0,1,0,0,1,1,1,1,0,0,0,0
0.4931650991303729,1.5322605130033284,0.0,0.0,0.0,0.0,1.0,0.0,0.0,0.0,0,1,0,0,1,0,1,1,1,0,0,1,0
-1.3248408190513656,-0.5444780367182193,0.0,0.0,1.0,0.0,1.0,0.0,0.0,0.0,1,0,1,1,0,0,0,0,0,1,0,1,0
0.32033821111309646,-1.2774445836787656,1.0,1.0,0.0,0.0,0.0,0.0,1.0,0.0,0,0,0,1,0,0,0,0,0,1,1,1,1
1.4005062612210766,0.10704778280226633,0.0,1.0,0.0,0.0,0.0,0.0,1.0,0.0,1,1,1,0,1,0,1,1,1,1,0,1,0
1.2160467942026365,-0.015113308357824713,0.0,1.0,0.0,0.0,0.0,0.0,1.0,0.0,0,1,0,1,0,0,1,0,1,1,0,1,0
-0.31280644595019663,-0.62591876415828,0.0,0.0,0.0,0.0,0.0,1.0,0.0,0.0,1,0,1,0,1,0,0,1,0,1,0,1,0
-0.47233895796614456,1.4100994218432374,0.0,0.0,0.0,1.0,0.0,1.0,0.0,0.0,1,0,1,0,0,1,0,0,0,0,0,1,0
-1.504314895069307,-0.9516816739185228,0.0,0.0,1.0,0.0,0.0,0.0,0.0,0.0,0,0,0,0,0,0,0,0,0,0,0,1,0
0.4881797081298748,-0.055833672077855064,1.0,0.0,0.0,1.0,0.0,0.0,0.0,1.0,0,1,1,1,0,1,0,1,1,1,1,1,0
0.8604222361670865,-1.1552834925186746,1.0,1.0,0.0,0.0,0.0,0.0,1.0,0.0,0,0,0,1,1,0,0,0,1,0,0,1,0
0.8338334841644282,1.0436161483629645,1.0,1.0,0.0,1.0,0.0,0.0,0.0,0.0,1,0,1,1,1,1,0,1,0,1,0,1,1
0.4732235351283796,1.125056875803025,1.0,0.0,0.0,1.0,0.0,0.0,0.0,1.0,0,1,0,0,1,0,1,1,1,0,0,1,0
1.325725396213601,1.0436161483629645,1.0,1.0,0.0,1.0,0.0,0.0,1.0,0.0,0,1,0,1,0,0,1,1,1,1,1,1,0
-1.502653098069141,-1.2774445836787656,1.0,0.0,1.0,0.0,0.0,0.0,0.0,1.0,0,0,0,0,0,0,0,0,0,0,0,1,0
-1.491020519067978,-0.21871512695797646,0.0,0.0,1.0,0.0,1.0,0.0,0.0,1.0,1,0,1,0,0,0,0,0,0,0,0,1,0
1.7112623002521414,1.369379058123207,1.0,1.0,0.0,1.0,0.0,0.0,1.0,0.0,1,1,1,1,1,1,1,1,1,1,0,1,1
0.7640380101574512,-0.7073594915983407,1.0,1.0,0.0,0.0,0.0,0.0,0.0,0.0,0,0,0,1,1,0,0,0,1,1,0,1,0
1.1728400721983174,0.5956921474426305,1.0,1.0,0.0,0.0,0.0,0.0,1.0,0.0,1,1,0,1,0,0,1,0,1,1,1,1,1
0.5496661971360212,0.35136996512244845,0.0,1.0,0.0,0.0,0.0,1.0,0.0,0.0,0,0,0,1,1,0,0,0,0,1,0,1,0
-0.6800635829869099,1.0843365120829946,1.0,0.0,0.0,0.0,0.0,0.0,1.0,0.0,1,1,0,0,0,0,0,0,1,1,0,0,0
0.1857326540996401,0.7178532386027215,0.0,1.0,0.0,0.0,1.0,1.0,0.0,0.0,0,0,1,0,0,0,0,0,0,0,0,1,0
-0.6750781919864114,-0.62591876415828,1.0,0.0,0.0,1.0,0.0,1.0,0.0,0.0,1,0,1,0,1,0,1,0,1,0,0,0,0
-0.518869273970796,-1.0738427650786138,1.0,0.0,0.0,0.0,0.0,0.0,1.0,0.0,1,0,1,0,1,0,0,0,0,1,0,1,0
-1.1736172920362484,0.758573602322752,1.0,0.0,0.0,0.0,0.0,1.0,0.0,0.0,1,0,0,0,0,1,0,0,0,1,0,0,1
1.1894580421999785,0.47353105628253944,1.0,1.0,0.0,0.0,0.0,0.0,1.0,0.0,0,1,0,0,0,1,0,1,1,0,1,1,0
0.682609957149311,0.6771328748826912,1.0,1.0,0.0,0.0,0.0,1.0,0.0,0.0,1,0,0,0,0,1,0,0,1,1,0,1,0
1.0266019361836989,-1.2367242199587352,1.0,1.0,0.0,0.0,0.0,0.0,1.0,0.0,0,1,0,0,0,1,0,0,1,0,1,1,0
0.14418772909548702,1.0843365120829946,1.0,0.0,0.0,1.0,0.0,0.0,0.0,1.0,1,1,0,1,1,0,0,1,0,1,0,1,0
0.1857326540996401,0.7178532386027215,1.0,0.0,0.0,0.0,0.0,0.0,0.0,0.0,0,0,0,1,1,1,0,0,1,1,0,1,1
-1.4677553610656522,1.0843365120829946,0.0,0.0,1.0,0.0,1.0,0.0,0.0,1.0,1,0,1,0,0,0,0,0,0,0,0,1,0
0.31202922611226586,-0.5851984004382496,1.0,1.0,0.0,0.0,0.0,0.0,0.0,1.0,0,0,0,1,0,0,0,0,0,0,0,1,0
0.3419415721152558,-0.9109613101984924,1.0,1.0,0.0,0.0,0.0,0.0,1.0,0.0,0,0,0,1,0,0,0,0,0,0,0,1,0
-0.6700928009859131,-0.748079855318371,1.0,0.0,0.0,1.0,0.0,0.0,1.0,0.0,1,0,0,0,0,0,0,0,0,0,0,1,0
-1.439504812062828,0.10704778280226633,1.0,0.0,1.0,0.0,1.0,0.0,0.0,0.0,0,0,0,0,0,0,0,0,0,0,0,1,0
-0.7083141319897339,-0.9924020376385531,1.0,0.0,0.0,1.0,0.0,0.0,0.0,1.0,1,0,1,0,0,0,0,0,0,1,0,1,0
-1.4860351280674797,-0.5851984004382496,1.0,0.0,1.0,1.0,0.0,0.0,0.0,0.0,1,0,1,0,0,0,0,0,0,0,0,1,0
0.9767480261787151,1.125056875803025,0.0,1.0,0.0,1.0,0.0,0.0,0.0,0.0,1,0,1,1,1,1,0,0,1,0,0,1,0
0.9850570111795457,-1.2774445836787656,0.0,1.0,0.0,0.0,0.0,0.0,1.0,0.0,0,1,0,0,0,0,1,0,1,0,1,1,0
-1.502653098069141,-1.0738427650786138,0.0,0.0,1.0,0.0,1.0,0.0,0.0,1.0,0,0,0,0,0,0,0,0,0,0,0,1,0
0.37019212111808014,-0.5444780367182193,0.0,0.0,0.0,0.0,0.0,0.0,0.0,1.0,0,0,1,1,1,1,0,1,1,1,0,1,0
-0.020330173920958795,0.8400143297628127,1.0,0.0,0.0,1.0,0.0,0.0,0.0,0.0,1,0,1,1,1,1,0,1,0,0,0,1,0
1.4885815022298807,1.6137012404433893,1.0,1.0,0.0,0.0,1.0,0.0,0.0,0.0,1,1,0,1,1,1,1,0,1,1,0,1,1
1.5301264272340338,1.125056875803025,0.0,1.0,0.0,0.0,1.0,1.0,0.0,0.0,1,1,0,1,0,1,1,1,1,1,0,1,0
-0.3244390249513595,-1.2774445836787656,0.0,0.0,0.0,0.0,0.0,1.0,0.0,0.0,0,0,0,0,0,0,0,0,1,1,1,1,0
-0.37595473195650925,-0.7888002190384014,0.0,0.0,0.0,0.0,0.0,0.0,0.0,1.0,0,0,1,0,0,0,1,1,0,0,0,1,0
0.1724382780983114,-1.1145631287986442,0.0,1.0,0.0,0.0,0.0,1.0,0.0,0.0,1,0,1,0,0,0,0,0,0,0,0,1,0
1.219370388202969,-1.2774445836787656,1.0,1.0,0.0,0.0,0.0,0.0,1.0,0.0,0,1,0,1,0,0,1,0,1,1,1,1,0
1.071470455188184,-0.7888002190384014,1.0,1.0,0.0,0.0,0.0,0.0,1.0,0.0,1,1,1,0,0,0,1,0,1,0,0,1,0
0.85876043916692,0.18848851024232702,1.0,0.0,0.0,1.0,0.0,0.0,0.0,0.0,0,1,0,1,1,1,1,1,1,1,0,1,0
0.2920876621102721,1.2879383306831464,1.0,1.0,0.0,0.0,0.0,0.0,0.0,1.0,1,0,0,0,1,0,0,0,0,1,0,1,0
0.10596639809166647,-1.1145631287986442,0.0,0.0,0.0,0.0,0.0,0.0,0.0,0.0,1,0,0,1,0,0,1,1,1,0,1,1,0
0.9833952141793793,1.1657772395230555,0.0,1.0,0.0,0.0,1.0,0.0,0.0,0.0,1,1,0,1,0,1,0,1,0,1,0,1,0
0.1574821050968162,-1.2774445836787656,0.0,1.0,0.0,0.0,0.0,0.0,1.0,0.0,0,0,0,0,0,0,0,0,0,1,1,1,0
-1.5259182560714666,-1.2774445836787656,1.0,0.0,1.0,0.0,0.0,0.0,0.0,1.0,0,0,0,0,0,0,0,0,0,1,1,1,0
-1.5076384890696393,-0.2594354906780068,1.0,0.0,1.0,1.0,0.0,0.0,0.0,1.0,0,0,0,0,0,0,0,0,0,0,0,1,0
0.14751132309581955,-1.2774445836787656,0.0,1.0,0.0,0.0,0.0,0.0,1.0,0.0,0,0,0,0,0,0,0,0,0,1,1,1,0
-1.4960059100684764,-0.3408762181180675,1.0,0.0,1.0,0.0,1.0,0.0,0.0,1.0,1,0,0,0,0,0,0,0,0,0,0,1,0
-0.33773340095268845,-0.62591876415828,1.0,0.0,0.0,1.0,0.0,0.0,1.0,0.0,1,1,0,0,0,0,1,1,1,0,0,0,0
-1.1619847130350858,-0.2594354906780068,0.0,0.0,0.0,0.0,0.0,0.0,0.0,1.0,0,0,1,0,0,0,1,0,0,1,0,0,0
0.16246749609731476,-1.2774445836787656,1.0,1.0,0.0,0.0,0.0,0.0,1.0,0.0,0,0,0,0,0,0,0,0,0,1,1,1,0
1.2326647642042976,0.3106496014024181,1.0,1.0,0.0,0.0,0.0,0.0,1.0,0.0,1,1,0,1,1,0,0,0,1,0,1,1,1
1.2725478922082847,0.7992939660427822,1.0,1.0,0.0,0.0,0.0,0.0,1.0,0.0,0,1,0,1,0,1,1,0,1,1,0,1,0
0.5829021371393436,-1.2774445836787656,0.0,1.0,0.0,0.0,0.0,0.0,1.0,0.0,0,0,0,0,0,1,1,0,0,1,1,1,0
-1.477726143066649,-1.2774445836787656,1.0,0.0,1.0,0.0,0.0,0.0,0.0,1.0,0,0,0,0,0,0,0,0,0,0,0,1,0
-0.9858342310174765,-0.46303730927815856,0.0,0.0,0.0,0.0,1.0,0.0,0.0,1.0,0,0,0,0,1,0,0,1,0,0,0,0,0
1.3606231332170895,1.4100994218432374,0.0,1.0,0.0,1.0,0.0,0.0,0.0,0.0,1,1,0,1,0,1,1,0,1,1,0,1,0
-0.28289409994720643,0.47353105628253944,0.0,0.0,0.0,0.0,0.0,0.0,0.0,0.0,1,0,1,0,1,0,0,1,0,0,0,1,0
-0.1466267459335843,1.5322605130033284,1.0,0.0,0.0,1.0,0.0,0.0,1.0,0.0,1,1,1,0,0,1,1,1,1,0,0,0,0
0.4815325201292102,-1.1960038562387048,1.0,1.0,0.0,0.0,0.0,0.0,1.0,0.0,0,0,0,0,0,0,0,0,1,0,1,1,0
-0.16490651293541178,0.9621754209229036,1.0,0.0,0.0,0.0,1.0,0.0,0.0,0.0,1,0,1,0,1,1,1,0,0,1,0,1,0
0.6593447991469852,-0.7888002190384014,0.0,1.0,0.0,0.0,0.0,0.0,1.0,0.0,0,1,0,1,0,0,0,0,0,1,1,1,0
0.9518210711762233,1.0436161483629645,0.0,1.0,0.0,0.0,0.0,0.0,0.0,0.0,1,1,1,1,1,1,0,0,0,1,1,1,0
0.9784098231788811,0.3920903288424788,0.0,1.0,0.0,0.0,0.0,0.0,1.0,0.0,1,1,1,1,0,0,0,0,1,1,1,1,0
-1.3198554280508674,-1.2774445836787656,1.0,0.0,0.0,0.0,0.0,0.0,1.0,0.0,1,0,0,0,0,0,0,0,0,0,1,0,1
1.1595456961969886,0.5549717837226001,0.0,1.0,0.0,0.0,1.0,0.0,0.0,1.0,1,1,1,1,1,0,1,1,0,0,0,1,0
-0.4690153639658123,1.247217966963116,0.0,0.0,0.0,0.0,1.0,0.0,0.0,0.0,1,0,1,0,1,0,0,0,0,1,0,1,0
-0.12834697893175703,-0.8702409464784621,1.0,0.0,0.0,0.0,0.0,0.0,1.0,0.0,0,0,0,0,0,1,1,1,0,1,0,1,0
-0.1698919039359101,-0.7073594915983407,1.0,0.0,0.0,0.0,0.0,0.0,0.0,0.0,1,0,1,1,0,0,1,1,0,1,0,1,0
-0.0020504069191315333,1.6137012404433893,1.0,0.0,0.0,0.0,1.0,0.0,1.0,0.0,1,1,0,0,1,1,1,1,1,1,0,0,0
-1.3181936310507012,-0.13727439951791576,0.0,0.0,0.0,0.0,0.0,1.0,0.0,0.0,0,0,0,0,0,0,0,0,0,1,1,0,0
-0.5255164619714603,-1.2774445836787656,1.0,0.0,0.0,0.0,0.0,0.0,1.0,0.0,0,0,1,0,0,0,1,0,0,0,1,1,0
-0.32942441595185784,-1.0738427650786138,0.0,0.0,0.0,0.0,0.0,0.0,1.0,0.0,1,0,1,0,0,0,0,0,1,0,0,1,0
-0.6468276429835875,-1.2774445836787656,1.0,0.0,0.0,0.0,0.0,0.0,1.0,0.0,0,0,0,0,0,0,0,0,0,0,1,1,0
0.8836873941694119,1.247217966963116,1.0,1.0,0.0,1.0,0.0,0.0,1.0,0.0,1,1,1,1,0,1,0,0,0,1,0,1,0
0.7008897241511383,-1.2367242199587352,1.0,1.0,0.0,0.0,0.0,0.0,1.0,0.0,0,1,0,0,0,0,1,0,0,1,1,1,0
-1.3181936310507012,-0.5851984004382496,0.0,0.0,1.0,0.0,1.0,0.0,0.0,1.0,1,0,1,1,0,0,0,0,0,0,0,1,0
-1.0223937650211312,0.43281069256250915,0.0,0.0,0.0,0.0,0.0,0.0,0.0,0.0,1,0,0,0,1,0,0,1,0,0,0,0,0
-0.626886078981594,-0.7073594915983407,0.0,0.0,0.0,1.0,0.0,0.0,0.0,1.0,0,0,0,0,1,1,1,1,0,0,0,0,0
1.0116457631822036,-0.9109613101984924,1.0,1.0,0.0,0.0,0.0,0.0,1.0,0.0,0,1,1,1,0,0,0,0,1,0,1,1,0
-1.4710789550659844,0.9214550572028734,1.0,0.0,1.0,0.0,1.0,0.0,0.0,1.0,1,0,1,0,0,0,0,0,0,0,0,1,0
1.1911198392001445,0.6771328748826912,1.0,1.0,0.0,1.0,0.0,0.0,0.0,0.0,0,1,1,1,0,0,0,1,1,1,1,1,0
-0.31446824295036285,-1.0738427650786138,1.0,0.0,0.0,0.0,0.0,0.0,0.0,1.0,1,0,1,0,0,1,1,0,0,1,1,1,0
-1.4760643460664828,1.5322605130033284,1.0,0.0,1.0,0.0,1.0,1.0,0.0,0.0,1,0,1,0,0,0,0,0,0,0,0,1,0
0.33529438411459117,-1.2367242199587352,1.0,1.0,0.0,0.0,0.0,0.0,0.0,1.0,0,0,0,1,0,0,0,0,0,1,1,1,1
-0.952598291014154,1.247217966963116,1.0,0.0,0.0,1.0,0.0,0.0,0.0,0.0,1,0,0,0,1,0,0,1,0,0,0,0,1
0.034509127084522986,-0.30015585439803716,0.0,0.0,0.0,0.0,0.0,0.0,0.0,0.0,0,1,0,0,0,1,0,1,0,1,0,1,0
-1.4760643460664828,-0.5851984004382496,0.0,0.0,1.0,1.0,0.0,0.0,0.0,0.0,0,0,0,0,0,0,0,0,0,0,0,1,1
1.3639467272174215,-0.1779947632379461,1.0,1.0,0.0,0.0,0.0,0.0,1.0,0.0,1,1,0,1,0,1,0,1,1,1,0,1,1
1.0631614701873533,0.8400143297628127,0.0,1.0,0.0,1.0,0.0,0.0,0.0,1.0,0,1,0,0,1,1,0,1,0,1,0,1,1
1.249282734205959,0.10704778280226633,1.0,1.0,0.0,1.0,0.0,0.0,0.0,0.0,0,1,0,0,0,1,1,0,1,1,1,1,0
-1.341458789053027,-1.2774445836787656,1.0,0.0,0.0,0.0,0.0,0.0,0.0,1.0,0,0,0,0,0,0,0,0,0,0,0,0,0
1.6913207362501481,1.5322605130033284,1.0,1.0,0.0,1.0,0.0,1.0,0.0,0.0,1,1,0,1,1,1,1,1,1,0,1,1,0
0.5014740841312035,-1.2367242199587352,1.0,1.0,0.0,0.0,0.0,0.0,1.0,0.0,0,0,0,0,0,0,1,1,0,1,1,1,0
0.27546969210861083,-0.2594354906780068,0.0,0.0,0.0,0.0,0.0,0.0,1.0,0.0,1,1,0,0,0,1,0,1,1,1,0,1,0
-0.013682985920294679,0.06632741908223598,0.0,0.0,0.0,1.0,0.0,0.0,1.0,0.0,0,1,0,0,1,1,0,0,0,0,0,1,0
-1.4710789550659844,-0.5444780367182193,0.0,0.0,1.0,0.0,1.0,0.0,0.0,1.0,0,0,1,0,0,0,0,0,0,0,0,1,0
0.3735157151184122,-0.7073594915983407,1.0,1.0,0.0,0.0,0.0,0.0,0.0,1.0,0,0,0,1,0,0,0,0,0,1,1,1,0
-0.3327480099521901,1.2064976032430856,0.0,0.0,0.0,1.0,0.0,1.0,0.0,0.0,1,0,1,0,1,0,1,0,0,0,0,1,0
1.329048990213933,0.3920903288424788,0.0,1.0,0.0,0.0,0.0,0.0,0.0,0.0,0,1,0,1,0,1,1,0,1,1,1,1,1
0.32864719611392706,-0.9516816739185228,0.0,0.0,0.0,0.0,0.0,0.0,1.0,0.0,0,1,0,0,1,1,0,0,1,1,1,1,0
-0.4523973939641511,-0.3408762181180675,1.0,0.0,0.0,0.0,0.0,0.0,1.0,0.0,0,0,0,0,1,0,0,0,0,1,0,1,0
-0.7581680419947175,1.4508197855632678,1.0,0.0,0.0,0.0,1.0,0.0,1.0,0.0,1,0,0,0,1,1,1,0,0,1,0,0,1
-0.34604238595351905,-0.055833672077855064,1.0,0.0,0.0,0.0,0.0,0.0,0.0,1.0,1,0,1,0,0,0,1,1,0,0,0,1,0
-0.28289409994720643,-1.2774445836787656,0.0,0.0,0.0,0.0,0.0,0.0,1.0,0.0,0,1,0,0,0,0,0,0,0,1,1,1,0
1.3739175092184182,-0.46303730927815856,1.0,1.0,0.0,0.0,0.0,0.0,1.0,0.0,1,1,0,1,0,0,1,1,1,1,1,1,0
1.0382345151848615,1.247217966963116,0.0,1.0,0.0,1.0,0.0,0.0,1.0,0.0,1,1,0,0,0,1,0,0,1,1,0,1,0
0.4981504901308714,-1.2367242199587352,0.0,1.0,0.0,0.0,0.0,0.0,0.0,0.0,0,1,0,0,0,0,0,0,0,1,1,1,1
-0.11006721192992953,1.1657772395230555,0.0,0.0,0.0,0.0,1.0,0.0,0.0,0.0,1,1,1,0,0,1,1,1,1,1,0,0,0
0.12923155609399228,-1.2774445836787656,0.0,1.0,0.0,0.0,0.0,0.0,1.0,0.0,0,0,0,0,0,0,0,0,0,0,1,1,0
-1.4993295040688086,-0.5851984004382496,1.0,0.0,1.0,1.0,0.0,0.0,0.0,1.0,0,0,0,0,0,0,0,0,0,0,0,1,0
-1.5209328650709681,-1.0738427650786138,0.0,0.0,1.0,1.0,0.0,1.0,0.0,0.0,1,0,1,0,0,0,0,0,0,0,0,1,0
1.1711782751981514,0.025607055362205634,0.0,1.0,0.0,0.0,0.0,0.0,1.0,0.0,0,1,0,1,0,1,0,0,1,1,0,1,0
-1.479387940066815,-0.6666391278783103,1.0,0.0,1.0,0.0,0.0,0.0,0.0,0.0,0,0,0,0,0,0,0,0,0,0,1,1,0
1.1279715531938321,0.9621754209229036,0.0,1.0,0.0,0.0,0.0,0.0,1.0,0.0,1,1,0,0,0,0,1,1,1,1,0,1,0
-1.4943441130683104,-0.38159658183809786,1.0,0.0,1.0,1.0,0.0,0.0,0.0,1.0,0,0,1,0,0,0,0,0,0,0,0,1,0
0.3003966471111027,-0.9516816739185228,1.0,1.0,0.0,0.0,0.0,0.0,1.0,0.0,0,0,0,0,0,0,1,0,0,1,0,1,0
1.1778254631988159,-0.748079855318371,0.0,1.0,0.0,0.0,0.0,0.0,1.0,0.0,1,1,0,1,0,1,0,0,1,1,1,1,1
0.33695618111475767,-0.7073594915983407,1.0,1.0,0.0,0.0,0.0,0.0,0.0,0.0,1,0,1,1,0,0,0,0,0,1,1,1,0
-1.4860351280674797,-1.1145631287986442,1.0,0.0,1.0,0.0,0.0,1.0,0.0,0.0,0,0,0,0,0,0,0,0,0,0,0,1,0
1.3772411032187506,1.1657772395230555,1.0,1.0,0.0,0.0,0.0,0.0,1.0,0.0,1,1,0,1,1,1,0,0,1,1,0,1,0
1.721233082253138,1.5322605130033284,1.0,1.0,0.0,0.0,1.0,1.0,0.0,0.0,1,1,1,1,1,1,1,1,1,1,0,1,0
1.1612074931971548,-0.7073594915983407,1.0,1.0,0.0,0.0,0.0,0.0,1.0,0.0,0,1,0,1,1,0,0,0,1,1,0,1,0
-1.4976677070686424,-0.9924020376385531,1.0,0.0,1.0,0.0,1.0,0.0,0.0,1.0,1,0,1,0,0,0,0,0,0,0,0,1,0
-1.504314895069307,-0.9924020376385531,0.0,0.0,1.0,0.0,1.0,0.0,0.0,1.0,1,0,1,0,0,0,0,0,0,0,0,1,0
-1.1835880740372453,-1.1552834925186746,0.0,0.0,0.0,0.0,0.0,0.0,0.0,1.0,0,0,0,0,1,0,0,0,0,1,0,0,0
-0.3244390249513595,0.06632741908223598,0.0,0.0,0.0,1.0,0.0,0.0,0.0,1.0,0,0,0,0,1,1,0,0,0,0,0,1,0
0.8654076271675846,1.4508197855632678,1.0,0.0,0.0,0.0,1.0,1.0,0.0,0.0,1,1,0,1,1,1,1,1,1,1,0,1,0
-0.4573827849646494,0.5142514200025698,0.0,0.0,0.0,1.0,0.0,0.0,0.0,0.0,1,1,1,0,0,1,1,1,0,0,0,0,0
0.8421424691652587,-0.9516816739185228,0.0,1.0,0.0,0.0,0.0,0.0,1.0,0.0,0,0,0,1,0,0,1,0,1,1,0,1,1
-0.18983346793790365,-0.4223169455581282,0.0,0.0,0.0,0.0,0.0,0.0,0.0,1.0,0,0,0,1,1,0,0,1,0,1,0,1,0
-1.477726143066649,-1.2367242199587352,0.0,0.0,1.0,0.0,0.0,0.0,0.0,1.0,0,0,0,0,0,0,0,0,0,0,0,1,0
0.2721460981082788,1.5322605130033284,1.0,0.0,0.0,0.0,1.0,0.0,0.0,0.0,1,0,0,1,0,1,1,1,1,0,0,1,0
0.2920876621102721,-0.9109613101984924,0.0,0.0,0.0,1.0,0.0,1.0,0.0,0.0,0,1,1,1,1,0,1,1,0,0,0,1,0
0.6493740171459885,1.6137012404433893,1.0,0.0,0.0,0.0,1.0,1.0,0.0,0.0,0,1,0,1,1,0,1,1,1,0,0,1,0
0.43998759512505714,0.6771328748826912,0.0,0.0,0.0,1.0,0.0,1.0,0.0,0.0,1,1,1,0,0,1,1,0,1,0,0,1,0
0.2438955491054544,0.880734693482843,0.0,0.0,0.0,1.0,0.0,0.0,0.0,1.0,0,0,0,1,0,1,0,1,1,0,0,1,1
1.395520870220578,1.5729808767233588,0.0,1.0,0.0,0.0,1.0,1.0,0.0,0.0,0,1,0,1,1,1,1,0,1,1,0,1,0
-1.5126238800701375,-0.4223169455581282,0.0,0.0,1.0,1.0,0.0,0.0,0.0,1.0,0,0,0,0,0,0,0,0,0,1,0,1,0
-1.4694171580658184,0.7178532386027215,0.0,0.0,1.0,0.0,1.0,1.0,0.0,0.0,1,0,1,0,0,0,0,0,0,0,0,1,0
-1.4876969250676457,0.43281069256250915,0.0,0.0,1.0,1.0,0.0,0.0,0.0,1.0,1,0,1,0,0,0,0,0,0,0,0,1,0
-1.3331498040521963,0.5142514200025698,0.0,0.0,1.0,0.0,1.0,1.0,0.0,0.0,1,0,1,1,0,0,0,0,0,1,0,1,0
1.28750406520978,1.2879383306831464,1.0,1.0,0.0,0.0,0.0,0.0,0.0,0.0,0,1,0,1,1,1,0,0,1,1,0,1,1
-1.3597385560548543,-0.38159658183809786,0.0,0.0,1.0,0.0,1.0,0.0,0.0,1.0,1,0,1,1,0,0,0,0,0,0,0,1,0
-1.2949284730483754,1.4508197855632678,0.0,0.0,1.0,0.0,1.0,1.0,0.0,0.0,1,0,0,1,0,0,0,0,0,0,0,1,0
0.20235062410130134,-1.2774445836787656,0.0,1.0,0.0,0.0,0.0,0.0,1.0,0.0,0,0,0,0,0,0,0,0,0,1,1,1,0
0.16745288709781284,-1.2367242199587352,1.0,1.0,0.0,0.0,0.0,1.0,0.0,0.0,0,0,0,0,0,0,0,0,0,1,1,1,0
-0.17653909193657447,-0.2594354906780068,1.0,0.0,0.0,1.0,0.0,1.0,0.0,0.0,0,0,0,0,0,0,0,1,1,0,0,1,0
-0.3393951979528547,0.9214550572028734,1.0,0.0,0.0,0.0,0.0,0.0,0.0,0.0,1,1,0,0,0,0,1,1,1,1,1,0,0
-1.4860351280674797,-0.748079855318371,1.0,0.0,1.0,0.0,0.0,0.0,1.0,0.0,0,0,0,0,0,0,0,0,0,1,0,1,0
0.5912111221401742,1.5729808767233588,1.0,0.0,0.0,0.0,1.0,0.0,1.0,0.0,1,1,0,0,1,0,1,1,1,1,0,1,0
0.5480044001358552,1.2879383306831464,1.0,0.0,0.0,1.0,0.0,0.0,1.0,0.0,0,0,0,1,1,1,1,1,1,0,0,1,0
0.19902703010096928,-1.0331224013585834,0.0,0.0,0.0,0.0,0.0,1.0,0.0,0.0,0,1,0,0,0,0,0,1,1,1,1,1,0
0.3170146171127639,1.002895784642934,0.0,0.0,0.0,0.0,1.0,1.0,0.0,0.0,0,0,0,0,1,1,1,1,1,1,0,1,0
0.9750862291785486,-0.7888002190384014,0.0,1.0,0.0,0.0,0.0,0.0,1.0,0.0,1,0,0,1,0,1,1,0,1,0,1,1,0
-1.1653083070354178,-1.1960038562387048,0.0,0.0,0.0,0.0,0.0,1.0,0.0,0.0,1,0,1,0,1,0,0,0,0,0,1,0,0
1.4935668932303794,1.6137012404433893,1.0,1.0,0.0,0.0,1.0,1.0,0.0,0.0,1,1,0,1,0,1,1,1,1,0,0,1,1
1.0498670941860242,0.3106496014024181,0.0,1.0,0.0,0.0,0.0,1.0,0.0,0.0,1,0,1,1,0,1,1,0,1,1,0,1,0
0.06109787908718086,-0.748079855318371,1.0,0.0,0.0,0.0,0.0,1.0,0.0,0.0,1,0,0,1,0,0,0,1,1,1,0,1,0
-0.6734163949862454,-1.2367242199587352,1.0,0.0,0.0,0.0,0.0,0.0,1.0,0.0,1,0,1,0,0,0,0,0,0,1,0,1,0
1.5334500212343665,1.369379058123207,1.0,1.0,0.0,1.0,0.0,1.0,0.0,0.0,0,1,0,1,0,1,1,1,1,0,1,1,1
1.3373579752147637,0.22920887396235737,0.0,1.0,0.0,0.0,0.0,0.0,1.0,0.0,1,1,0,1,0,0,1,1,1,1,1,1,0
-1.3115464430500368,-1.2774445836787656,1.0,0.0,0.0,0.0,0.0,0.0,1.0,0.0,0,0,1,0,0,0,0,0,0,1,1,0,0
-0.3194536339508612,-0.4223169455581282,1.0,0.0,0.0,1.0,0.0,1.0,0.0,0.0,0,0,0,0,0,1,0,1,0,1,1,1,0
-1.4843733310673135,-1.2774445836787656,1.0,0.0,1.0,0.0,0.0,0.0,0.0,1.0,0,0,0,0,0,0,0,0,0,1,1,1,0
0.5097830691320341,-1.1145631287986442,1.0,1.0,0.0,0.0,0.0,0.0,0.0,1.0,0,0,0,0,0,0,0,0,1,1,0,1,0
0.142525932095321,-0.13727439951791576,1.0,0.0,0.0,1.0,0.0,0.0,0.0,0.0,1,0,1,1,1,0,0,1,1,0,0,1,0
0.17077648109814536,-1.2774445836787656,1.0,1.0,0.0,0.0,0.0,0.0,0.0,1.0,1,0,1,0,0,0,0,0,0,1,1,1,0
-1.4744025490663168,-1.1960038562387048,0.0,0.0,1.0,0.0,0.0,0.0,0.0,1.0,0,0,0,0,0,0,0,0,0,0,0,1,0
-1.4976677070686424,1.5729808767233588,1.0,0.0,1.0,0.0,1.0,1.0,0.0,0.0,1,0,1,0,0,0,0,0,0,0,0,1,0
-0.48729513096763954,-0.9516816739185228,1.0,0.0,0.0,0.0,0.0,0.0,1.0,0.0,0,0,1,0,0,1,0,0,0,1,0,1,0
1.217708591202803,0.43281069256250915,1.0,1.0,0.0,0.0,0.0,0.0,1.0,0.0,0,1,0,1,0,1,0,0,1,1,1,1,0
0.6211234681431647,0.6364125111626608,0.0,0.0,0.0,1.0,0.0,1.0,0.0,0.0,0,1,0,1,1,1,1,0,1,1,0,1,0
0.7274784761537967,-0.2594354906780068,1.0,1.0,0.0,0.0,0.0,1.0,0.0,0.0,0,0,0,1,1,1,0,0,0,1,0,1,0
-1.4827115340671475,-0.9516816739185228,0.0,0.0,1.0,0.0,0.0,0.0,0.0,0.0,0,0,0,0,0,0,0,0,0,0,0,1,0
0.53304822713436,-1.2774445836787656,1.0,1.0,0.0,0.0,0.0,0.0,1.0,0.0,0,1,0,0,0,0,0,0,0,1,1,1,0
-1.5076384890696393,0.5549717837226001,0.0,0.0,1.0,0.0,1.0,1.0,0.0,0.0,1,0,1,0,0,0,0,0,0,0,0,1,0
-0.09012564792793624,-1.2367242199587352,1.0,0.0,0.0,0.0,0.0,0.0,0.0,0.0,0,1,0,1,0,0,0,0,0,0,1,1,0
0.3884718881199074,-1.2774445836787656,1.0,1.0,0.0,0.0,0.0,0.0,1.0,0.0,0,0,0,1,0,0,0,0,0,1,1,1,1
-0.15659752793458118,1.2879383306831464,1.0,0.0,0.0,0.0,1.0,0.0,0.0,0.0,1,1,1,0,1,0,1,1,1,1,0,0,0
0.8820255971692458,-0.8295205827584317,0.0,1.0,0.0,0.0,0.0,0.0,1.0,0.0,0,0,0,1,0,1,0,0,1,1,1,1,1
1.0299255301840309,-1.0738427650786138,1.0,1.0,0.0,0.0,0.0,0.0,1.0,0.0,1,1,0,0,0,0,1,0,1,1,1,1,1
-1.4760643460664828,1.0843365120829946,0.0,0.0,1.0,1.0,0.0,0.0,0.0,1.0,1,0,0,0,0,0,0,0,0,0,0,1,0
0.9734244321783826,-1.0331224013585834,0.0,1.0,0.0,1.0,0.0,0.0,0.0,1.0,0,1,0,0,0,1,0,0,1,1,0,1,0
0.642726829145324,1.6137012404433893,0.0,0.0,0.0,0.0,1.0,1.0,0.0,0.0,1,1,0,1,1,1,1,0,1,1,0,1,1
0.464914550127549,-0.6666391278783103,1.0,1.0,0.0,0.0,0.0,0.0,1.0,0.0,0,1,0,0,0,0,0,0,0,1,0,1,1
-0.30615925794953225,-0.30015585439803716,1.0,0.0,0.0,0.0,0.0,1.0,0.0,0.0,1,0,0,1,0,0,1,0,0,0,0,1,0
-0.07018408392594272,0.06632741908223598,0.0,0.0,0.0,0.0,0.0,0.0,1.0,0.0,1,0,0,1,1,1,0,1,0,0,1,1,0
0.3236618051134285,-1.2774445836787656,0.0,1.0,0.0,0.0,0.0,0.0,1.0,0.0,0,0,0,1,0,0,0,0,0,1,1,1,0
1.2409737492051283,-0.9109613101984924,0.0,1.0,0.0,0.0,0.0,1.0,0.0,0.0,1,1,1,1,0,1,1,0,1,1,1,1,0
-1.4843733310673135,-0.3408762181180675,1.0,0.0,1.0,1.0,0.0,0.0,0.0,1.0,1,0,0,0,0,0,0,0,0,0,0,1,0
0.18407085709947407,-0.9109613101984924,0.0,0.0,0.0,1.0,0.0,0.0,1.0,0.0,1,0,1,1,1,1,0,0,1,0,0,1,0
-0.3693075439558449,1.4915401492832983,1.0,0.0,0.0,1.0,0.0,1.0,0.0,0.0,1,0,0,0,1,1,0,0,0,1,0,1,0
-1.462769970065154,1.002895784642934,1.0,0.0,1.0,0.0,1.0,0.0,0.0,1.0,0,0,0,0,0,0,0,0,0,0,0,1,0
1.284180471209448,0.7178532386027215,1.0,1.0,0.0,1.0,0.0,0.0,0.0,0.0,1,1,1,0,0,1,1,1,1,1,0,1,0
-0.46402997296531395,-0.1779947632379461,1.0,0.0,0.0,1.0,0.0,0.0,0.0,1.0,1,0,1,0,1,0,1,1,1,0,0,0,0
-0.4856333339674735,-0.6666391278783103,0.0,0.0,0.0,0.0,0.0,0.0,1.0,0.0,0,0,0,0,1,0,0,0,0,1,1,1,0
0.4732235351283796,-0.30015585439803716,1.0,0.0,0.0,0.0,0.0,0.0,0.0,1.0,0,1,0,0,1,1,0,1,1,1,0,1,0
0.32698539911376057,-1.1960038562387048,0.0,1.0,0.0,0.0,0.0,0.0,0.0,0.0,1,0,0,0,0,1,0,0,0,1,0,1,1
1.0548524851865226,1.1657772395230555,1.0,1.0,0.0,1.0,0.0,0.0,0.0,0.0,1,1,0,1,0,0,0,0,1,1,0,1,0
-1.4843733310673135,-1.2367242199587352,0.0,0.0,1.0,0.0,0.0,0.0,0.0,1.0,0,0,0,0,0,0,0,0,0,0,0,1,0
-1.5076384890696393,0.758573602322752,1.0,0.0,1.0,1.0,0.0,0.0,0.0,1.0,1,0,1,0,0,0,0,0,0,0,0,1,0
0.42503142212356193,1.5729808767233588,0.0,0.0,0.0,0.0,1.0,1.0,0.0,0.0,1,1,1,0,1,0,1,0,1,0,0,1,0
-1.4860351280674797,-0.5037576729981889,0.0,0.0,1.0,0.0,0.0,0.0,0.0,1.0,1,0,1,0,0,0,0,0,0,0,0,1,0
-1.4926823160681442,-1.0738427650786138,1.0,0.0,1.0,0.0,0.0,1.0,0.0,0.0,1,0,1,0,0,0,0,0,0,0,0,1,0
-1.481049737066981,-1.0738427650786138,0.0,0.0,1.0,0.0,0.0,0.0,0.0,1.0,0,0,0,0,0,0,0,0,0,0,0,1,0
0.08934842809000525,-0.13727439951791576,0.0,0.0,0.0,0.0,0.0,0.0,0.0,1.0,0,0,0,1,1,1,0,1,0,0,0,1,0
-1.5358890380724635,0.14776814652229667,1.0,0.0,1.0,0.0,1.0,1.0,0.0,0.0,0,0,0,0,0,0,0,0,0,1,0,1,0
-1.1636465100352518,-0.1779947632379461,0.0,0.0,0.0,0.0,0.0,0.0,0.0,1.0,0,0,0,0,0,0,1,0,0,1,0,0,0
0.722493085153298,-1.0331224013585834,0.0,1.0,0.0,0.0,0.0,0.0,1.0,0.0,1,0,0,1,0,0,0,0,1,1,1,1,0
-1.3481059770536914,1.247217966963116,0.0,0.0,1.0,0.0,1.0,0.0,0.0,1.0,0,0,0,1,0,0,0,0,0,0,0,1,0
-1.3697093380558512,0.6364125111626608,1.0,0.0,1.0,0.0,1.0,0.0,0.0,1.0,1,0,1,1,0,0,0,0,0,0,0,1,0
-1.4727407520661506,0.6771328748826912,0.0,0.0,1.0,1.0,0.0,0.0,0.0,0.0,1,0,0,0,0,0,0,0,0,0,0,1,0
0.5546515881365197,-0.21871512695797646,1.0,1.0,0.0,0.0,0.0,0.0,1.0,0.0,0,0,0,1,0,1,0,0,0,1,1,1,1
0.9152615371725683,1.6137012404433893,1.0,0.0,0.0,0.0,1.0,1.0,0.0,0.0,1,1,0,1,1,1,1,1,1,0,0,1,0
0.14584952609565352,-1.2774445836787656,1.0,1.0,0.0,0.0,0.0,0.0,1.0,0.0,1,0,0,0,0,0,0,0,0,1,1,1,0
-0.3693075439558449,1.6137012404433893,0.0,0.0,0.0,0.0,1.0,1.0,0.0,0.0,1,1,1,0,0,1,0,1,1,0,0,0,0
-0.8346107040023594,0.5956921474426305,0.0,0.0,0.0,1.0,0.0,1.0,0.0,0.0,0,0,0,0,1,1,0,1,0,0,0,0,0
-0.33607160395252245,-1.2774445836787656,0.0,0.0,0.0,0.0,0.0,0.0,1.0,0.0,0,0,0,0,0,0,0,0,1,1,0,1,0
1.330710787214099,0.14776814652229667,0.0,1.0,0.0,1.0,0.0,0.0,0.0,0.0,0,1,0,1,0,1,1,0,1,1,0,1,0
-1.1786026830367469,0.43281069256250915,1.0,0.0,0.0,0.0,0.0,1.0,0.0,0.0,1,0,1,0,0,1,0,0,0,0,0,0,0
0.6344178441444933,-0.21871512695797646,0.0,0.0,0.0,0.0,0.0,0.0,1.0,0.0,1,1,0,1,0,1,1,1,1,0,0,1,1
0.4915033021302069,-0.9516816739185228,0.0,1.0,0.0,0.0,0.0,0.0,1.0,0.0,0,1,0,0,0,0,0,0,0,1,1,1,0
1.2924894562102784,0.22920887396235737,0.0,1.0,0.0,0.0,0.0,0.0,1.0,0.0,0,1,0,1,0,0,1,1,1,1,0,1,0
1.1396041321949948,0.10704778280226633,0.0,1.0,0.0,0.0,0.0,0.0,1.0,0.0,0,1,0,1,1,0,0,0,1,1,0,1,1
0.2854404741096075,-1.318164947398796,0.0,0.0,0.0,0.0,1.0,0.0,0.0,1.0,1,0,1,1,0,1,1,1,1,0,0,1,0
1.1728400721983174,1.0843365120829946,0.0,1.0,0.0,0.0,1.0,0.0,0.0,1.0,1,1,0,0,0,1,0,1,1,1,0,1,0
-1.4760643460664828,-0.21871512695797646,1.0,0.0,1.0,0.0,1.0,1.0,0.0,0.0,0,0,0,0,0,0,0,0,0,0,0,1,0
-0.6916961619880726,-1.2367242199587352,0.0,0.0,0.0,0.0,0.0,0.0,1.0,0.0,0,0,0,0,0,0,0,0,0,0,0,1,1
-1.3713711350560172,-1.0331224013585834,1.0,0.0,1.0,0.0,0.0,0.0,0.0,1.0,0,0,0,1,0,0,0,0,0,0,0,1,0
0.19736523310080326,0.14776814652229667,0.0,0.0,0.0,1.0,0.0,0.0,0.0,1.0,0,1,0,1,0,1,0,1,0,1,0,1,0
0.9817334171792131,0.35136996512244845,0.0,1.0,0.0,0.0,0.0,0.0,0.0,0.0,1,0,1,1,1,1,0,0,1,1,0,1,0
-1.1835880740372453,-0.7888002190384014,0.0,0.0,0.0,0.0,0.0,0.0,1.0,0.0,0,0,0,0,0,1,0,0,0,0,0,0,0
-1.4594463760648215,-0.5444780367182193,1.0,0.0,1.0,0.0,1.0,1.0,0.0,0.0,0,0,1,0,0,0,0,0,0,0,0,1,0
-0.8994207870088381,1.125056875803025,0.0,0.0,0.0,0.0,1.0,0.0,0.0,0.0,1,0,0,0,1,1,0,1,0,0,0,0,0
1.0216165451832002,0.6364125111626608,0.0,1.0,0.0,0.0,1.0,0.0,0.0,1.0,0,0,1,0,0,1,1,1,1,1,1,1,0
0.8737166121684152,-1.1960038562387048,1.0,1.0,0.0,0.0,0.0,0.0,1.0,0.0,0,0,0,1,0,0,1,0,1,0,1,1,1
0.9202469281730669,1.4915401492832983,1.0,1.0,0.0,0.0,1.0,0.0,0.0,1.0,1,0,0,1,0,1,0,1,1,1,0,1,0
-0.6850489739874083,0.43281069256250915,1.0,0.0,0.0,1.0,0.0,0.0,1.0,0.0,0,1,0,0,0,0,1,1,0,0,0,0,0
-0.9542600880143203,-0.8702409464784621,0.0,0.0,0.0,1.0,0.0,0.0,0.0,1.0,0,0,1,0,1,0,0,1,0,1,0,0,0
-0.4823097399671412,0.5142514200025698,0.0,0.0,0.0,0.0,0.0,1.0,0.0,0.0,1,0,0,0,0,0,1,0,0,1,0,1,0
1.4952286902305454,1.6137012404433893,1.0,1.0,0.0,0.0,1.0,1.0,0.0,0.0,1,1,0,1,0,1,1,1,1,1,0,1,0
0.47987072312904416,-1.2367242199587352,0.0,1.0,0.0,0.0,0.0,0.0,1.0,0.0,1,0,0,1,0,0,1,0,0,0,1,1,1
-1.477726143066649,-0.8295205827584317,0.0,0.0,1.0,0.0,1.0,0.0,0.0,0.0,1,0,1,0,0,0,0,0,0,0,0,1,0
1.5816421342391835,1.4100994218432374,0.0,1.0,0.0,1.0,0.0,1.0,0.0,0.0,1,1,1,1,0,1,1,1,1,1,0,1,0
0.9817334171792131,0.18848851024232702,1.0,1.0,0.0,0.0,1.0,0.0,0.0,1.0,1,0,0,1,0,0,1,1,1,0,0,1,0
-0.7847567939973756,0.26992923768238775,0.0,0.0,0.0,1.0,0.0,0.0,0.0,0.0,0,0,0,0,1,1,0,1,0,0,0,0,0
0.32864719611392706,0.35136996512244845,0.0,0.0,0.0,0.0,0.0,0.0,0.0,0.0,0,1,0,1,1,0,1,1,0,1,0,1,0
-0.5487816199737862,-0.30015585439803716,0.0,0.0,0.0,0.0,0.0,0.0,1.0,0.0,0,1,0,0,0,0,1,0,1,1,0,0,0
0.37850110611891075,-0.9924020376385531,1.0,0.0,0.0,0.0,1.0,1.0,0.0,0.0,1,1,1,1,1,1,0,1,0,1,0,1,0
0.21065960910213194,1.5729808767233588,0.0,0.0,0.0,0.0,1.0,0.0,0.0,1.0,1,0,1,1,1,1,1,1,0,0,0,1,0
1.0565142821866886,-1.1145631287986442,1.0,1.0,0.0,0.0,0.0,0.0,1.0,0.0,0,1,0,1,0,1,1,0,0,0,0,1,0
0.4831943171293762,-0.0965540357978854,0.0,0.0,0.0,1.0,0.0,1.0,0.0,0.0,0,1,0,1,1,0,1,0,1,1,0,1,0
0.8255244991635975,0.3106496014024181,1.0,1.0,0.0,1.0,0.0,1.0,0.0,0.0,0,1,0,0,0,1,0,1,0,1,0,1,0
-1.4710789550659844,0.880734693482843,0.0,0.0,1.0,0.0,1.0,0.0,0.0,1.0,0,0,0,0,0,0,0,0,0,1,0,1,0
1.3805646972190828,1.6137012404433893,1.0,1.0,0.0,0.0,1.0,0.0,0.0,0.0,1,1,0,1,0,1,1,0,1,1,0,1,0
1.182810854199314,-0.1779947632379461,1.0,1.0,0.0,1.0,0.0,0.0,0.0,0.0,1,1,1,0,0,1,1,0,1,0,0,1,0
0.6925807391503077,-0.5851984004382496,1.0,1.0,0.0,0.0,0.0,0.0,1.0,0.0,1,1,1,0,0,0,0,1,0,1,0,1,0
-0.6484894399837535,-1.2367242199587352,0.0,0.0,0.0,0.0,0.0,0.0,1.0,0.0,0,1,0,0,0,0,0,0,1,1,1,0,0
1.3755793062185846,1.0843365120829946,0.0,1.0,0.0,1.0,0.0,0.0,1.0,0.0,1,1,1,1,0,1,1,0,1,1,0,1,0
-0.45405919096431707,-0.4223169455581282,1.0,0.0,0.0,0.0,0.0,0.0,1.0,0.0,1,0,1,0,0,0,0,1,0,1,0,1,0
-1.491020519067978,-1.2774445836787656,0.0,0.0,1.0,0.0,0.0,0.0,0.0,1.0,0,0,0,0,0,0,0,0,0,0,0,1,0
-1.2982520670487077,1.6137012404433893,0.0,0.0,1.0,0.0,1.0,1.0,0.0,0.0,1,0,0,1,0,0,0,0,0,1,0,1,1
0.3170146171127639,-0.748079855318371,0.0,1.0,0.0,0.0,0.0,0.0,1.0,0.0,0,0,0,1,0,0,0,0,0,1,1,1,1
1.1512367111961581,0.7178532386027215,1.0,1.0,0.0,1.0,0.0,0.0,1.0,0.0,1,1,0,1,0,0,0,1,1,0,0,1,0
0.16412929309748078,0.6364125111626608,0.0,0.0,0.0,1.0,0.0,0.0,0.0,0.0,1,0,1,0,1,0,1,1,1,0,0,1,0
1.116338974192669,0.6771328748826912,0.0,1.0,0.0,0.0,0.0,0.0,1.0,0.0,1,1,1,1,0,1,0,0,1,1,0,1,0
0.6875953481498096,-0.1779947632379461,1.0,1.0,0.0,0.0,0.0,0.0,1.0,0.0,1,0,1,0,0,0,1,0,1,0,0,1,0
1.0349109211845293,1.4508197855632678,1.0,1.0,0.0,0.0,0.0,0.0,1.0,0.0,0,1,0,1,0,1,1,0,0,1,0,1,1
1.1961052302006432,-0.7888002190384014,1.0,1.0,0.0,0.0,0.0,0.0,1.0,0.0,0,1,0,1,0,0,0,1,1,0,0,1,0
0.8122301231622688,-0.8702409464784621,0.0,1.0,0.0,0.0,0.0,0.0,1.0,0.0,0,0,0,1,0,0,1,0,1,1,0,1,0
0.31036742911209936,-1.1960038562387048,0.0,1.0,0.0,0.0,0.0,1.0,0.0,0.0,1,0,0,1,0,0,0,0,0,1,1,1,0
1.1911198392001445,1.002895784642934,1.0,1.0,0.0,0.0,0.0,0.0,1.0,0.0,1,1,0,1,0,0,1,0,1,0,1,1,1
0.3402797751150897,-1.1960038562387048,1.0,1.0,0.0,0.0,0.0,0.0,0.0,1.0,0,0,0,1,0,0,0,0,0,0,1,1,0
-1.2965902700485417,1.6137012404433893,1.0,0.0,1.0,0.0,1.0,1.0,0.0,0.0,1,0,0,1,0,0,0,0,0,0,0,1,0
0.642726829145324,1.5322605130033284,1.0,0.0,0.0,0.0,1.0,0.0,1.0,0.0,1,1,1,1,0,1,1,1,1,1,0,1,0
0.4831943171293762,0.6771328748826912,0.0,0.0,0.0,0.0,1.0,0.0,0.0,0.0,1,1,1,1,0,1,0,1,1,0,0,1,0
1.4054916522215746,1.4100994218432374,0.0,1.0,0.0,1.0,0.0,1.0,0.0,0.0,1,1,0,1,1,0,1,0,1,1,0,1,1
-1.4860351280674797,0.5549717837226001,1.0,0.0,1.0,0.0,1.0,0.0,0.0,0.0,0,0,0,0,0,0,0,0,0,0,0,1,0
0.18074726309914202,1.2879383306831464,0.0,0.0,0.0,0.0,1.0,1.0,0.0,0.0,0,0,0,0,1,1,0,1,1,1,1,1,1
-1.504314895069307,0.18848851024232702,0.0,0.0,1.0,0.0,0.0,0.0,0.0,0.0,1,0,0,0,0,0,0,0,0,0,0,1,0
0.19902703010096928,-1.2367242199587352,0.0,1.0,0.0,0.0,0.0,0.0,1.0,0.0,0,0,0,0,0,0,0,0,0,0,1,1,1
-0.6468276429835875,-0.7888002190384014,0.0,0.0,0.0,0.0,0.0,0.0,1.0,0.0,1,1,0,0,0,0,0,0,1,0,0,0,1
1.6747027662484868,1.6137012404433893,0.0,1.0,0.0,0.0,1.0,0.0,1.0,0.0,1,1,0,1,1,1,1,1,1,0,0,1,0
0.2721460981082788,1.4508197855632678,1.0,0.0,0.0,0.0,1.0,0.0,0.0,0.0,1,1,1,0,0,0,1,1,1,1,0,1,0
-1.4993295040688086,-0.7073594915983407,1.0,0.0,1.0,1.0,0.0,0.0,0.0,1.0,1,0,1,0,0,0,0,0,0,0,0,1,0
-1.502653098069141,-0.3408762181180675,0.0,0.0,1.0,0.0,1.0,0.0,0.0,0.0,0,0,0,0,0,0,0,0,0,1,0,1,0
0.8238627021634315,-0.3408762181180675,0.0,1.0,0.0,0.0,0.0,0.0,1.0,0.0,0,1,0,1,0,0,0,1,0,1,0,1,0
-0.47898614596680894,-0.21871512695797646,1.0,0.0,0.0,0.0,0.0,0.0,0.0,1.0,0,0,0,0,1,0,0,0,0,0,0,1,0
-0.4823097399671412,-0.8295205827584317,1.0,0.0,0.0,0.0,0.0,0.0,0.0,0.0,0,0,0,0,0,0,0,1,0,0,1,1,0
0.7474200401557899,1.5729808767233588,0.0,0.0,0.0,0.0,1.0,1.0,0.0,0.0,1,1,1,0,1,1,1,1,1,0,0,1,0
-1.461108173064988,1.4100994218432374,1.0,0.0,1.0,0.0,1.0,0.0,0.0,1.0,1,0,1,0,0,0,0,0,0,1,0,1,0
1.478610720228884,1.247217966963116,0.0,1.0,0.0,0.0,1.0,0.0,0.0,0.0,1,1,0,1,0,1,1,1,1,1,0,1,0
-1.4760643460664828,-1.2774445836787656,1.0,0.0,1.0,0.0,0.0,0.0,0.0,1.0,0,0,0,0,0,0,0,0,0,0,0,1,0
-0.29452667894836937,-1.1552834925186746,1.0,0.0,0.0,0.0,0.0,0.0,1.0,0.0,0,1,0,0,0,0,0,0,0,1,0,1,0
0.47987072312904416,0.3106496014024181,0.0,1.0,0.0,0.0,0.0,1.0,0.0,0.0,0,0,0,0,1,1,0,0,0,1,1,1,1
1.0382345151848615,-0.8295205827584317,0.0,1.0,0.0,0.0,0.0,0.0,1.0,0.0,0,1,0,0,0,0,1,0,1,1,1,1,0
0.47987072312904416,0.7992939660427822,1.0,0.0,0.0,0.0,1.0,0.0,1.0,0.0,1,1,1,0,1,1,1,0,1,0,0,1,0
-1.3547531650543558,-0.9109613101984924,1.0,0.0,1.0,0.0,0.0,0.0,1.0,0.0,0,0,0,1,0,0,0,0,0,1,0,1,0
1.2160467942026365,1.4508197855632678,1.0,1.0,0.0,1.0,0.0,0.0,0.0,0.0,0,0,0,1,1,1,1,0,1,0,0,1,0
1.1745018691984834,0.880734693482843,0.0,1.0,0.0,0.0,0.0,0.0,1.0,0.0,0,1,0,1,0,0,0,1,1,1,1,1,0
-0.27458511494637583,-1.1552834925186746,0.0,0.0,0.0,0.0,0.0,0.0,0.0,1.0,1,0,1,0,0,1,0,1,0,0,1,1,0
-0.9742016520163136,0.7992939660427822,0.0,0.0,0.0,1.0,0.0,0.0,0.0,1.0,1,0,0,0,1,0,1,0,0,0,0,0,0
0.6726391751483144,-1.2774445836787656,0.0,1.0,0.0,0.0,0.0,0.0,1.0,0.0,0,1,0,0,0,0,1,0,0,1,1,1,1
0.48651791112970877,1.5322605130033284,1.0,0.0,0.0,1.0,0.0,0.0,0.0,0.0,1,0,0,1,1,1,1,1,1,0,0,1,0
-0.9825106370171443,0.43281069256250915,1.0,0.0,0.0,1.0,0.0,1.0,0.0,0.0,0,0,0,0,1,0,1,0,0,1,0,0,0
-1.4993295040688086,0.7992939660427822,1.0,0.0,1.0,0.0,1.0,0.0,0.0,1.0,0,0,0,0,0,0,0,0,0,0,0,1,0
-0.49560411596847015,-0.8295205827584317,0.0,0.0,0.0,0.0,1.0,0.0,0.0,1.0,0,1,0,0,1,0,1,1,0,0,0,0,0
0.13255515009432434,0.9621754209229036,0.0,0.0,0.0,1.0,0.0,0.0,0.0,0.0,1,1,1,1,1,1,0,0,0,0,0,1,0
-0.09511103892843457,-1.318164947398796,1.0,0.0,0.0,0.0,1.0,0.0,0.0,0.0,0,0,1,1,1,1,0,1,0,1,0,1,0
0.50313588113137,0.3920903288424788,1.0,1.0,0.0,0.0,0.0,0.0,1.0,0.0,0,0,0,1,0,0,1,0,0,0,0,1,0
0.830509890164096,-0.4223169455581282,1.0,1.0,0.0,0.0,0.0,0.0,0.0,0.0,1,1,0,0,0,0,0,0,1,1,0,1,1
-0.18152448293707302,0.758573602322752,1.0,0.0,0.0,1.0,0.0,0.0,1.0,0.0,1,1,1,0,1,1,1,0,1,0,1,0,0
-1.5076384890696393,-0.21871512695797646,1.0,0.0,1.0,0.0,0.0,1.0,0.0,0.0,0,0,0,0,0,0,0,0,0,1,0,1,0
0.9601300561770538,0.758573602322752,1.0,1.0,0.0,1.0,0.0,0.0,0.0,0.0,1,1,0,1,1,0,1,0,0,1,0,1,1
-0.5105602889699654,-1.1552834925186746,1.0,0.0,0.0,0.0,0.0,0.0,1.0,0.0,0,0,1,0,1,0,0,0,0,1,1,1,0
-1.491020519067978,-1.2774445836787656,1.0,0.0,1.0,0.0,0.0,0.0,0.0,1.0,0,0,0,0,0,0,0,0,0,1,0,1,0
-0.3244390249513595,0.10704778280226633,1.0,0.0,0.0,0.0,0.0,0.0,0.0,1.0,0,0,0,0,0,0,0,0,1,0,1,1,0
0.2704843011081128,1.5729808767233588,1.0,0.0,0.0,1.0,0.0,0.0,0.0,0.0,1,1,1,1,0,1,1,1,0,1,0,1,1
0.14751132309581955,-1.2774445836787656,0.0,1.0,0.0,0.0,0.0,0.0,1.0,0.0,0,0,0,0,0,0,0,0,0,1,1,1,0
-1.3015756610490399,1.4915401492832983,0.0,0.0,1.0,0.0,1.0,0.0,0.0,0.0,1,0,1,1,0,0,0,0,0,1,0,1,0
-1.4960059100684764,-0.748079855318371,1.0,0.0,1.0,1.0,0.0,0.0,0.0,1.0,1,0,1,0,0,0,0,0,0,0,0,1,0
-0.3011738669490337,1.002895784642934,1.0,0.0,0.0,0.0,0.0,0.0,1.0,0.0,1,0,0,0,1,0,0,1,0,0,0,1,0
1.7528072252562945,1.6137012404433893,0.0,1.0,0.0,0.0,1.0,1.0,0.0,0.0,1,1,1,1,1,1,1,1,1,0,0,1,0
-1.4926823160681442,0.6364125111626608,1.0,0.0,1.0,0.0,1.0,1.0,0.0,0.0,0,0,0,0,0,0,0,0,0,0,0,1,0
0.46989994112804756,-1.1552834925186746,0.0,1.0,0.0,0.0,0.0,0.0,0.0,1.0,1,0,1,0,0,0,0,0,1,1,0,1,0
-1.4660935640654862,-0.055833672077855064,1.0,0.0,1.0,0.0,0.0,0.0,1.0,0.0,1,0,1,0,0,0,0,0,0,1,0,1,0
-0.08181666292710564,0.22920887396235737,1.0,0.0,0.0,1.0,0.0,0.0,0.0,1.0,0,1,0,0,0,0,1,1,0,1,1,1,0
0.9219087251732329,0.18848851024232702,1.0,1.0,0.0,0.0,0.0,0.0,1.0,0.0,1,1,0,1,0,0,0,0,1,1,1,1,1
-1.4993295040688086,-1.2774445836787656,0.0,0.0,1.0,0.0,0.0,0.0,0.0,1.0,0,0,0,0,0,0,0,0,0,0,0,1,0
0.4981504901308714,1.002895784642934,1.0,0.0,0.0,0.0,1.0,0.0,0.0,0.0,0,1,0,1,0,1,1,0,1,1,0,1,1
0.5047976781315361,1.2064976032430856,0.0,0.0,0.0,0.0,1.0,1.0,0.0,0.0,1,1,0,0,1,0,1,1,1,1,0,1,1
-1.1586611190347533,-1.1960038562387048,1.0,0.0,0.0,0.0,0.0,0.0,1.0,0.0,1,0,0,0,0,0,0,1,0,1,0,0,0
-1.4960059100684764,1.6137012404433893,0.0,0.0,1.0,0.0,1.0,0.0,0.0,1.0,0,0,1,0,0,0,0,0,0,1,0,1,0
-0.6567984249845842,-0.13727439951791576,1.0,0.0,0.0,0.0,0.0,0.0,0.0,1.0,0,0,1,0,1,1,1,1,0,1,0,0,0
-0.6634456129852487,-0.7888002190384014,1.0,0.0,0.0,0.0,0.0,0.0,0.0,0.0,1,0,1,0,0,0,0,0,0,0,0,1,0
0.16246749609731476,-1.1960038562387048,1.0,1.0,0.0,0.0,0.0,0.0,1.0,0.0,0,0,1,0,0,0,0,0,0,0,1,1,0
-0.45405919096431707,-0.8702409464784621,0.0,0.0,0.0,0.0,0.0,0.0,1.0,0.0,0,0,0,0,0,1,0,0,0,0,0,1,0
-0.3859255139575061,-0.46303730927815856,0.0,0.0,0.0,0.0,1.0,0.0,0.0,1.0,0,0,1,0,1,1,1,1,1,0,0,0,0
-1.33148800705203,-0.5444780367182193,0.0,0.0,1.0,0.0,0.0,0.0,0.0,0.0,0,0,0,1,0,0,0,0,0,0,0,1,0
1.5567151792366918,1.1657772395230555,1.0,1.0,0.0,0.0,1.0,1.0,0.0,0.0,0,1,0,1,1,0,1,1,1,1,1,1,0
-0.5388108379727895,-0.8702409464784621,0.0,0.0,0.0,0.0,0.0,1.0,0.0,0.0,0,0,0,0,1,0,0,0,0,0,1,1,0
1.5018758782312098,0.10704778280226633,1.0,1.0,0.0,0.0,0.0,0.0,1.0,0.0,1,1,1,1,0,1,1,1,1,1,0,1,0
-1.461108173064988,-0.30015585439803716,1.0,0.0,1.0,0.0,0.0,0.0,0.0,1.0,0,0,1,0,0,0,0,0,0,0,0,1,0
-1.481049737066981,-1.2774445836787656,0.0,0.0,1.0,0.0,0.0,0.0,0.0,1.0,0,0,0,0,0,0,0,0,0,1,1,1,0
-1.3015756610490399,1.4100994218432374,0.0,0.0,1.0,0.0,1.0,0.0,0.0,0.0,0,0,0,1,0,0,0,0,0,1,0,1,0
-0.8346107040023594,-0.5444780367182193,1.0,0.0,0.0,0.0,0.0,0.0,1.0,0.0,0,0,0,0,0,0,1,0,1,1,1,0,0
-1.3248408190513656,0.9621754209229036,1.0,0.0,1.0,1.0,0.0,0.0,1.0,0.0,0,0,0,1,0,0,0,0,0,0,1,1,0
1.4503601712260603,1.6137012404433893,1.0,1.0,0.0,0.0,1.0,1.0,0.0,0.0,1,1,1,1,1,1,1,0,1,1,0,1,0
-1.502653098069141,0.43281069256250915,1.0,0.0,1.0,0.0,1.0,0.0,0.0,1.0,0,0,0,0,0,0,0,0,0,0,0,1,0
0.6759627691486464,0.9214550572028734,0.0,1.0,0.0,0.0,0.0,0.0,1.0,0.0,1,0,1,1,1,1,0,0,0,1,0,1,0
-0.2679379269457112,-1.2367242199587352,1.0,0.0,0.0,0.0,0.0,0.0,0.0,1.0,1,0,1,1,1,0,0,0,0,0,1,1,0
0.142525932095321,-0.21871512695797646,1.0,1.0,0.0,0.0,0.0,0.0,0.0,1.0,0,0,0,0,0,0,0,0,0,1,0,1,0
0.179085466098976,-0.7888002190384014,0.0,1.0,0.0,0.0,0.0,0.0,0.0,1.0,0,0,0,0,0,0,0,0,0,1,0,1,0
1.541759006235197,1.5322605130033284,0.0,1.0,0.0,0.0,1.0,0.0,0.0,1.0,0,1,0,1,1,1,1,0,1,1,0,1,0
1.3689321182179202,-0.748079855318371,0.0,1.0,0.0,1.0,0.0,0.0,0.0,1.0,1,1,0,0,1,1,0,1,1,0,1,1,0
0.8172155141627669,-0.5444780367182193,0.0,1.0,0.0,1.0,0.0,0.0,0.0,0.0,1,1,1,1,0,0,0,1,0,1,0,1,0
0.8089065291619363,-0.5037576729981889,0.0,1.0,0.0,0.0,0.0,0.0,0.0,0.0,0,0,0,1,1,0,0,0,1,1,0,1,0
0.8803638001690798,0.43281069256250915,1.0,1.0,0.0,1.0,0.0,1.0,0.0,0.0,1,0,1,1,1,0,1,1,0,1,0,1,0
0.8504514541660894,-1.1145631287986442,1.0,1.0,0.0,0.0,0.0,0.0,0.0,1.0,1,1,1,0,1,0,1,0,0,1,0,1,0
1.3556377422165908,1.5322605130033284,0.0,1.0,0.0,1.0,0.0,0.0,0.0,0.0,1,1,0,1,0,1,0,1,1,1,0,1,1
-1.517609271070636,0.3106496014024181,0.0,0.0,1.0,0.0,1.0,0.0,0.0,1.0,1,0,0,0,0,0,0,0,0,0,0,1,0
-1.4744025490663168,-1.0738427650786138,1.0,0.0,1.0,0.0,1.0,1.0,0.0,0.0,1,0,1,0,0,0,0,0,0,1,0,1,0
1.1861344481996465,0.26992923768238775,1.0,1.0,0.0,0.0,1.0,0.0,1.0,0.0,0,1,0,0,1,0,1,0,1,1,0,1,0
0.3386179781149237,-1.1552834925186746,1.0,1.0,0.0,0.0,0.0,0.0,1.0,0.0,1,0,0,1,0,0,0,0,0,0,1,1,1
-1.1653083070354178,-0.7073594915983407,1.0,0.0,0.0,0.0,0.0,0.0,1.0,0.0,0,0,0,0,0,0,0,1,0,1,1,0,0
-0.47898614596680894,-1.2774445836787656,1.0,0.0,0.0,0.0,0.0,0.0,1.0,0.0,1,1,0,0,0,0,1,0,1,1,1,0,0
0.6959043331506402,0.5142514200025698,0.0,1.0,0.0,0.0,0.0,0.0,0.0,0.0,0,0,0,0,1,1,0,1,0,1,0,1,1
-0.562075995975115,1.2879383306831464,0.0,0.0,0.0,0.0,1.0,0.0,1.0,0.0,1,1,0,0,1,0,1,1,0,0,1,0,0
0.9717626351782166,1.002895784642934,0.0,1.0,0.0,0.0,0.0,1.0,0.0,0.0,1,1,0,1,0,1,1,0,0,0,0,1,1
0.16911468409797886,1.6137012404433893,1.0,0.0,0.0,0.0,1.0,0.0,0.0,0.0,1,0,1,1,1,1,1,1,0,0,0,1,0
0.18407085709947407,-1.2774445836787656,1.0,1.0,0.0,0.0,0.0,0.0,1.0,0.0,0,0,0,0,0,0,0,0,0,1,1,1,0
-1.2932666760482092,1.6137012404433893,1.0,0.0,1.0,0.0,1.0,1.0,0.0,0.0,1,0,0,1,0,0,0,0,0,0,0,1,0
0.21065960910213194,-1.1960038562387048,0.0,0.0,0.0,0.0,1.0,0.0,0.0,1.0,0,1,0,0,1,1,0,1,0,0,0,1,0
1.1312951471941644,0.9214550572028734,1.0,1.0,0.0,0.0,0.0,0.0,1.0,0.0,0,1,0,1,1,0,0,0,1,1,1,1,1
0.9501592741760567,1.0843365120829946,0.0,1.0,0.0,0.0,0.0,0.0,1.0,0.0,1,0,0,1,0,0,1,1,1,0,0,1,0
1.1661928841976528,-0.5851984004382496,0.0,1.0,0.0,0.0,0.0,0.0,0.0,0.0,0,1,0,1,0,0,0,1,1,1,1,1,0
0.5164302571326987,-0.015113308357824713,1.0,1.0,0.0,0.0,0.0,1.0,0.0,0.0,1,1,0,0,0,0,0,0,0,1,1,1,1
-0.47233895796614456,-1.1552834925186746,0.0,0.0,0.0,0.0,0.0,0.0,0.0,0.0,0,0,0,0,1,0,0,0,0,1,0,1,0
0.5214156481331973,1.369379058123207,0.0,1.0,0.0,0.0,0.0,1.0,0.0,0.0,0,0,0,1,0,1,0,0,0,1,1,1,1
0.5496661971360212,-0.21871512695797646,1.0,1.0,0.0,0.0,0.0,0.0,1.0,0.0,0,0,0,1,0,0,1,0,0,1,0,1,0
-1.46443176706532,-1.1552834925186746,1.0,0.0,1.0,0.0,0.0,1.0,0.0,0.0,0,0,0,0,0,0,0,0,0,1,0,1,0
0.4748853321285456,1.125056875803025,1.0,0.0,0.0,0.0,0.0,1.0,0.0,0.0,1,1,1,0,1,1,0,1,1,1,0,1,0
-1.5192710680708021,-0.9924020376385531,0.0,0.0,1.0,0.0,1.0,0.0,0.0,1.0,1,0,1,0,0,0,0,0,0,0,0,1,0
-1.5009913010689746,-0.9924020376385531,1.0,0.0,1.0,0.0,1.0,1.0,0.0,0.0,1,0,1,0,0,0,0,0,0,0,0,1,0
-1.481049737066981,0.10704778280226633,1.0,0.0,1.0,0.0,1.0,0.0,0.0,1.0,0,0,0,0,0,0,0,0,0,1,0,1,0
0.7324638671542947,-1.0331224013585834,1.0,1.0,0.0,0.0,0.0,0.0,1.0,0.0,0,1,0,1,0,0,0,0,0,1,1,1,0
-1.4577845790646555,0.8400143297628127,0.0,0.0,1.0,0.0,1.0,0.0,0.0,1.0,1,0,1,0,0,0,0,0,0,0,0,1,0
1.290827659210112,-0.5851984004382496,0.0,1.0,0.0,0.0,0.0,1.0,0.0,0.0,0,1,0,1,0,1,0,1,1,1,0,1,1
-0.8628612530051836,-0.7073594915983407,0.0,0.0,0.0,0.0,1.0,0.0,0.0,1.0,0,1,0,0,0,1,0,0,0,1,0,0,0
0.785641371159611,1.4100994218432374,1.0,1.0,0.0,1.0,0.0,0.0,0.0,0.0,1,0,0,1,0,1,0,0,1,1,0,1,0
0.6460504231456565,-1.0738427650786138,1.0,1.0,0.0,0.0,0.0,0.0,1.0,0.0,1,1,0,0,0,1,0,0,0,1,1,1,1
0.4964886931307054,-1.0738427650786138,1.0,1.0,0.0,0.0,0.0,0.0,1.0,0.0,0,0,0,0,0,0,0,0,1,1,0,1,1
1.1379423351948288,-0.7888002190384014,1.0,1.0,0.0,0.0,0.0,0.0,0.0,1.0,0,1,0,1,0,0,0,1,1,1,1,1,0
1.1961052302006432,-0.8702409464784621,0.0,1.0,0.0,0.0,0.0,0.0,1.0,0.0,0,1,0,1,0,0,1,0,1,1,1,1,0
-1.5109620830699715,-1.2774445836787656,1.0,0.0,1.0,0.0,0.0,0.0,0.0,1.0,0,0,1,0,0,0,0,0,0,1,0,1,0
-0.2995120699488677,-1.1145631287986442,1.0,0.0,0.0,0.0,0.0,0.0,0.0,1.0,0,0,0,0,1,0,0,1,0,1,0,1,0
-1.4893587220678117,-0.7888002190384014,1.0,0.0,1.0,1.0,0.0,0.0,0.0,1.0,0,0,0,0,0,0,0,0,0,1,0,1,0
0.896981770170741,-0.9516816739185228,0.0,1.0,0.0,0.0,0.0,0.0,0.0,0.0,1,0,0,1,1,1,1,0,0,0,1,1,0
0.827186296163764,-0.13727439951791576,1.0,1.0,0.0,0.0,0.0,0.0,0.0,1.0,0,0,0,0,0,1,0,1,1,0,0,1,0
-0.62854787598176,-1.2774445836787656,1.0,0.0,0.0,0.0,0.0,0.0,0.0,1.0,0,0,0,0,0,0,0,0,0,1,0,1,1
0.4915033021302069,-1.2774445836787656,0.0,1.0,0.0,0.0,0.0,0.0,0.0,1.0,0,0,0,1,0,0,1,0,0,1,1,1,0
-0.2928648819482031,-0.5851984004382496,0.0,0.0,0.0,0.0,0.0,0.0,0.0,1.0,1,0,1,0,0,0,0,0,1,0,0,1,0
0.14086413509515497,-1.2367242199587352,0.0,0.0,0.0,0.0,0.0,1.0,0.0,0.0,1,1,0,0,0,0,1,0,1,0,0,1,0
0.6244470621434968,-0.0965540357978854,1.0,1.0,0.0,0.0,0.0,0.0,0.0,0.0,1,0,1,1,0,1,0,1,0,1,0,1,0
0.03118553308419093,1.369379058123207,1.0,0.0,0.0,0.0,1.0,0.0,0.0,0.0,0,0,1,1,1,1,0,1,0,0,0,1,0
1.001674981181207,0.22920887396235737,1.0,1.0,0.0,0.0,1.0,0.0,0.0,0.0,1,0,1,1,0,0,1,1,1,1,0,1,0
-0.09511103892843457,0.47353105628253944,1.0,0.0,0.0,0.0,0.0,0.0,0.0,1.0,1,0,1,0,0,1,1,1,0,1,0,1,0
1.5400972092350305,0.880734693482843,0.0,1.0,0.0,0.0,0.0,0.0,1.0,0.0,0,1,0,1,0,1,1,1,1,0,1,1,0
-1.4876969250676457,-1.2367242199587352,1.0,0.0,1.0,0.0,0.0,0.0,0.0,1.0,0,0,0,0,0,0,0,0,0,0,0,1,0
0.09765741309083585,0.3920903288424788,0.0,0.0,0.0,1.0,0.0,0.0,0.0,1.0,0,1,0,0,1,1,0,1,0,1,0,1,0
-1.3165318340505352,1.0436161483629645,0.0,0.0,1.0,0.0,1.0,1.0,0.0,0.0,1,0,1,1,0,0,0,0,0,0,0,1,0
0.9335413041743955,1.0436161483629645,1.0,1.0,0.0,0.0,0.0,0.0,1.0,0.0,1,1,1,0,0,1,0,0,1,1,0,1,0
0.8089065291619363,-0.30015585439803716,0.0,1.0,0.0,0.0,0.0,0.0,1.0,0.0,1,1,1,1,0,0,1,0,0,1,1,1,0
1.5467443972356951,1.5729808767233588,0.0,1.0,0.0,0.0,1.0,0.0,0.0,1.0,0,1,0,1,1,1,1,1,1,0,0,1,0
1.2343265612044643,0.18848851024232702,0.0,1.0,0.0,0.0,0.0,0.0,0.0,0.0,0,1,0,1,0,1,1,0,1,1,1,1,0
0.893658176170409,-0.748079855318371,0.0,1.0,0.0,0.0,0.0,0.0,1.0,0.0,1,0,1,1,0,0,0,1,1,1,1,1,0
0.8005975441611056,-1.1552834925186746,0.0,1.0,0.0,0.0,0.0,0.0,1.0,0.0,0,1,0,1,0,0,1,0,0,1,1,1,1
-0.1383177609327537,0.6364125111626608,0.0,0.0,0.0,1.0,0.0,0.0,0.0,0.0,1,0,0,1,1,0,0,1,0,1,0,1,0
-1.3115464430500368,-1.1960038562387048,0.0,0.0,0.0,0.0,0.0,0.0,1.0,0.0,0,0,0,0,0,0,0,0,0,0,1,0,1
0.02453834508352634,-0.9924020376385531,0.0,0.0,0.0,0.0,1.0,0.0,0.0,1.0,1,1,0,0,1,0,0,1,0,0,0,1,0
1.0199547481830342,-1.2774445836787656,1.0,1.0,0.0,0.0,0.0,0.0,1.0,0.0,0,1,0,1,0,0,0,0,1,1,1,1,0
-1.4893587220678117,1.4100994218432374,1.0,0.0,1.0,0.0,1.0,0.0,0.0,0.0,0,0,0,0,0,0,0,0,0,0,0,1,0
0.8753784091685812,-0.7888002190384014,1.0,1.0,0.0,0.0,0.0,0.0,1.0,0.0,0,1,0,0,0,0,0,0,1,1,1,1,0
-0.35268957395418365,0.5142514200025698,0.0,0.0,0.0,1.0,0.0,1.0,0.0,0.0,1,0,1,0,0,1,0,1,0,1,1,1,0
0.32698539911376057,0.6771328748826912,1.0,1.0,0.0,0.0,0.0,0.0,0.0,0.0,0,0,0,1,0,0,0,0,0,1,0,1,0
0.9917041991802098,0.7992939660427822,0.0,1.0,0.0,0.0,0.0,0.0,0.0,0.0,1,0,0,1,0,1,1,0,1,0,0,1,0
0.544680806135523,1.247217966963116,0.0,1.0,0.0,1.0,0.0,1.0,0.0,0.0,1,0,0,0,1,0,1,0,0,1,0,1,0
0.8072447321617703,1.4508197855632678,0.0,0.0,0.0,0.0,1.0,0.0,0.0,0.0,1,1,1,1,1,1,1,1,1,1,0,1,0
-0.5172074769706297,-0.055833672077855064,0.0,0.0,0.0,0.0,0.0,0.0,0.0,1.0,1,0,0,0,0,0,0,1,0,1,0,1,0
-1.505976692069473,1.2879383306831464,0.0,0.0,1.0,0.0,1.0,1.0,0.0,0.0,1,0,0,0,0,0,0,0,0,0,0,1,0
1.3140928172124378,1.2064976032430856,0.0,1.0,0.0,1.0,0.0,0.0,1.0,0.0,1,1,0,0,1,0,1,1,1,1,0,1,0
0.16412929309748078,-1.2774445836787656,0.0,1.0,0.0,0.0,0.0,0.0,0.0,0.0,0,0,0,0,0,0,0,0,0,0,1,1,0
0.8222009051632655,-1.0738427650786138,0.0,1.0,0.0,0.0,0.0,0.0,1.0,0.0,0,1,0,0,0,0,0,0,1,1,1,1,0
0.7075369121518029,-0.46303730927815856,0.0,1.0,0.0,0.0,0.0,0.0,1.0,0.0,1,0,0,0,0,0,0,1,1,1,0,1,0
-1.3148700370503688,1.6137012404433893,0.0,0.0,1.0,0.0,1.0,0.0,0.0,0.0,1,0,1,1,0,0,0,0,0,0,0,1,0
-0.9841724340173105,-0.015113308357824713,0.0,0.0,0.0,0.0,0.0,0.0,1.0,0.0,1,0,1,0,1,1,0,0,0,1,0,0,0
1.1595456961969886,1.5729808767233588,0.0,1.0,0.0,1.0,0.0,1.0,0.0,0.0,0,0,0,1,1,1,0,1,1,1,0,1,1
1.3489905542159264,0.06632741908223598,0.0,1.0,0.0,0.0,0.0,0.0,0.0,0.0,0,1,1,0,1,1,1,0,1,1,0,1,0
-0.9841724340173105,-1.1960038562387048,1.0,0.0,0.0,0.0,0.0,0.0,1.0,0.0,1,1,0,0,0,0,0,0,0,1,1,0,0
0.29873485011093664,-0.8295205827584317,1.0,1.0,0.0,0.0,0.0,1.0,0.0,0.0,0,0,1,1,0,0,0,0,0,1,1,1,0
1.2160467942026365,-0.9924020376385531,0.0,1.0,0.0,0.0,0.0,0.0,1.0,0.0,0,1,0,1,0,0,1,0,1,0,1,1,1
-1.3447823830533592,0.10704778280226633,0.0,0.0,1.0,0.0,1.0,0.0,0.0,0.0,1,0,1,1,0,0,0,0,0,0,0,1,0
0.5297246331340278,-1.1960038562387048,0.0,1.0,0.0,0.0,0.0,0.0,1.0,0.0,1,0,1,0,0,0,0,0,1,1,0,1,0
0.8338334841644282,-1.1960038562387048,1.0,1.0,0.0,0.0,0.0,0.0,0.0,1.0,0,0,0,0,0,0,1,1,1,1,0,1,0
-0.12169979093109246,0.8400143297628127,1.0,0.0,0.0,1.0,0.0,0.0,1.0,0.0,0,1,0,0,0,0,1,0,0,1,0,1,0
-1.1869116680375775,-1.1552834925186746,0.0,0.0,0.0,0.0,0.0,0.0,1.0,0.0,1,0,0,0,1,0,0,0,0,1,0,0,0
1.1612074931971548,0.6364125111626608,0.0,1.0,0.0,1.0,0.0,0.0,0.0,0.0,1,1,1,0,1,0,1,0,1,1,0,1,0
-0.29452667894836937,-1.0738427650786138,0.0,0.0,0.0,0.0,0.0,1.0,0.0,0.0,1,0,1,0,1,1,0,0,0,0,1,1,0
1.3672703212177542,-1.1960038562387048,1.0,1.0,0.0,0.0,0.0,0.0,1.0,0.0,1,1,0,1,0,1,1,0,1,1,1,1,1
-0.6235624849812617,0.880734693482843,1.0,0.0,0.0,0.0,1.0,1.0,0.0,0.0,1,1,1,0,0,0,1,1,0,0,0,0,0
-0.6916961619880726,-1.2774445836787656,0.0,0.0,0.0,0.0,0.0,0.0,0.0,1.0,0,0,0,0,0,0,0,0,0,0,1,1,0
0.5197538511330312,1.2064976032430856,1.0,0.0,0.0,0.0,0.0,0.0,0.0,0.0,0,1,0,0,0,1,1,1,1,1,0,1,0
1.1728400721983174,-0.4223169455581282,1.0,1.0,0.0,1.0,0.0,0.0,0.0,1.0,1,1,1,0,0,1,1,0,1,1,0,1,0
-0.6534748309842519,-1.2774445836787656,1.0,0.0,0.0,0.0,0.0,0.0,0.0,0.0,0,0,0,0,0,0,0,0,0,1,1,1,0
0.9717626351782166,0.758573602322752,1.0,1.0,0.0,1.0,0.0,0.0,0.0,0.0,0,1,0,0,0,0,1,0,1,1,0,1,1
0.13920233809498894,-0.0965540357978854,0.0,0.0,0.0,1.0,0.0,1.0,0.0,0.0,0,0,0,1,0,1,1,0,1,1,0,1,0
0.1225843680933277,0.9621754209229036,0.0,0.0,0.0,1.0,0.0,1.0,0.0,0.0,1,0,0,1,1,1,1,1,0,1,0,1,1
0.14086413509515497,0.10704778280226633,1.0,0.0,0.0,1.0,0.0,0.0,1.0,0.0,1,0,0,1,0,1,0,1,1,1,0,1,0
-0.6950197559884049,1.2879383306831464,0.0,0.0,0.0,0.0,0.0,0.0,1.0,0.0,0,0,0,0,0,1,0,1,1,1,0,0,1
-0.6734163949862454,-0.0965540357978854,1.0,0.0,0.0,0.0,0.0,0.0,1.0,0.0,0,1,1,0,0,0,0,0,1,1,0,0,0
-1.5309036470719648,-0.30015585439803716,0.0,0.0,1.0,0.0,1.0,0.0,0.0,1.0,1,0,1,0,0,0,0,0,0,1,0,1,0
0.18240906009930805,0.35136996512244845,0.0,1.0,0.0,0.0,0.0,0.0,0.0,0.0,0,0,0,0,0,0,0,0,0,0,1,1,0
-0.31280644595019663,-0.9516816739185228,1.0,0.0,0.0,0.0,0.0,0.0,1.0,0.0,0,0,1,0,0,0,0,0,1,0,1,1,0
-0.3726311379561772,-1.2774445836787656,0.0,0.0,0.0,0.0,0.0,0.0,0.0,1.0,1,0,0,0,1,1,0,0,0,1,0,1,0
1.656422999246659,1.5322605130033284,1.0,1.0,0.0,0.0,1.0,0.0,1.0,0.0,0,1,1,1,1,1,1,1,1,1,0,1,0
-1.4843733310673135,1.002895784642934,0.0,0.0,1.0,0.0,1.0,0.0,0.0,0.0,1,0,1,0,0,0,0,0,0,1,0,1,0
0.6892571451499756,-0.9516816739185228,1.0,1.0,0.0,0.0,0.0,0.0,1.0,0.0,0,0,0,1,0,0,0,0,1,1,0,1,0
1.461992750227223,1.4915401492832983,0.0,1.0,0.0,1.0,0.0,0.0,0.0,0.0,1,1,1,1,0,1,1,1,1,1,0,1,0
1.2708860952081187,0.43281069256250915,1.0,1.0,0.0,0.0,0.0,0.0,1.0,0.0,1,1,0,1,0,1,1,0,1,1,1,1,1
1.099721004191008,1.6137012404433893,0.0,1.0,0.0,0.0,1.0,0.0,1.0,0.0,1,1,0,1,0,0,1,0,1,1,0,1,0
-1.502653098069141,0.47353105628253944,1.0,0.0,1.0,0.0,1.0,0.0,0.0,0.0,0,0,1,0,0,0,0,0,0,0,0,1,0
0.641065032145158,1.6137012404433893,0.0,1.0,0.0,0.0,1.0,0.0,0.0,0.0,1,0,0,1,1,1,0,0,0,1,0,1,0
1.2958130502106107,0.025607055362205634,0.0,1.0,0.0,1.0,0.0,0.0,1.0,0.0,1,1,0,0,1,0,1,1,1,1,1,1,0
0.8188773111629334,0.880734693482843,1.0,1.0,0.0,0.0,0.0,1.0,0.0,0.0,0,1,0,1,0,0,1,0,0,0,0,1,0
-1.4976677070686424,-0.21871512695797646,1.0,0.0,1.0,0.0,1.0,1.0,0.0,0.0,0,0,1,0,0,0,0,0,0,0,0,1,0
0.5014740841312035,0.880734693482843,1.0,1.0,0.0,0.0,0.0,0.0,0.0,0.0,0,0,0,1,0,1,0,0,0,1,0,1,0
0.32200000811326246,-1.1960038562387048,1.0,1.0,0.0,0.0,0.0,1.0,0.0,0.0,0,0,0,0,0,1,0,0,0,0,0,1,0
0.31036742911209936,0.8400143297628127,0.0,0.0,0.0,1.0,0.0,0.0,0.0,0.0,1,1,0,1,1,1,1,0,0,0,0,1,0
0.15249671409631763,-1.2774445836787656,1.0,1.0,0.0,0.0,0.0,0.0,1.0,0.0,0,0,0,0,0,0,0,0,0,1,1,1,0
-1.5275800530716328,-0.7073594915983407,1.0,0.0,1.0,1.0,0.0,0.0,0.0,1.0,1,0,0,0,0,0,0,0,0,0,0,1,0
0.3020584441112687,0.9621754209229036,0.0,1.0,0.0,0.0,0.0,0.0,1.0,0.0,0,0,0,0,0,1,0,0,0,1,1,1,0
-0.012021188920128179,-1.1145631287986442,1.0,0.0,0.0,0.0,0.0,1.0,0.0,0.0,1,0,1,1,1,1,0,1,0,0,0,1,0
-0.29785027294870164,0.6364125111626608,1.0,0.0,0.0,1.0,0.0,1.0,0.0,0.0,1,0,1,0,0,1,1,0,0,1,0,1,0
-1.4860351280674797,-0.30015585439803716,0.0,0.0,1.0,0.0,0.0,1.0,0.0,0.0,0,0,1,0,0,0,0,0,0,0,0,1,0
0.34526516611558833,-1.1960038562387048,0.0,1.0,0.0,0.0,0.0,1.0,0.0,0.0,1,0,0,1,0,0,0,0,0,1,1,1,0
1.1429277261953275,1.0436161483629645,1.0,1.0,0.0,1.0,0.0,0.0,0.0,0.0,0,1,0,0,1,1,0,0,1,0,0,1,0
-0.2662761299455452,-0.9109613101984924,1.0,0.0,0.0,0.0,0.0,0.0,0.0,0.0,0,1,0,0,0,0,0,0,0,1,0,1,0
0.16080569909714826,-1.2774445836787656,1.0,1.0,0.0,0.0,0.0,0.0,1.0,0.0,0,0,0,0,0,0,0,0,0,1,1,1,0
1.3091074262119398,1.5729808767233588,1.0,1.0,0.0,0.0,1.0,1.0,0.0,0.0,1,1,0,1,0,1,0,1,1,1,0,1,0
1.5301264272340338,1.3286586944031769,0.0,1.0,0.0,0.0,1.0,1.0,0.0,0.0,1,1,1,1,0,1,1,1,1,1,0,1,0
0.5114448661322006,-1.1145631287986442,1.0,1.0,0.0,0.0,0.0,0.0,1.0,0.0,1,0,1,1,0,1,0,0,0,1,1,1,0
-0.9642308700153169,-0.1779947632379461,0.0,0.0,0.0,0.0,0.0,0.0,0.0,1.0,0,0,0,0,0,0,1,1,0,1,0,0,0
0.17077648109814536,1.4100994218432374,0.0,0.0,0.0,0.0,1.0,0.0,0.0,0.0,1,1,1,1,0,0,1,1,0,1,0,1,0
0.8122301231622688,0.10704778280226633,1.0,1.0,0.0,1.0,0.0,0.0,1.0,0.0,0,1,0,0,1,0,0,1,0,1,0,1,0
-0.3028356639492,1.6137012404433893,0.0,0.0,0.0,0.0,1.0,1.0,0.0,0.0,1,1,1,0,1,1,1,1,0,0,0,0,0
-0.467353566965646,1.1657772395230555,0.0,0.0,0.0,1.0,0.0,0.0,0.0,0.0,1,1,1,0,1,1,0,1,0,1,0,0,0
-1.4876969250676457,1.4508197855632678,1.0,0.0,1.0,0.0,1.0,1.0,0.0,0.0,0,0,0,0,0,0,0,0,0,1,0,1,1
-1.1387195550327598,-1.2774445836787656,0.0,0.0,0.0,0.0,0.0,0.0,0.0,0.0,1,0,1,0,1,0,0,0,0,0,1,0,0
-1.517609271070636,-1.1960038562387048,1.0,0.0,1.0,0.0,0.0,0.0,0.0,1.0,0,0,0,0,0,0,0,0,0,1,0,1,0
1.114677177192503,1.5322605130033284,1.0,1.0,0.0,0.0,1.0,0.0,0.0,0.0,1,1,1,1,0,1,0,0,1,0,1,1,0
-0.6385186579827569,0.6364125111626608,0.0,0.0,0.0,0.0,0.0,1.0,0.0,0.0,0,1,1,0,0,1,1,0,0,0,0,0,0
1.2060760122016398,1.4508197855632678,1.0,1.0,0.0,1.0,0.0,1.0,0.0,0.0,1,1,1,1,0,1,0,0,1,1,0,1,0
1.2941512532104444,0.5956921474426305,0.0,1.0,0.0,1.0,0.0,0.0,1.0,0.0,0,1,0,0,1,0,1,1,1,1,0,1,0
-0.9476129000136557,-0.015113308357824713,1.0,0.0,0.0,1.0,0.0,0.0,0.0,1.0,1,0,1,0,0,0,1,1,0,1,0,0,0
-0.5105602889699654,-1.1145631287986442,0.0,0.0,0.0,0.0,0.0,0.0,0.0,1.0,1,0,1,0,1,0,0,0,0,1,0,1,0
-1.491020519067978,0.6771328748826912,1.0,0.0,1.0,0.0,1.0,1.0,0.0,0.0,0,0,0,0,0,0,0,0,0,1,0,1,0
1.4171242312227377,0.6364125111626608,0.0,1.0,0.0,0.0,0.0,0.0,0.0,0.0,0,1,0,1,0,1,1,0,1,1,1,1,0
0.572931355138347,-0.7888002190384014,0.0,1.0,0.0,0.0,0.0,0.0,1.0,0.0,0,1,0,1,0,0,0,0,0,1,1,1,1
-1.4943441130683104,-0.7073594915983407,1.0,0.0,1.0,0.0,0.0,0.0,0.0,1.0,0,0,0,0,0,0,0,0,0,1,0,1,0
-0.6551366279844181,-0.8295205827584317,0.0,0.0,0.0,0.0,0.0,0.0,1.0,0.0,0,0,0,0,0,0,0,0,0,1,0,1,0
-0.007035797919630092,1.4100994218432374,1.0,0.0,0.0,0.0,1.0,0.0,0.0,0.0,0,0,0,1,1,1,0,1,0,1,0,1,1
0.7141841001524675,-0.9516816739185228,1.0,1.0,0.0,0.0,0.0,0.0,1.0,0.0,0,0,0,0,0,0,0,1,1,0,0,1,0
-1.4960059100684764,-0.7888002190384014,0.0,0.0,1.0,0.0,1.0,0.0,0.0,0.0,1,0,1,0,0,0,0,0,0,1,0,1,0
0.8089065291619363,0.22920887396235737,0.0,1.0,0.0,1.0,0.0,0.0,0.0,1.0,0,1,0,0,0,0,0,0,1,1,0,1,0
1.0232783421833662,0.3920903288424788,0.0,1.0,0.0,0.0,0.0,0.0,1.0,0.0,1,0,0,1,0,1,1,0,1,1,0,1,1
0.35357415111641893,-0.3408762181180675,0.0,1.0,0.0,0.0,0.0,1.0,0.0,0.0,1,0,0,1,0,0,0,0,0,1,1,1,0
1.2127232002023045,-0.21871512695797646,0.0,1.0,0.0,0.0,0.0,0.0,1.0,0.0,1,1,0,0,1,0,1,0,1,1,1,1,1
1.2575917192067896,-0.9516816739185228,1.0,1.0,0.0,0.0,0.0,1.0,0.0,0.0,1,1,1,1,0,1,1,0,1,1,0,1,0
-0.28123230294704044,0.6771328748826912,0.0,0.0,0.0,1.0,0.0,1.0,0.0,0.0,1,1,0,0,0,1,0,1,1,1,0,0,0
0.9784098231788811,1.1657772395230555,0.0,1.0,0.0,0.0,0.0,1.0,0.0,0.0,1,0,0,1,1,1,1,1,0,1,0,1,1
-0.721608507991063,0.7178532386027215,1.0,0.0,0.0,1.0,0.0,0.0,0.0,0.0,0,0,1,0,1,1,0,0,1,1,0,0,0
0.8222009051632655,-0.30015585439803716,1.0,1.0,0.0,0.0,0.0,0.0,1.0,0.0,0,0,0,1,0,1,0,0,1,1,1,1,1
0.32033821111309646,-0.4223169455581282,0.0,1.0,0.0,0.0,0.0,0.0,0.0,0.0,0,0,0,1,0,0,0,0,0,1,1,1,1
-1.4710789550659844,-1.2774445836787656,1.0,0.0,1.0,0.0,0.0,0.0,0.0,1.0,0,0,0,0,0,0,0,0,0,0,1,1,0
0.31867641411292996,-1.1552834925186746,1.0,1.0,0.0,0.0,0.0,0.0,1.0,0.0,0,0,0,1,0,0,0,0,0,1,1,1,0
1.1628692901973208,-0.5851984004382496,0.0,1.0,0.0,0.0,0.0,0.0,0.0,0.0,1,1,0,1,0,0,0,1,1,0,1,1,1
1.5683477582378549,0.9621754209229036,0.0,1.0,0.0,1.0,0.0,0.0,1.0,0.0,0,1,0,1,0,1,1,1,1,1,1,1,1
0.9717626351782166,0.8400143297628127,0.0,1.0,0.0,1.0,0.0,0.0,1.0,0.0,1,0,0,0,0,1,1,1,1,1,0,1,1
1.1329569441943304,0.758573602322752,0.0,1.0,0.0,1.0,0.0,0.0,1.0,0.0,1,1,0,1,0,0,1,0,1,1,0,1,0
-0.013682985920294679,-0.3408762181180675,0.0,0.0,0.0,0.0,1.0,0.0,1.0,0.0,1,0,1,1,1,1,1,0,0,0,0,1,0
0.24057195510512236,1.2064976032430856,0.0,0.0,0.0,0.0,1.0,1.0,0.0,0.0,1,0,0,0,1,1,1,0,1,1,0,1,0
-0.5005895069689685,-0.3408762181180675,1.0,0.0,0.0,0.0,0.0,0.0,0.0,1.0,0,0,0,0,0,1,0,0,0,1,0,1,0
0.5297246331340278,1.5322605130033284,0.0,0.0,0.0,0.0,1.0,0.0,1.0,0.0,1,0,1,1,1,1,1,1,1,0,0,1,0
-1.3481059770536914,-1.2774445836787656,1.0,0.0,0.0,0.0,0.0,0.0,0.0,1.0,0,0,1,0,0,0,0,0,0,0,0,0,0
-0.8562140650045189,-0.6666391278783103,1.0,0.0,0.0,0.0,0.0,0.0,0.0,1.0,0,0,0,0,0,1,0,0,1,1,1,0,1
0.022876548083360315,-0.9924020376385531,0.0,0.0,0.0,0.0,0.0,0.0,1.0,0.0,0,0,0,0,0,1,0,1,1,1,0,1,0
0.31867641411292996,1.6137012404433893,0.0,0.0,0.0,0.0,1.0,0.0,1.0,0.0,1,1,1,0,1,1,1,1,0,1,0,1,0
0.612814483142334,-0.38159658183809786,0.0,1.0,0.0,0.0,0.0,0.0,0.0,0.0,0,0,0,0,0,1,1,1,0,0,0,1,0
-1.3215172250510334,-0.055833672077855064,1.0,0.0,0.0,0.0,0.0,1.0,0.0,0.0,0,0,1,0,0,0,0,0,0,0,0,0,0
-0.8163309370005319,0.18848851024232702,1.0,0.0,0.0,1.0,0.0,0.0,1.0,0.0,1,0,1,0,1,0,1,1,0,1,0,0,0
0.9750862291785486,-0.0965540357978854,0.0,1.0,0.0,0.0,0.0,1.0,0.0,0.0,1,0,0,1,0,1,0,1,1,1,1,1,0
1.4486983742258936,0.10704778280226633,0.0,1.0,0.0,1.0,0.0,0.0,1.0,0.0,0,1,0,1,1,1,1,0,1,1,0,1,1
0.1574821050968162,-0.38159658183809786,0.0,0.0,0.0,0.0,0.0,1.0,0.0,0.0,1,0,1,1,0,1,0,1,1,1,0,1,0
0.3735157151184122,-0.5037576729981889,0.0,0.0,0.0,1.0,0.0,0.0,0.0,0.0,1,1,1,1,1,0,0,0,1,0,0,1,0
0.9584682591768874,0.14776814652229667,1.0,1.0,0.0,0.0,0.0,0.0,1.0,0.0,1,1,0,0,1,0,0,0,1,1,0,1,0
1.0266019361836989,-0.9924020376385531,0.0,1.0,0.0,0.0,0.0,0.0,0.0,0.0,0,1,0,1,0,0,0,0,1,0,1,1,0
1.1894580421999785,1.5729808767233588,1.0,1.0,0.0,1.0,0.0,0.0,0.0,0.0,1,1,1,1,0,1,0,0,1,0,0,1,0
0.7740087921584478,0.7178532386027215,0.0,1.0,0.0,0.0,0.0,0.0,1.0,0.0,1,0,0,1,0,1,0,0,1,1,1,1,1
-1.3397969920528607,0.43281069256250915,0.0,0.0,1.0,1.0,0.0,0.0,0.0,0.0,1,0,1,1,0,0,0,0,0,1,0,1,0
0.8238627021634315,1.002895784642934,1.0,0.0,0.0,0.0,1.0,0.0,0.0,1.0,0,1,1,1,1,1,1,1,1,0,0,1,0
0.05777428508684881,0.35136996512244845,0.0,0.0,0.0,1.0,0.0,0.0,0.0,0.0,1,1,1,0,0,1,0,1,0,1,1,1,0
0.37683930911874425,-0.21871512695797646,0.0,1.0,0.0,0.0,0.0,0.0,1.0,0.0,1,0,0,0,0,1,0,0,0,1,0,1,0
0.5230774451333633,-0.7888002190384014,0.0,1.0,0.0,0.0,0.0,0.0,1.0,0.0,0,1,0,0,0,0,0,0,0,1,0,1,0
-0.9742016520163136,-1.1960038562387048,1.0,0.0,0.0,0.0,0.0,0.0,0.0,1.0,0,0,0,0,1,1,0,0,0,1,1,0,0
-1.4694171580658184,1.4100994218432374,0.0,0.0,1.0,1.0,0.0,0.0,1.0,0.0,0,0,0,0,0,0,0,0,0,0,0,1,0
-0.49394231896830415,-1.1960038562387048,1.0,0.0,0.0,0.0,0.0,0.0,0.0,1.0,0,0,0,0,0,1,0,0,0,1,1,1,0
1.3506523512160928,1.2879383306831464,0.0,1.0,0.0,0.0,1.0,0.0,0.0,0.0,1,1,0,1,0,1,0,1,1,1,0,1,0
-0.9642308700153169,-0.2594354906780068,1.0,0.0,0.0,0.0,0.0,0.0,1.0,0.0,0,0,0,0,0,0,1,1,0,0,0,0,0
1.0083221691818711,0.22920887396235737,1.0,1.0,0.0,0.0,0.0,1.0,0.0,0.0,0,1,0,1,0,1,1,0,0,1,0,1,0
-1.5109620830699715,-0.38159658183809786,1.0,0.0,1.0,1.0,0.0,1.0,0.0,0.0,1,0,0,0,0,0,0,0,0,0,0,1,0
1.3207400052131024,0.3106496014024181,1.0,1.0,0.0,0.0,0.0,1.0,0.0,0.0,0,1,0,1,0,1,1,0,1,1,1,1,0
-0.055227910924447524,1.6137012404433893,1.0,0.0,0.0,0.0,1.0,0.0,0.0,0.0,1,1,0,0,1,1,1,1,1,1,0,0,1
0.3419415721152558,-1.1960038562387048,0.0,1.0,0.0,0.0,0.0,1.0,0.0,0.0,0,0,0,1,0,0,0,0,0,1,1,1,1
0.5396954151350245,-0.38159658183809786,1.0,1.0,0.0,0.0,0.0,0.0,1.0,0.0,0,0,0,1,0,0,1,0,0,1,1,1,0
0.32200000811326246,-1.2774445836787656,0.0,1.0,0.0,0.0,0.0,0.0,1.0,0.0,1,0,0,1,0,0,0,0,0,1,1,1,1
-0.14496494893341827,-1.1552834925186746,0.0,0.0,0.0,0.0,0.0,0.0,0.0,1.0,0,0,0,0,1,1,0,1,0,1,1,1,0
0.6709773781481484,1.2064976032430856,0.0,0.0,0.0,0.0,1.0,0.0,1.0,0.0,1,1,0,1,1,1,0,1,1,1,0,1,0
0.9518210711762233,0.3106496014024181,0.0,1.0,0.0,0.0,0.0,0.0,0.0,0.0,0,0,0,1,0,1,1,0,1,1,0,1,0
0.8122301231622688,0.35136996512244845,1.0,1.0,0.0,0.0,0.0,0.0,1.0,0.0,0,0,0,1,0,1,0,0,1,1,0,1,0
0.6792863631489789,0.06632741908223598,1.0,1.0,0.0,0.0,0.0,1.0,0.0,0.0,1,0,0,0,0,0,1,0,1,1,0,1,1
-0.4922805219681379,-1.2774445836787656,0.0,0.0,0.0,0.0,0.0,0.0,1.0,0.0,0,0,0,0,0,1,0,0,0,0,0,1,0
-1.4660935640654862,0.758573602322752,0.0,0.0,1.0,0.0,1.0,0.0,0.0,0.0,0,0,0,0,0,0,0,0,0,0,0,1,0
0.19570343610063723,-1.2774445836787656,1.0,1.0,0.0,0.0,0.0,0.0,0.0,1.0,1,0,1,0,0,0,0,0,0,1,1,1,0
-1.4827115340671475,0.26992923768238775,0.0,0.0,1.0,0.0,1.0,0.0,0.0,1.0,0,0,0,0,0,0,0,0,0,0,0,1,0
-1.5142856770703037,-0.8295205827584317,1.0,0.0,1.0,0.0,0.0,0.0,1.0,0.0,1,0,1,0,0,0,0,0,0,1,0,1,0
-0.16490651293541178,-0.8295205827584317,1.0,0.0,0.0,1.0,0.0,0.0,1.0,0.0,0,0,0,0,0,0,0,1,1,1,1,1,0
1.3356961782145975,1.6137012404433893,1.0,1.0,0.0,1.0,0.0,0.0,1.0,0.0,0,1,0,1,0,1,1,0,1,1,0,1,0
1.28750406520978,1.247217966963116,0.0,1.0,0.0,0.0,0.0,0.0,1.0,0.0,1,1,0,1,0,1,1,0,1,1,0,1,1
0.6659919871476498,0.47353105628253944,1.0,1.0,0.0,0.0,0.0,1.0,0.0,0.0,1,0,0,1,1,0,1,0,0,1,0,1,0
1.0066603721817051,-0.5851984004382496,0.0,1.0,0.0,0.0,0.0,0.0,0.0,0.0,0,1,0,1,0,0,1,1,0,1,0,1,0
-0.683387176987242,-0.9516816739185228,0.0,0.0,0.0,0.0,0.0,0.0,0.0,0.0,0,0,0,0,0,0,0,0,0,1,1,1,0
0.2854404741096075,-0.7888002190384014,1.0,0.0,0.0,0.0,0.0,0.0,0.0,1.0,0,1,0,0,0,1,0,1,1,0,0,1,0
-0.021991970921125294,1.4508197855632678,0.0,0.0,0.0,0.0,1.0,0.0,0.0,0.0,1,0,0,0,0,1,0,1,1,0,0,1,0
-0.6767399889865777,-1.0738427650786138,0.0,0.0,0.0,0.0,0.0,0.0,1.0,0.0,0,1,0,0,0,0,0,0,1,1,0,0,1
-1.4860351280674797,-1.2367242199587352,0.0,0.0,1.0,0.0,0.0,0.0,0.0,1.0,0,0,0,0,0,0,0,0,0,1,0,1,0
-0.1582593249347472,0.9214550572028734,1.0,0.0,0.0,1.0,0.0,1.0,0.0,0.0,1,0,0,1,1,1,0,0,0,0,0,1,1
0.3652067301175816,-1.2774445836787656,1.0,1.0,0.0,0.0,0.0,0.0,1.0,0.0,0,0,0,1,0,0,0,0,0,1,1,1,1
0.1574821050968162,0.22920887396235737,1.0,1.0,0.0,0.0,0.0,1.0,0.0,0.0,0,0,0,0,0,0,0,0,0,1,0,1,0
1.2692242982079527,1.4100994218432374,0.0,1.0,0.0,0.0,0.0,1.0,0.0,0.0,0,0,0,1,1,1,1,0,1,1,1,1,0
0.46325275312738295,-0.5444780367182193,1.0,1.0,0.0,0.0,0.0,0.0,0.0,0.0,0,0,0,0,0,0,0,0,1,1,0,1,0
-0.13665596393258767,-0.8295205827584317,0.0,0.0,0.0,1.0,0.0,0.0,1.0,0.0,0,1,0,0,0,1,1,1,1,0,0,0,0
-1.4494755940638249,1.6137012404433893,0.0,0.0,1.0,0.0,1.0,0.0,0.0,0.0,0,0,0,0,0,0,0,0,0,1,0,1,0
0.6659919871476498,-0.3408762181180675,1.0,0.0,0.0,1.0,0.0,0.0,0.0,1.0,1,1,1,1,1,0,1,1,1,1,0,1,0
1.2775332832087833,1.6137012404433893,0.0,1.0,0.0,1.0,0.0,1.0,0.0,0.0,1,1,1,1,0,1,1,0,1,1,0,1,0
-1.16863190103575,-0.8702409464784621,0.0,0.0,0.0,0.0,0.0,0.0,1.0,0.0,1,0,1,0,1,0,0,0,0,1,0,0,0
0.32033821111309646,-1.1552834925186746,1.0,1.0,0.0,0.0,0.0,0.0,0.0,1.0,1,0,0,1,0,0,0,0,0,1,1,1,1
1.3589613362169235,1.369379058123207,1.0,1.0,0.0,0.0,1.0,0.0,0.0,0.0,0,1,0,0,1,0,1,1,1,1,0,1,0
